2026-02-17T02:03:48,user385,/api/login,75,200
2026-02-17T14:19:53,user183,/api/dashboard,326,200
2026-02-17T20:32:36,user171,/api/products,259,502
2026-02-17T07:26:33,user244,/api/download,1530,404
2026-02-17T19:06:10,user257,/api/upload,1585,200
2026-02-17T23:12:13,user214,/api/reports,429,201
2026-02-17T23:37:35,user35,/api/search,1135,503
2026-02-17T19:13:20,user59,/api/logout,210,200
2026-02-17T01:19:21,user4,/api/search,1519,200
2026-02-17T01:14:14,user299,/api/settings,325,201
2026-02-17T22:41:13,user430,/api/products,283,502
2026-02-17T04:05:33,user201,/api/settings,453,200
2026-02-17T07:33:09,user245,/api/users,529,400
2026-02-17T00:03:15,user260,/api/profile,279,401
2026-02-17T20:28:30,user141,/api/orders,79,500
2026-02-17T07:09:26,user276,/api/dashboard,396,200
2026-02-17T21:31:51,user171,/api/logout,345,404
2026-02-17T15:06:48,user459,/api/products,202,301
2026-02-17T10:03:13,user403,/api/search,1372,404
2026-02-17T04:12:08,user26,/api/dashboard,177,403
2026-02-17T05:47:01,user424,/api/analytics,1003,200
2026-02-17T05:07:41,user131,/api/upload,2521,200
2026-02-17T01:19:20,user152,/api/dashboard,491,401
2026-02-17T12:20:50,user66,/api/login,80,400
2026-02-17T05:31:44,user435,/api/download,1808,401
2026-02-17T09:12:36,user430,/api/search,1246,200
2026-02-17T02:19:54,user286,/api/download,3245,404
2026-02-17T03:38:33,user367,/api/products,316,400
2026-02-17T05:23:13,user375,/api/reports,218,200
2026-02-17T20:29:37,user123,/api/logout,204,301
2026-02-17T06:13:08,user449,/api/settings,355,400
2026-02-17T11:23:43,user176,/api/payments,61,400
2026-02-17T09:53:16,user494,/api/settings,537,200
2026-02-17T01:58:27,user267,/api/reports,137,401
2026-02-17T17:30:06,user487,/api/payments,280,301
2026-02-17T09:01:11,user231,/api/notifications,243,403
2026-02-17T17:45:33,user96,/api/analytics,659,503
2026-02-17T19:38:09,user261,/api/logout,114,500
2026-02-17T17:47:39,user207,/api/analytics,1040,200
2026-02-17T07:50:39,user187,/api/logout,193,404
2026-02-17T19:59:12,user138,/api/notifications,416,403
2026-02-17T20:45:50,user441,/api/profile,169,401
2026-02-17T11:17:03,user76,/api/payments,543,500
2026-02-17T13:54:06,user461,/api/reports,463,503
2026-02-17T10:32:05,user439,/api/settings,224,400
2026-02-17T14:55:13,user106,/api/upload,887,403
2026-02-17T06:49:08,user19,/api/analytics,481,200
2026-02-17T06:08:53,user242,/api/search,736,200
2026-02-17T01:13:31,user387,/api/reports,344,200
2026-02-17T00:31:08,user343,/api/profile,509,200
2026-02-17T00:37:21,user457,/api/login,379,200
2026-02-17T20:07:52,user424,/api/dashboard,230,502
2026-02-17T16:24:05,user227,/api/payments,430,200
2026-02-17T21:58:21,user353,/api/logout,79,200
2026-02-17T05:28:42,user493,/api/orders,495,301
2026-02-17T23:32:25,user16,/api/download,2932,200
2026-02-17T08:29:55,user377,/api/orders,96,401
2026-02-17T04:13:37,user348,/api/users,528,503
2026-02-17T16:41:30,user43,/api/notifications,481,201
2026-02-17T00:28:54,user109,/api/dashboard,163,502
2026-02-17T01:48:53,user96,/api/analytics,975,503
2026-02-17T00:54:33,user155,/api/settings,261,404
2026-02-17T10:39:59,user42,/api/analytics,1300,200
2026-02-17T14:51:05,user395,/api/profile,202,400
2026-02-17T09:42:30,user179,/api/notifications,368,201
2026-02-17T19:04:01,user139,/api/notifications,331,403
2026-02-17T15:39:48,user498,/api/profile,224,201
2026-02-17T18:44:37,user58,/api/download,1306,502
2026-02-17T00:45:45,user27,/api/dashboard,148,400
2026-02-17T20:30:27,user287,/api/reports,266,503
2026-02-17T06:47:34,user205,/api/products,271,404
2026-02-17T12:16:03,user174,/api/logout,441,403
2026-02-17T14:30:18,user496,/api/analytics,1374,200
2026-02-17T01:34:34,user222,/api/dashboard,235,400
2026-02-17T00:55:48,user335,/api/upload,551,201
2026-02-17T02:47:18,user339,/api/orders,214,200
2026-02-17T22:10:46,user66,/api/login,325,500
2026-02-17T03:40:01,user110,/api/analytics,1510,200
2026-02-17T18:07:08,user326,/api/users,530,403
2026-02-17T16:38:32,user315,/api/search,591,400
2026-02-17T12:09:31,user49,/api/search,853,200
2026-02-17T21:57:32,user65,/api/orders,65,500
2026-02-17T20:49:14,user283,/api/users,404,200
2026-02-17T02:30:11,user295,/api/analytics,656,500
2026-02-17T10:43:37,user146,/api/upload,943,200
2026-02-17T08:02:33,user283,/api/reports,496,400
2026-02-17T03:53:25,user436,/api/login,228,502
2026-02-17T18:26:29,user4,/api/analytics,573,403
2026-02-17T09:28:13,user376,/api/settings,178,200
2026-02-17T22:37:47,user54,/api/login,191,403
2026-02-17T03:58:39,user423,/api/profile,493,502
2026-02-17T07:59:48,user447,/api/analytics,1390,200
2026-02-17T11:07:53,user460,/api/profile,128,200
2026-02-17T00:50:56,user319,/api/dashboard,134,200
2026-02-17T13:55:19,user307,/api/notifications,279,404
2026-02-17T11:30:49,user188,/api/notifications,205,200
2026-02-17T14:23:31,user233,/api/products,78,200
2026-02-17T07:28:01,user390,/api/settings,236,201
2026-02-17T16:40:01,user86,/api/profile,81,200
2026-02-17T00:44:04,user57,/api/users,163,200
2026-02-17T11:47:52,user68,/api/settings,538,400
2026-02-17T12:36:16,user360,/api/users,99,500
2026-02-17T03:24:51,user51,/api/payments,331,500
2026-02-17T07:42:49,user346,/api/profile,58,200
2026-02-17T20:24:04,user56,/api/logout,318,502
2026-02-17T04:12:13,user129,/api/users,187,404
2026-02-17T00:40:19,user183,/api/products,299,200
2026-02-17T21:56:14,user157,/api/logout,253,503
2026-02-17T21:17:19,user138,/api/settings,149,301
2026-02-17T03:33:10,user365,/api/logout,389,200
2026-02-17T20:01:10,user256,/api/orders,67,400
2026-02-17T12:07:09,user186,/api/logout,399,401
2026-02-17T18:11:59,user100,/api/upload,1669,200
2026-02-17T18:42:22,user244,/api/analytics,1567,401
2026-02-17T18:06:45,user272,/api/reports,156,403
2026-02-17T10:11:32,user317,/api/users,210,403
2026-02-17T15:14:06,user156,/api/search,515,200
2026-02-17T08:17:53,user2,/api/users,105,503
2026-02-17T07:41:28,user372,/api/search,348,301
2026-02-17T01:19:28,user242,/api/upload,1101,201
2026-02-17T12:52:11,user436,/api/login,378,502
2026-02-17T11:04:02,user409,/api/upload,2052,401
2026-02-17T07:25:51,user493,/api/settings,213,403
2026-02-17T19:16:24,user147,/api/notifications,400,200
2026-02-17T07:17:00,user30,/api/reports,456,401
2026-02-17T18:17:17,user227,/api/analytics,203,200
2026-02-17T21:42:38,user204,/api/logout,135,200
2026-02-17T08:42:52,user450,/api/products,442,200
2026-02-17T12:28:58,user122,/api/search,804,201
2026-02-17T09:42:41,user56,/api/settings,383,201
2026-02-17T09:56:17,user192,/api/orders,380,404
2026-02-17T06:29:03,user344,/api/search,241,201
2026-02-17T16:30:25,user27,/api/profile,300,502
2026-02-17T16:56:58,user20,/api/users,451,500
2026-02-17T20:21:28,user173,/api/upload,3420,502
2026-02-17T20:45:24,user61,/api/reports,160,200
2026-02-17T19:33:29,user383,/api/orders,488,200
2026-02-17T23:47:04,user83,/api/users,344,503
2026-02-17T23:35:12,user291,/api/analytics,705,200
2026-02-17T20:29:01,user430,/api/download,1315,200
2026-02-17T20:28:42,user65,/api/logout,324,200
2026-02-17T01:08:28,user321,/api/orders,254,200
2026-02-17T17:51:21,user43,/api/orders,458,200
2026-02-17T04:32:58,user161,/api/payments,86,400
2026-02-17T23:34:48,user106,/api/logout,214,502
2026-02-17T20:36:06,user357,/api/reports,258,503
2026-02-17T06:36:58,user282,/api/orders,209,500
2026-02-17T08:39:12,user249,/api/download,3056,404
2026-02-17T18:20:06,user398,/api/profile,252,200
2026-02-17T19:44:21,user470,/api/notifications,315,502
2026-02-17T20:39:37,user5,/api/upload,1100,200
2026-02-17T07:15:23,user65,/api/products,494,200
2026-02-17T14:00:05,user181,/api/upload,1747,200
2026-02-17T16:54:32,user221,/api/analytics,715,403
2026-02-17T08:11:24,user70,/api/users,375,200
2026-02-17T23:12:09,user452,/api/dashboard,227,200
2026-02-17T16:20:18,user238,/api/dashboard,368,502
2026-02-17T01:34:11,user490,/api/search,1126,200
2026-02-17T22:14:49,user350,/api/orders,308,200
2026-02-17T23:19:06,user488,/api/login,498,200
2026-02-17T23:09:08,user167,/api/profile,488,400
2026-02-17T22:23:09,user490,/api/search,1356,200
2026-02-17T23:36:52,user27,/api/download,2971,401
2026-02-17T16:36:50,user304,/api/notifications,309,201
2026-02-17T09:34:36,user46,/api/analytics,843,403
2026-02-17T19:13:59,user255,/api/dashboard,321,201
2026-02-17T12:44:15,user321,/api/upload,2143,200
2026-02-17T07:48:02,user204,/api/settings,351,200
2026-02-17T15:20:03,user420,/api/products,220,201
2026-02-17T08:24:15,user299,/api/products,248,200
2026-02-17T09:04:15,user247,/api/upload,3273,200
2026-02-17T18:38:07,user238,/api/download,3395,502
2026-02-17T07:43:06,user137,/api/download,2715,200
2026-02-17T19:03:07,user115,/api/download,2299,401
2026-02-17T20:32:19,user305,/api/reports,252,500
2026-02-17T05:33:12,user106,/api/download,579,200
2026-02-17T08:30:50,user481,/api/payments,130,301
2026-02-17T07:38:58,user383,/api/search,1351,502
2026-02-17T04:32:11,user302,/api/analytics,279,301
2026-02-17T17:39:58,user468,/api/notifications,136,200
2026-02-17T00:29:42,user427,/api/products,127,400
2026-02-17T03:38:53,user243,/api/search,686,301
2026-02-17T06:00:50,user324,/api/users,367,401
2026-02-17T01:32:43,user383,/api/users,160,503
2026-02-17T18:17:50,user171,/api/dashboard,196,201
2026-02-17T09:40:27,user489,/api/search,674,403
2026-02-17T18:10:17,user141,/api/settings,172,401
2026-02-17T09:57:08,user170,/api/login,544,404
2026-02-17T11:10:30,user125,/api/payments,117,500
2026-02-17T17:38:11,user390,/api/products,486,200
2026-02-17T19:08:19,user175,/api/products,510,503
2026-02-17T04:34:55,user71,/api/upload,1497,200
2026-02-17T04:53:09,user400,/api/settings,125,500
2026-02-17T17:14:58,user216,/api/notifications,547,500
2026-02-17T21:19:06,user424,/api/login,80,403
2026-02-17T18:31:50,user44,/api/profile,284,404
2026-02-17T03:31:21,user28,/api/analytics,1061,200
2026-02-17T03:16:18,user93,/api/logout,357,500
2026-02-17T00:39:33,user24,/api/dashboard,288,400
2026-02-17T19:28:10,user98,/api/login,319,200
2026-02-17T10:42:26,user121,/api/payments,120,201
2026-02-17T11:29:29,user50,/api/analytics,231,502
2026-02-17T10:44:21,user369,/api/logout,496,401
2026-02-17T19:55:25,user461,/api/profile,538,200
2026-02-17T01:06:31,user222,/api/payments,305,200
2026-02-17T12:59:07,user51,/api/orders,142,400
2026-02-17T02:10:10,user241,/api/login,260,401
2026-02-17T02:09:03,user10,/api/notifications,107,200
2026-02-17T16:13:16,user315,/api/notifications,334,502
2026-02-17T22:09:08,user191,/api/orders,511,404
2026-02-17T00:17:22,user299,/api/settings,265,503
2026-02-17T15:57:27,user241,/api/products,287,200
2026-02-17T13:57:39,user211,/api/orders,301,200
2026-02-17T13:41:14,user169,/api/profile,354,401
2026-02-17T02:37:36,user383,/api/notifications,282,502
2026-02-17T02:17:42,user66,/api/reports,469,401
2026-02-17T20:07:42,user5,/api/dashboard,406,201
2026-02-17T09:53:51,user169,/api/profile,250,503
2026-02-17T09:18:47,user84,/api/payments,108,200
2026-02-17T04:57:32,user50,/api/profile,136,301
2026-02-17T04:34:58,user282,/api/login,459,200
2026-02-17T21:05:54,user86,/api/products,400,301
2026-02-17T01:04:10,user157,/api/products,383,502
2026-02-17T21:18:35,user479,/api/users,306,500
2026-02-17T06:12:11,user416,/api/notifications,115,201
2026-02-17T06:23:28,user441,/api/logout,294,301
2026-02-17T06:49:32,user27,/api/payments,384,503
2026-02-17T16:19:42,user445,/api/reports,101,502
2026-02-17T18:33:20,user66,/api/download,629,404
2026-02-17T03:57:27,user299,/api/notifications,492,502
2026-02-17T20:31:02,user311,/api/search,788,403
2026-02-17T05:40:55,user288,/api/logout,376,403
2026-02-17T10:22:47,user413,/api/download,1668,200
2026-02-17T19:41:51,user439,/api/dashboard,464,500
2026-02-17T22:22:13,user131,/api/reports,402,401
2026-02-17T11:36:38,user300,/api/profile,412,503
2026-02-17T16:46:37,user395,/api/orders,92,403
2026-02-17T07:47:17,user234,/api/settings,531,200
2026-02-17T15:31:07,user348,/api/users,162,500
2026-02-17T17:45:15,user1,/api/dashboard,526,301
2026-02-17T11:29:51,user358,/api/logout,354,200
2026-02-17T21:04:17,user184,/api/download,2213,200
2026-02-17T22:24:22,user87,/api/reports,114,200
2026-02-17T08:46:25,user204,/api/users,173,500
2026-02-17T20:25:03,user399,/api/orders,280,400
2026-02-17T13:51:18,user57,/api/payments,81,200
2026-02-17T12:04:42,user208,/api/profile,342,200
2026-02-17T00:52:05,user422,/api/upload,1139,200
2026-02-17T16:13:31,user377,/api/login,307,200
2026-02-17T20:45:09,user175,/api/payments,340,404
2026-02-17T01:54:28,user324,/api/analytics,569,201
2026-02-17T05:38:17,user247,/api/login,258,404
2026-02-17T15:44:05,user253,/api/payments,381,200
2026-02-17T03:58:29,user494,/api/logout,376,400
2026-02-17T20:37:44,user379,/api/upload,3132,200
2026-02-17T04:04:34,user219,/api/users,127,200
2026-02-17T02:28:49,user265,/api/users,52,403
2026-02-17T10:18:35,user441,/api/users,53,301
2026-02-17T08:51:05,user412,/api/settings,227,200
2026-02-17T14:05:11,user141,/api/download,2673,400
2026-02-17T17:45:09,user30,/api/users,60,201
2026-02-17T14:56:50,user147,/api/products,257,200
2026-02-17T18:24:57,user448,/api/settings,531,301
2026-02-17T00:37:03,user83,/api/logout,154,502
2026-02-17T10:33:25,user91,/api/notifications,449,403
2026-02-17T12:57:04,user39,/api/logout,512,200
2026-02-17T01:55:52,user490,/api/notifications,289,200
2026-02-17T22:29:42,user310,/api/orders,238,400
2026-02-17T06:33:15,user16,/api/notifications,365,200
2026-02-17T09:21:59,user414,/api/upload,1044,201
2026-02-17T14:40:41,user256,/api/notifications,307,200
2026-02-17T11:24:08,user190,/api/dashboard,393,301
2026-02-17T22:50:10,user143,/api/products,206,404
2026-02-17T08:11:20,user207,/api/notifications,384,403
2026-02-17T02:12:27,user155,/api/search,1260,502
2026-02-17T15:03:19,user229,/api/analytics,1656,200
2026-02-17T19:03:40,user238,/api/search,367,200
2026-02-17T23:33:11,user117,/api/logout,135,200
2026-02-17T23:34:38,user74,/api/dashboard,459,200
2026-02-17T04:45:20,user133,/api/login,544,500
2026-02-17T19:28:30,user169,/api/dashboard,527,500
2026-02-17T06:24:25,user224,/api/analytics,328,400
2026-02-17T06:26:26,user448,/api/login,489,403
2026-02-17T22:58:08,user473,/api/dashboard,383,404
2026-02-17T08:24:55,user287,/api/reports,424,200
2026-02-17T13:43:02,user278,/api/profile,380,200
2026-02-17T06:17:26,user257,/api/payments,444,502
2026-02-17T05:48:00,user65,/api/dashboard,107,200
2026-02-17T03:19:17,user326,/api/notifications,354,400
2026-02-17T17:40:18,user10,/api/products,526,200
2026-02-17T13:37:50,user198,/api/settings,199,301
2026-02-17T17:27:00,user490,/api/logout,127,200
2026-02-17T13:21:08,user228,/api/search,1554,301
2026-02-17T18:36:35,user250,/api/download,1574,301
2026-02-17T09:38:43,user457,/api/users,247,400
2026-02-17T09:10:44,user53,/api/login,98,200
2026-02-17T23:15:33,user497,/api/reports,85,400
2026-02-17T19:15:38,user393,/api/notifications,527,500
2026-02-17T15:50:32,user229,/api/notifications,265,502
2026-02-17T09:54:58,user392,/api/logout,256,301
2026-02-17T08:53:27,user434,/api/users,449,200
2026-02-17T23:31:11,user45,/api/download,772,400
2026-02-17T04:33:58,user470,/api/notifications,215,403
2026-02-17T15:47:53,user390,/api/analytics,382,200
2026-02-17T12:34:58,user326,/api/orders,382,201
2026-02-17T20:22:34,user340,/api/profile,345,403
2026-02-17T00:38:06,user194,/api/upload,2088,200
2026-02-17T16:58:06,user436,/api/dashboard,307,500
2026-02-17T04:33:28,user269,/api/users,491,200
2026-02-17T15:35:12,user494,/api/login,482,200
2026-02-17T07:59:58,user485,/api/users,458,503
2026-02-17T05:54:38,user469,/api/users,326,500
2026-02-17T16:00:30,user339,/api/logout,170,403
2026-02-17T12:39:23,user286,/api/download,842,200
2026-02-17T20:11:45,user394,/api/search,1388,502
2026-02-17T20:44:40,user109,/api/payments,142,301
2026-02-17T10:14:44,user248,/api/search,362,200
2026-02-17T00:22:47,user174,/api/settings,351,200
2026-02-17T22:23:52,user119,/api/download,2757,200
2026-02-17T06:33:57,user83,/api/login,396,200
2026-02-17T21:25:51,user374,/api/payments,123,400
2026-02-17T13:08:22,user421,/api/upload,2984,401
2026-02-17T11:09:06,user405,/api/products,294,403
2026-02-17T04:55:13,user467,/api/analytics,234,500
2026-02-17T19:51:01,user343,/api/analytics,786,301
2026-02-17T01:38:31,user461,/api/settings,321,502
2026-02-17T11:25:28,user157,/api/upload,3334,502
2026-02-17T12:32:48,user370,/api/search,316,400
2026-02-17T19:00:43,user281,/api/profile,131,404
2026-02-17T19:09:22,user158,/api/notifications,539,200
2026-02-17T20:15:47,user141,/api/users,278,200
2026-02-17T14:27:22,user180,/api/reports,415,404
2026-02-17T01:05:52,user8,/api/users,544,404
2026-02-17T03:38:32,user489,/api/logout,252,503
2026-02-17T12:18:20,user435,/api/notifications,388,301
2026-02-17T15:57:12,user321,/api/users,407,200
2026-02-17T09:19:34,user359,/api/settings,527,404
2026-02-17T13:18:19,user322,/api/reports,235,503
2026-02-17T21:25:33,user481,/api/notifications,350,200
2026-02-17T16:09:21,user26,/api/analytics,1010,200
2026-02-17T12:45:25,user203,/api/dashboard,427,503
2026-02-17T17:41:33,user13,/api/reports,461,500
2026-02-17T02:35:59,user125,/api/products,438,403
2026-02-17T13:28:01,user199,/api/logout,235,502
2026-02-17T12:48:12,user361,/api/profile,509,404
2026-02-17T02:13:50,user93,/api/login,482,200
2026-02-17T15:28:11,user395,/api/orders,302,200
2026-02-17T20:51:57,user418,/api/profile,484,503
2026-02-17T10:19:16,user323,/api/dashboard,97,403
2026-02-17T16:20:03,user318,/api/payments,522,200
2026-02-17T14:26:13,user277,/api/search,1429,301
2026-02-17T08:16:16,user10,/api/products,527,200
2026-02-17T04:48:08,user491,/api/profile,358,401
2026-02-17T04:50:54,user24,/api/login,501,200
2026-02-17T13:13:21,user283,/api/search,1296,500
2026-02-17T10:35:11,user309,/api/users,183,401
2026-02-17T20:46:16,user295,/api/payments,67,200
2026-02-17T08:42:01,user322,/api/dashboard,209,201
2026-02-17T20:25:36,user301,/api/upload,2257,403
2026-02-17T05:02:49,user380,/api/users,75,503
2026-02-17T20:19:22,user236,/api/reports,65,500
2026-02-17T01:14:15,user298,/api/reports,229,400
2026-02-17T20:03:16,user234,/api/payments,496,400
2026-02-17T11:44:32,user280,/api/analytics,681,502
2026-02-17T07:45:46,user94,/api/upload,1167,201
2026-02-17T10:22:42,user144,/api/analytics,1624,200
2026-02-17T19:19:04,user462,/api/products,333,404
2026-02-17T16:07:12,user171,/api/orders,81,200
2026-02-17T17:09:23,user186,/api/upload,1925,200
2026-02-17T22:14:46,user257,/api/dashboard,170,200
2026-02-17T11:49:27,user96,/api/profile,441,403
2026-02-17T17:22:45,user66,/api/logout,156,500
2026-02-17T15:13:49,user244,/api/login,205,500
2026-02-17T01:34:34,user100,/api/reports,456,401
2026-02-17T09:02:05,user446,/api/login,212,400
2026-02-17T09:13:16,user407,/api/profile,528,200
2026-02-17T09:53:51,user200,/api/settings,294,301
2026-02-17T19:14:43,user224,/api/reports,235,502
2026-02-17T03:21:22,user119,/api/payments,481,503
2026-02-17T01:29:48,user156,/api/settings,400,403
2026-02-17T04:49:31,user188,/api/payments,142,200
2026-02-17T02:20:58,user462,/api/payments,92,400
2026-02-17T10:16:07,user363,/api/notifications,271,404
2026-02-17T02:20:31,user449,/api/settings,497,503
2026-02-17T04:58:28,user3,/api/orders,152,500
2026-02-17T18:55:55,user87,/api/dashboard,315,200
2026-02-17T07:17:11,user82,/api/login,340,301
2026-02-17T17:37:37,user123,/api/upload,2729,200
2026-02-17T07:10:17,user369,/api/notifications,182,400
2026-02-17T12:24:36,user398,/api/orders,483,401
2026-02-17T09:50:11,user75,/api/payments,258,502
2026-02-17T07:29:32,user357,/api/products,157,301
2026-02-17T22:13:50,user235,/api/dashboard,317,200
2026-02-17T00:19:23,user488,/api/analytics,1667,301
2026-02-17T11:29:12,user475,/api/orders,114,200
2026-02-17T03:25:23,user123,/api/orders,367,200
2026-02-17T12:05:17,user441,/api/analytics,1383,404
2026-02-17T16:27:13,user308,/api/reports,410,502
2026-02-17T20:08:21,user415,/api/search,1413,200
2026-02-17T13:21:48,user500,/api/orders,176,400
2026-02-17T01:26:32,user267,/api/profile,300,500
2026-02-17T19:06:52,user390,/api/dashboard,237,404
2026-02-17T15:31:09,user46,/api/analytics,411,200
2026-02-17T01:15:44,user325,/api/profile,288,200
2026-02-17T16:29:50,user393,/api/users,200,301
2026-02-17T10:59:44,user396,/api/settings,496,301
2026-02-17T03:31:11,user252,/api/orders,155,200
2026-02-17T12:21:54,user441,/api/analytics,1317,401
2026-02-17T13:19:21,user493,/api/download,1097,502
2026-02-17T19:55:33,user8,/api/search,670,200
2026-02-17T20:43:41,user437,/api/payments,90,301
2026-02-17T15:05:25,user115,/api/reports,439,200
2026-02-17T19:54:37,user431,/api/analytics,1481,401
2026-02-17T16:08:41,user398,/api/profile,105,301
2026-02-17T23:47:24,user214,/api/upload,605,200
2026-02-17T06:45:04,user322,/api/logout,452,200
2026-02-17T02:23:02,user15,/api/users,79,404
2026-02-17T02:34:49,user469,/api/download,2630,502
2026-02-17T20:12:36,user66,/api/search,951,400
2026-02-17T05:19:36,user1,/api/users,537,404
2026-02-17T15:11:28,user468,/api/dashboard,141,404
2026-02-17T07:36:14,user170,/api/logout,107,200
2026-02-17T06:32:40,user136,/api/settings,524,404
2026-02-17T07:00:57,user430,/api/logout,109,500
2026-02-17T19:57:25,user172,/api/analytics,1620,200
2026-02-17T04:50:43,user132,/api/reports,226,301
2026-02-17T13:30:42,user157,/api/login,86,403
2026-02-17T10:14:08,user114,/api/logout,348,200
2026-02-17T21:34:49,user64,/api/users,227,404
2026-02-17T17:20:26,user135,/api/settings,91,201
2026-02-17T04:01:57,user478,/api/download,3438,200
2026-02-17T19:18:57,user403,/api/login,311,301
2026-02-17T20:56:14,user218,/api/upload,3295,201
2026-02-17T17:38:52,user181,/api/notifications,190,200
2026-02-17T05:46:41,user252,/api/analytics,1503,200
2026-02-17T11:58:29,user205,/api/upload,2425,200
2026-02-17T21:07:03,user225,/api/login,170,201
2026-02-17T02:00:09,user482,/api/settings,484,201
2026-02-17T01:48:10,user436,/api/notifications,355,404
2026-02-17T03:23:41,user404,/api/upload,2255,200
2026-02-17T19:21:02,user362,/api/reports,415,201
2026-02-17T22:27:01,user64,/api/download,3167,200
2026-02-17T06:54:45,user106,/api/products,119,400
2026-02-17T18:54:55,user152,/api/payments,216,503
2026-02-17T05:49:38,user377,/api/orders,266,500
2026-02-17T06:02:34,user306,/api/orders,277,404
2026-02-17T17:28:01,user53,/api/upload,1638,401
2026-02-17T09:29:49,user139,/api/login,86,401
2026-02-17T17:37:51,user231,/api/logout,473,200
2026-02-17T08:43:24,user407,/api/analytics,765,200
2026-02-17T10:02:33,user413,/api/download,749,200
2026-02-17T00:27:59,user47,/api/orders,380,404
2026-02-17T07:53:45,user196,/api/profile,419,502
2026-02-17T06:53:43,user172,/api/upload,2264,200
2026-02-17T06:14:05,user141,/api/dashboard,206,500
2026-02-17T08:08:08,user355,/api/dashboard,245,200
2026-02-17T01:36:24,user412,/api/products,348,200
2026-02-17T02:30:58,user199,/api/orders,293,403
2026-02-17T22:45:06,user112,/api/logout,366,200
2026-02-17T04:36:29,user28,/api/orders,485,200
2026-02-17T22:26:10,user36,/api/products,276,401
2026-02-17T17:58:31,user251,/api/payments,170,404
2026-02-17T14:26:22,user67,/api/users,75,200
2026-02-17T22:58:20,user169,/api/login,526,500
2026-02-17T14:59:44,user446,/api/search,324,200
2026-02-17T19:39:32,user229,/api/orders,167,201
2026-02-17T02:14:34,user414,/api/download,2042,200
2026-02-17T10:01:53,user172,/api/settings,541,200
2026-02-17T08:52:07,user177,/api/download,1458,400
2026-02-17T03:37:11,user232,/api/users,328,404
2026-02-17T10:40:31,user137,/api/login,249,403
2026-02-17T18:36:51,user2,/api/profile,379,403
2026-02-17T16:56:19,user284,/api/orders,350,403
2026-02-17T09:58:47,user349,/api/login,414,200
2026-02-17T05:32:08,user13,/api/login,194,502
2026-02-17T23:26:54,user170,/api/users,100,403
2026-02-17T12:06:38,user262,/api/payments,433,200
2026-02-17T10:47:03,user126,/api/download,1587,301
2026-02-17T03:03:49,user132,/api/products,197,201
2026-02-17T23:29:24,user233,/api/dashboard,297,200
2026-02-17T22:22:58,user159,/api/search,894,200
2026-02-17T17:34:35,user177,/api/settings,505,201
2026-02-17T12:00:45,user137,/api/logout,403,503
2026-02-17T23:56:22,user166,/api/payments,145,201
2026-02-17T04:53:28,user306,/api/payments,466,404
2026-02-17T13:04:41,user22,/api/notifications,163,200
2026-02-17T05:02:28,user269,/api/profile,519,301
2026-02-17T07:37:33,user156,/api/orders,406,502
2026-02-17T19:22:45,user311,/api/products,447,404
2026-02-17T13:35:38,user93,/api/download,3037,404
2026-02-17T19:50:48,user471,/api/payments,176,200
2026-02-17T22:57:50,user69,/api/analytics,1385,200
2026-02-17T11:19:12,user324,/api/orders,496,200
2026-02-17T20:09:02,user186,/api/profile,438,200
2026-02-17T23:18:41,user123,/api/logout,393,200
2026-02-17T17:38:11,user194,/api/payments,245,200
2026-02-17T04:53:59,user441,/api/profile,124,200
2026-02-17T05:36:42,user370,/api/logout,353,201
2026-02-17T00:20:48,user331,/api/payments,112,200
2026-02-17T04:07:07,user74,/api/search,234,201
2026-02-17T14:49:40,user44,/api/settings,117,503
2026-02-17T03:50:45,user408,/api/settings,125,502
2026-02-17T23:02:15,user259,/api/reports,460,404
2026-02-17T05:03:01,user73,/api/notifications,103,200
2026-02-17T22:52:47,user490,/api/settings,312,200
2026-02-17T08:25:39,user491,/api/notifications,115,503
2026-02-17T14:08:44,user359,/api/dashboard,356,404
2026-02-17T08:36:30,user237,/api/payments,543,502
2026-02-17T21:06:17,user365,/api/login,412,500
2026-02-17T23:39:19,user94,/api/download,3398,201
2026-02-17T17:44:22,user319,/api/search,676,401
2026-02-17T03:28:38,user200,/api/orders,303,404
2026-02-17T11:26:16,user19,/api/orders,238,404
2026-02-17T08:28:06,user350,/api/reports,462,500
2026-02-17T06:49:57,user266,/api/download,1527,503
2026-02-17T23:21:02,user356,/api/notifications,236,200
2026-02-17T02:22:58,user321,/api/settings,527,400
2026-02-17T23:29:21,user498,/api/search,1100,502
2026-02-17T08:54:41,user64,/api/payments,427,404
2026-02-17T16:18:39,user304,/api/login,73,200
2026-02-17T13:02:12,user108,/api/profile,335,403
2026-02-17T18:10:04,user273,/api/dashboard,397,200
2026-02-17T14:18:08,user3,/api/orders,446,503
2026-02-17T18:54:45,user441,/api/logout,125,502
2026-02-17T23:40:03,user325,/api/settings,463,200
2026-02-17T13:37:34,user355,/api/notifications,459,404
2026-02-17T10:15:26,user157,/api/upload,683,200
2026-02-17T01:02:35,user482,/api/reports,444,200
2026-02-17T16:08:43,user109,/api/payments,485,401
2026-02-17T04:45:06,user454,/api/search,1685,200
2026-02-17T04:15:24,user36,/api/reports,315,201
2026-02-17T21:19:56,user213,/api/users,121,503
2026-02-17T19:17:53,user135,/api/dashboard,135,200
2026-02-17T12:22:51,user108,/api/orders,73,503
2026-02-17T23:27:49,user426,/api/notifications,297,404
2026-02-17T15:49:52,user313,/api/reports,494,400
2026-02-17T11:24:19,user34,/api/dashboard,233,200
2026-02-17T06:02:12,user292,/api/reports,487,404
2026-02-17T03:15:48,user88,/api/upload,2443,301
2026-02-17T11:40:28,user45,/api/orders,232,200
2026-02-17T20:43:03,user50,/api/analytics,603,403
2026-02-17T01:18:09,user63,/api/upload,3268,503
2026-02-17T08:43:46,user198,/api/users,524,200
2026-02-17T10:35:27,user56,/api/analytics,1200,200
2026-02-17T14:39:20,user363,/api/login,190,201
2026-02-17T18:20:59,user246,/api/reports,217,201
2026-02-17T04:25:24,user154,/api/logout,388,400
2026-02-17T03:00:58,user68,/api/login,148,502
2026-02-17T04:43:05,user382,/api/dashboard,165,201
2026-02-17T18:36:40,user438,/api/orders,359,200
2026-02-17T03:11:42,user486,/api/logout,223,400
2026-02-17T14:59:00,user80,/api/analytics,906,503
2026-02-17T04:05:40,user33,/api/orders,456,502
2026-02-17T20:18:11,user152,/api/login,138,200
2026-02-17T04:20:31,user288,/api/profile,465,401
2026-02-17T14:36:01,user241,/api/logout,312,200
2026-02-17T23:25:48,user186,/api/login,144,400
2026-02-17T18:33:35,user145,/api/reports,65,200
2026-02-17T20:43:05,user476,/api/upload,1962,200
2026-02-17T02:41:00,user164,/api/payments,211,502
2026-02-17T17:04:43,user215,/api/logout,483,503
2026-02-17T19:43:18,user194,/api/analytics,229,503
2026-02-17T03:28:32,user61,/api/settings,274,401
2026-02-17T23:19:31,user83,/api/analytics,409,301
2026-02-17T18:48:26,user285,/api/notifications,522,400
2026-02-17T03:46:57,user462,/api/search,1024,401
2026-02-17T04:44:28,user426,/api/upload,677,403
2026-02-17T05:21:06,user356,/api/users,253,404
2026-02-17T11:33:55,user279,/api/reports,222,200
2026-02-17T07:27:27,user455,/api/analytics,1441,200
2026-02-17T01:35:21,user139,/api/profile,266,502
2026-02-17T10:38:04,user151,/api/analytics,301,401
2026-02-17T20:27:32,user297,/api/orders,350,200
2026-02-17T11:11:00,user259,/api/users,276,200
2026-02-17T20:16:58,user5,/api/download,716,401
2026-02-17T23:37:11,user312,/api/profile,508,403
2026-02-17T19:30:39,user419,/api/notifications,492,400
2026-02-17T18:14:28,user90,/api/settings,332,200
2026-02-17T10:17:53,user363,/api/profile,462,403
2026-02-17T23:00:27,user259,/api/payments,477,200
2026-02-17T08:22:18,user264,/api/settings,230,200
2026-02-17T17:00:33,user444,/api/payments,259,503
2026-02-17T09:42:29,user151,/api/users,118,400
2026-02-17T07:02:59,user360,/api/users,236,404
2026-02-17T11:07:50,user493,/api/payments,87,403
2026-02-17T16:51:13,user329,/api/products,489,200
2026-02-17T01:53:57,user209,/api/search,563,301
2026-02-17T13:37:31,user292,/api/products,443,200
2026-02-17T23:54:29,user119,/api/analytics,598,500
2026-02-17T13:03:41,user234,/api/payments,541,200
2026-02-17T16:51:37,user110,/api/login,53,200
2026-02-17T07:43:26,user254,/api/search,1696,200
2026-02-17T08:43:03,user368,/api/payments,452,200
2026-02-17T07:53:07,user268,/api/logout,467,503
2026-02-17T15:18:02,user405,/api/login,69,200
2026-02-17T16:18:48,user303,/api/reports,215,401
2026-02-17T08:30:30,user342,/api/notifications,124,200
2026-02-17T12:22:44,user293,/api/logout,412,502
2026-02-17T02:19:43,user391,/api/settings,419,401
2026-02-17T10:56:28,user32,/api/notifications,262,404
2026-02-17T08:54:10,user292,/api/analytics,1315,400
2026-02-17T08:56:51,user130,/api/products,383,400
2026-02-17T12:03:58,user29,/api/products,417,401
2026-02-17T03:33:25,user78,/api/reports,257,500
2026-02-17T03:44:04,user163,/api/download,2481,404
2026-02-17T10:51:13,user167,/api/products,176,201
2026-02-17T00:03:10,user393,/api/upload,1719,301
2026-02-17T16:08:10,user97,/api/search,649,403
2026-02-17T20:34:28,user331,/api/download,851,401
2026-02-17T12:35:34,user173,/api/reports,393,401
2026-02-17T20:09:47,user401,/api/login,482,403
2026-02-17T15:17:36,user79,/api/users,148,200
2026-02-17T16:51:46,user176,/api/users,418,201
2026-02-17T07:22:20,user262,/api/search,1207,200
2026-02-17T23:21:15,user24,/api/search,251,200
2026-02-17T12:04:43,user140,/api/analytics,704,200
2026-02-17T14:36:37,user55,/api/products,215,502
2026-02-17T00:45:55,user161,/api/analytics,323,503
2026-02-17T18:00:40,user491,/api/users,94,500
2026-02-17T03:50:37,user302,/api/notifications,323,403
2026-02-17T03:39:51,user61,/api/orders,246,200
2026-02-17T04:01:04,user421,/api/users,334,200
2026-02-17T03:40:31,user258,/api/reports,336,401
2026-02-17T13:53:29,user6,/api/logout,518,200
2026-02-17T19:10:32,user122,/api/products,518,200
2026-02-17T11:27:20,user372,/api/notifications,296,502
2026-02-17T22:34:42,user217,/api/download,2014,404
2026-02-17T10:08:28,user114,/api/users,128,500
2026-02-17T01:27:35,user347,/api/profile,519,200
2026-02-17T19:14:58,user56,/api/products,417,200
2026-02-17T06:09:27,user446,/api/payments,315,401
2026-02-17T11:05:02,user126,/api/logout,343,200
2026-02-17T16:20:20,user187,/api/reports,420,500
2026-02-17T04:07:41,user341,/api/settings,158,301
2026-02-17T01:12:47,user490,/api/dashboard,166,201
2026-02-17T17:03:23,user34,/api/upload,3400,400
2026-02-17T19:20:12,user8,/api/upload,988,503
2026-02-17T11:46:01,user271,/api/profile,248,404
2026-02-17T17:31:53,user417,/api/users,104,200
2026-02-17T06:44:32,user363,/api/payments,245,200
2026-02-17T23:09:36,user382,/api/upload,2329,200
2026-02-17T05:49:12,user4,/api/settings,181,200
2026-02-17T22:27:19,user346,/api/login,51,201
2026-02-17T15:38:21,user103,/api/products,349,200
2026-02-17T17:44:51,user61,/api/payments,107,502
2026-02-17T10:30:05,user467,/api/dashboard,181,200
2026-02-17T00:05:16,user295,/api/settings,155,200
2026-02-17T20:11:13,user191,/api/notifications,84,201
2026-02-17T18:27:34,user201,/api/upload,966,200
2026-02-17T11:49:32,user75,/api/profile,391,200
2026-02-17T09:22:18,user197,/api/analytics,970,403
2026-02-17T04:16:51,user295,/api/search,1273,404
2026-02-17T06:41:34,user263,/api/analytics,313,403
2026-02-17T09:24:45,user218,/api/profile,420,502
2026-02-17T01:52:51,user1,/api/download,1356,400
2026-02-17T00:23:56,user481,/api/notifications,101,401
2026-02-17T05:20:34,user210,/api/upload,1498,403
2026-02-17T11:13:11,user129,/api/payments,394,502
2026-02-17T18:07:47,user357,/api/analytics,333,200
2026-02-17T03:04:02,user110,/api/logout,108,200
2026-02-17T09:47:24,user31,/api/logout,415,502
2026-02-17T20:21:21,user313,/api/products,275,200
2026-02-17T04:10:20,user313,/api/payments,130,503
2026-02-17T20:29:03,user90,/api/logout,434,404
2026-02-17T06:03:10,user302,/api/dashboard,74,200
2026-02-17T23:50:45,user37,/api/orders,130,404
2026-02-17T02:33:08,user234,/api/profile,119,200
2026-02-17T09:23:31,user344,/api/orders,385,401
2026-02-17T01:26:42,user467,/api/orders,77,200
2026-02-17T16:00:29,user68,/api/logout,448,500
2026-02-17T18:46:53,user296,/api/login,540,404
2026-02-17T16:02:52,user434,/api/upload,2715,400
2026-02-17T07:56:54,user322,/api/orders,276,503
2026-02-17T16:10:59,user223,/api/reports,99,500
2026-02-17T04:26:39,user232,/api/login,347,301
2026-02-17T20:45:03,user111,/api/analytics,1149,404
2026-02-17T06:34:26,user347,/api/notifications,499,200
2026-02-17T20:28:52,user114,/api/upload,3238,201
2026-02-17T01:38:40,user478,/api/orders,77,200
2026-02-17T01:23:26,user139,/api/login,208,200
2026-02-17T01:40:57,user157,/api/analytics,792,500
2026-02-17T02:14:33,user404,/api/analytics,1585,503
2026-02-17T04:13:02,user389,/api/products,527,404
2026-02-17T05:53:32,user180,/api/settings,340,200
2026-02-17T14:30:38,user289,/api/login,135,200
2026-02-17T09:15:18,user160,/api/dashboard,159,200
2026-02-17T05:44:05,user477,/api/profile,166,200
2026-02-17T11:48:21,user10,/api/login,284,403
2026-02-17T10:15:36,user440,/api/analytics,1457,301
2026-02-17T12:52:21,user4,/api/dashboard,445,200
2026-02-17T01:41:20,user468,/api/download,1496,200
2026-02-17T22:40:38,user329,/api/reports,535,400
2026-02-17T04:15:53,user478,/api/download,2372,201
2026-02-17T03:52:07,user115,/api/search,1660,502
2026-02-17T23:38:29,user430,/api/users,145,201
2026-02-17T08:36:37,user432,/api/reports,385,403
2026-02-17T07:51:28,user79,/api/orders,163,200
2026-02-17T14:00:10,user154,/api/products,513,503
2026-02-17T21:27:14,user220,/api/logout,87,503
2026-02-17T21:21:00,user103,/api/download,809,502
2026-02-17T16:02:55,user248,/api/settings,512,503
2026-02-17T06:33:51,user164,/api/upload,3216,403
2026-02-17T08:15:52,user68,/api/login,140,400
2026-02-17T00:05:16,user233,/api/products,246,200
2026-02-17T08:43:35,user445,/api/reports,450,200
2026-02-17T02:14:31,user461,/api/login,57,400
2026-02-17T18:55:22,user63,/api/notifications,532,201
2026-02-17T00:13:13,user116,/api/search,357,502
2026-02-17T13:26:20,user203,/api/search,560,401
2026-02-17T18:28:53,user265,/api/notifications,128,200
2026-02-17T05:31:59,user72,/api/reports,414,200
2026-02-17T15:19:40,user186,/api/orders,317,301
2026-02-17T17:09:24,user288,/api/analytics,627,502
2026-02-17T03:24:58,user19,/api/reports,312,500
2026-02-17T05:56:48,user480,/api/notifications,542,503
2026-02-17T00:03:04,user36,/api/payments,353,502
2026-02-17T13:28:28,user388,/api/settings,474,301
2026-02-17T00:52:09,user445,/api/reports,284,200
2026-02-17T11:04:37,user436,/api/dashboard,245,200
2026-02-17T03:21:46,user343,/api/products,483,404
2026-02-17T14:04:35,user92,/api/upload,2931,200
2026-02-17T10:35:46,user320,/api/download,2522,200
2026-02-17T05:57:52,user251,/api/login,237,201
2026-02-17T23:55:57,user166,/api/search,648,502
2026-02-17T05:49:10,user141,/api/upload,2660,400
2026-02-17T12:15:46,user485,/api/notifications,96,201
2026-02-17T03:28:16,user220,/api/dashboard,423,500
2026-02-17T20:05:47,user159,/api/payments,299,400
2026-02-17T21:55:13,user236,/api/search,1282,200
2026-02-17T20:42:58,user163,/api/orders,80,200
2026-02-17T04:21:16,user420,/api/download,3008,301
2026-02-17T03:01:58,user439,/api/download,2945,400
2026-02-17T06:13:19,user244,/api/reports,281,301
2026-02-17T17:24:25,user424,/api/notifications,388,200
2026-02-17T22:37:23,user156,/api/analytics,1446,200
2026-02-17T19:34:50,user354,/api/payments,202,200
2026-02-17T15:37:54,user60,/api/dashboard,87,200
2026-02-17T14:27:51,user250,/api/logout,445,403
2026-02-17T20:00:53,user329,/api/login,207,401
2026-02-17T17:06:08,user145,/api/search,294,200
2026-02-17T08:19:07,user420,/api/orders,366,200
2026-02-17T08:13:13,user111,/api/settings,56,503
2026-02-17T17:46:52,user297,/api/upload,564,400
2026-02-17T20:24:12,user5,/api/logout,398,403
2026-02-17T06:32:06,user175,/api/profile,129,400
2026-02-17T02:40:22,user97,/api/login,295,400
2026-02-17T17:40:57,user261,/api/login,51,401
2026-02-17T11:20:32,user391,/api/reports,175,201
2026-02-17T07:02:54,user472,/api/notifications,75,200
2026-02-17T02:49:29,user216,/api/upload,3180,201
2026-02-17T00:24:50,user472,/api/users,210,401
2026-02-17T20:33:41,user122,/api/reports,150,503
2026-02-17T06:51:34,user409,/api/profile,147,200
2026-02-17T07:30:37,user490,/api/analytics,1542,403
2026-02-17T04:26:40,user222,/api/payments,208,200
2026-02-17T19:45:31,user166,/api/analytics,1319,200
2026-02-17T01:03:39,user424,/api/payments,115,200
2026-02-17T10:26:30,user113,/api/settings,387,301
2026-02-17T13:30:39,user23,/api/upload,2743,502
2026-02-17T04:28:44,user121,/api/dashboard,359,404
2026-02-17T06:00:18,user30,/api/profile,95,301
2026-02-17T14:59:26,user245,/api/analytics,1061,502
2026-02-17T21:19:10,user216,/api/settings,227,201
2026-02-17T13:31:50,user497,/api/payments,98,200
2026-02-17T21:01:11,user246,/api/settings,145,503
2026-02-17T13:38:38,user17,/api/users,409,200
2026-02-17T01:45:22,user261,/api/profile,201,404
2026-02-17T12:29:00,user27,/api/analytics,462,503
2026-02-17T07:15:12,user100,/api/settings,51,200
2026-02-17T00:03:04,user320,/api/search,1162,400
2026-02-17T22:12:26,user19,/api/orders,232,403
2026-02-17T10:48:47,user390,/api/users,263,500
2026-02-17T04:41:05,user214,/api/payments,89,401
2026-02-17T10:48:46,user164,/api/search,1039,301
2026-02-17T16:34:04,user105,/api/users,130,200
2026-02-17T10:41:14,user275,/api/search,499,401
2026-02-17T02:05:09,user320,/api/dashboard,115,301
2026-02-17T02:21:10,user277,/api/reports,441,200
2026-02-17T05:15:19,user202,/api/orders,96,400
2026-02-17T09:58:11,user162,/api/payments,322,200
2026-02-17T18:36:29,user379,/api/upload,912,201
2026-02-17T19:59:58,user473,/api/download,2016,500
2026-02-17T00:31:41,user271,/api/upload,2524,200
2026-02-17T09:17:12,user136,/api/settings,174,200
2026-02-17T13:15:37,user145,/api/payments,386,200
2026-02-17T01:38:27,user34,/api/analytics,435,404
2026-02-17T01:57:18,user100,/api/profile,74,401
2026-02-17T12:46:47,user88,/api/search,1681,200
2026-02-17T04:24:00,user361,/api/profile,427,404
2026-02-17T11:04:25,user22,/api/notifications,226,301
2026-02-17T09:51:35,user188,/api/login,201,404
2026-02-17T03:30:14,user324,/api/dashboard,215,200
2026-02-17T13:33:14,user77,/api/search,1684,200
2026-02-17T07:43:05,user275,/api/login,353,301
2026-02-17T10:14:12,user194,/api/notifications,140,201
2026-02-17T09:03:55,user227,/api/orders,123,200
2026-02-17T02:24:45,user422,/api/login,67,200
2026-02-17T14:35:27,user281,/api/upload,2892,403
2026-02-17T04:11:56,user297,/api/logout,158,200
2026-02-17T09:45:40,user305,/api/settings,443,503
2026-02-17T04:16:57,user55,/api/profile,72,200
2026-02-17T13:45:10,user492,/api/notifications,58,503
2026-02-17T12:36:39,user236,/api/analytics,473,400
2026-02-17T15:47:59,user19,/api/notifications,79,301
2026-02-17T21:32:08,user414,/api/search,1085,503
2026-02-17T20:37:46,user31,/api/search,1107,200
2026-02-17T07:02:39,user461,/api/logout,229,301
2026-02-17T05:55:02,user182,/api/orders,101,200
2026-02-17T03:22:13,user200,/api/login,165,201
2026-02-17T23:47:38,user136,/api/products,364,403
2026-02-17T19:33:41,user300,/api/payments,339,502
2026-02-17T06:47:49,user136,/api/upload,747,200
2026-02-17T16:22:14,user28,/api/logout,385,200
2026-02-17T23:42:05,user56,/api/products,410,201
2026-02-17T06:03:34,user184,/api/login,187,201
2026-02-17T07:48:12,user233,/api/settings,229,403
2026-02-17T15:41:14,user219,/api/notifications,57,500
2026-02-17T12:50:51,user327,/api/products,207,401
2026-02-17T23:33:49,user202,/api/payments,253,201
2026-02-17T08:06:01,user84,/api/profile,192,400
2026-02-17T02:00:33,user482,/api/search,758,200
2026-02-17T09:47:28,user180,/api/download,3295,201
2026-02-17T10:22:11,user425,/api/orders,410,502
2026-02-17T06:19:27,user321,/api/download,3416,201
2026-02-17T23:59:06,user49,/api/products,363,500
2026-02-17T04:02:41,user85,/api/users,439,200
2026-02-17T01:17:43,user138,/api/settings,335,200
2026-02-17T02:17:38,user167,/api/dashboard,443,200
2026-02-17T01:01:59,user377,/api/profile,225,301
2026-02-17T00:03:34,user190,/api/orders,450,301
2026-02-17T20:19:18,user246,/api/orders,207,200
2026-02-17T11:47:23,user199,/api/profile,157,400
2026-02-17T11:50:36,user118,/api/login,391,500
2026-02-17T08:22:16,user308,/api/dashboard,539,502
2026-02-17T10:31:23,user274,/api/dashboard,80,200
2026-02-17T20:43:02,user185,/api/users,353,403
2026-02-17T23:08:30,user8,/api/users,185,200
2026-02-17T10:04:44,user178,/api/products,463,200
2026-02-17T01:12:44,user287,/api/login,135,500
2026-02-17T03:49:07,user320,/api/analytics,1147,200
2026-02-17T12:53:35,user382,/api/reports,173,200
2026-02-17T22:34:14,user74,/api/dashboard,452,200
2026-02-17T17:25:52,user395,/api/analytics,944,200
2026-02-17T14:41:03,user29,/api/search,1610,201
2026-02-17T07:09:39,user212,/api/login,98,401
2026-02-17T18:41:44,user493,/api/download,678,200
2026-02-17T07:58:01,user383,/api/orders,92,502
2026-02-17T18:51:25,user136,/api/settings,424,201
2026-02-17T01:40:26,user94,/api/products,524,201
2026-02-17T03:26:18,user121,/api/products,93,400
2026-02-17T12:38:53,user127,/api/profile,523,403
2026-02-17T18:45:13,user154,/api/notifications,141,502
2026-02-17T14:20:58,user207,/api/users,154,403
2026-02-17T01:17:12,user475,/api/reports,509,200
2026-02-17T05:17:05,user108,/api/payments,277,200
2026-02-17T01:02:08,user15,/api/payments,231,502
2026-02-17T07:22:45,user178,/api/profile,304,200
2026-02-17T07:32:10,user469,/api/profile,102,200
2026-02-17T20:29:22,user458,/api/orders,493,301
2026-02-17T05:18:42,user297,/api/payments,285,301
2026-02-17T13:20:35,user286,/api/search,1546,400
2026-02-17T06:33:40,user50,/api/payments,413,200
2026-02-17T05:45:52,user179,/api/reports,401,201
2026-02-17T17:38:17,user255,/api/upload,947,200
2026-02-17T22:58:05,user237,/api/profile,321,502
2026-02-17T14:53:19,user8,/api/products,422,401
2026-02-17T04:46:31,user150,/api/settings,435,201
2026-02-17T06:32:23,user455,/api/analytics,578,404
2026-02-17T05:01:33,user466,/api/search,1241,200
2026-02-17T16:01:12,user420,/api/search,861,200
2026-02-17T03:22:29,user445,/api/users,301,200
2026-02-17T22:12:31,user358,/api/download,1269,403
2026-02-17T18:58:39,user396,/api/profile,426,502
2026-02-17T02:51:41,user366,/api/upload,1637,200
2026-02-17T02:07:18,user370,/api/settings,178,502
2026-02-17T05:31:32,user361,/api/download,1422,502
2026-02-17T09:27:30,user297,/api/analytics,240,400
2026-02-17T07:45:53,user88,/api/users,335,404
2026-02-17T22:14:25,user225,/api/dashboard,514,403
2026-02-17T21:30:44,user2,/api/profile,488,200
2026-02-17T06:37:48,user255,/api/orders,187,401
2026-02-17T02:34:04,user405,/api/users,249,201
2026-02-17T11:25:31,user416,/api/settings,158,401
2026-02-17T14:51:36,user175,/api/profile,402,200
2026-02-17T22:38:47,user279,/api/upload,948,301
2026-02-17T08:23:44,user219,/api/search,566,401
2026-02-17T05:50:27,user348,/api/notifications,261,200
2026-02-17T23:40:33,user184,/api/reports,380,403
2026-02-17T09:18:36,user151,/api/download,2654,200
2026-02-17T23:06:38,user24,/api/analytics,865,503
2026-02-17T09:09:06,user264,/api/users,50,503
2026-02-17T20:12:07,user51,/api/settings,134,502
2026-02-17T20:21:30,user82,/api/upload,1638,200
2026-02-17T14:10:18,user43,/api/dashboard,499,400
2026-02-17T02:17:42,user328,/api/analytics,1470,201
2026-02-17T21:18:54,user59,/api/login,507,403
2026-02-17T11:07:53,user44,/api/logout,168,400
2026-02-17T18:50:43,user51,/api/upload,2050,404
2026-02-17T07:44:30,user368,/api/users,180,503
2026-02-17T23:42:03,user293,/api/notifications,321,400
2026-02-17T12:52:47,user487,/api/settings,245,401
2026-02-17T02:35:51,user73,/api/dashboard,233,201
2026-02-17T01:29:24,user318,/api/orders,62,401
2026-02-17T18:36:21,user404,/api/dashboard,518,200
2026-02-17T08:58:44,user1,/api/users,164,200
2026-02-17T15:49:27,user168,/api/analytics,1081,301
2026-02-17T09:24:46,user38,/api/profile,291,301
2026-02-17T15:56:41,user277,/api/orders,137,502
2026-02-17T10:54:05,user391,/api/payments,512,503
2026-02-17T04:51:26,user429,/api/notifications,188,404
2026-02-17T08:53:19,user388,/api/upload,3497,201
2026-02-17T21:15:22,user283,/api/analytics,1601,503
2026-02-17T10:32:14,user83,/api/notifications,54,502
2026-02-17T06:27:53,user295,/api/download,2571,200
2026-02-17T16:21:10,user369,/api/reports,196,200
2026-02-17T16:00:26,user354,/api/logout,466,500
2026-02-17T04:40:28,user182,/api/search,582,200
2026-02-17T08:05:55,user427,/api/upload,3475,200
2026-02-17T23:34:50,user460,/api/reports,335,301
2026-02-17T13:04:23,user122,/api/orders,204,200
2026-02-17T17:14:06,user206,/api/logout,252,200
2026-02-17T21:19:59,user253,/api/notifications,73,200
2026-02-17T18:29:01,user392,/api/settings,218,201
2026-02-17T12:44:42,user475,/api/login,81,200
2026-02-17T16:44:57,user228,/api/login,424,201
2026-02-17T19:10:15,user131,/api/download,3407,200
2026-02-17T23:27:20,user313,/api/settings,183,201
2026-02-17T20:28:26,user280,/api/settings,147,200
2026-02-17T22:27:36,user290,/api/profile,234,404
2026-02-17T16:29:15,user166,/api/login,329,502
2026-02-17T13:41:36,user67,/api/logout,119,400
2026-02-17T13:29:45,user112,/api/upload,973,200
2026-02-17T16:32:38,user228,/api/profile,334,301
2026-02-17T11:27:55,user77,/api/products,402,200
2026-02-17T06:50:38,user134,/api/products,95,200
2026-02-17T13:03:44,user477,/api/download,1588,200
2026-02-17T02:05:46,user81,/api/notifications,280,200
2026-02-17T18:12:06,user445,/api/dashboard,389,500
2026-02-17T12:27:24,user86,/api/search,451,200
2026-02-17T01:02:49,user480,/api/notifications,362,401
2026-02-17T00:41:26,user276,/api/analytics,1627,404
2026-02-17T11:36:37,user304,/api/analytics,1551,200
2026-02-17T00:37:07,user322,/api/settings,231,200
2026-02-17T22:49:46,user239,/api/reports,230,200
2026-02-17T10:33:16,user68,/api/analytics,384,201
2026-02-17T10:40:28,user134,/api/settings,322,201
2026-02-17T06:43:26,user262,/api/payments,250,200
2026-02-17T20:32:46,user91,/api/login,237,200
2026-02-17T21:25:25,user497,/api/users,396,200
2026-02-17T14:10:44,user185,/api/reports,217,401
2026-02-17T22:33:42,user215,/api/analytics,504,200
2026-02-17T15:46:43,user394,/api/payments,91,400
2026-02-17T20:07:04,user110,/api/reports,234,403
2026-02-17T16:24:13,user65,/api/analytics,1128,200
2026-02-17T05:14:17,user56,/api/products,253,301
2026-02-17T10:42:07,user244,/api/products,307,200
2026-02-17T22:22:03,user269,/api/settings,205,201
2026-02-17T00:05:27,user288,/api/search,439,200
2026-02-17T17:35:33,user114,/api/upload,1336,404
2026-02-17T01:44:05,user14,/api/download,567,400
2026-02-17T09:03:25,user489,/api/products,258,401
2026-02-17T13:47:04,user64,/api/users,97,200
2026-02-17T03:18:09,user156,/api/profile,243,404
2026-02-17T11:21:42,user167,/api/payments,351,200
2026-02-17T05:24:36,user135,/api/download,1169,301
2026-02-17T09:53:02,user216,/api/orders,537,400
2026-02-17T14:43:46,user249,/api/login,439,200
2026-02-17T17:52:38,user43,/api/profile,58,200
2026-02-17T12:07:23,user31,/api/payments,300,200
2026-02-17T07:33:32,user385,/api/settings,145,200
2026-02-17T14:53:20,user195,/api/profile,364,500
2026-02-17T22:28:24,user354,/api/download,2802,400
2026-02-17T05:04:39,user463,/api/payments,285,200
2026-02-17T10:39:13,user17,/api/download,578,200
2026-02-17T11:44:01,user54,/api/download,2803,200
2026-02-17T19:42:07,user202,/api/search,1260,200
2026-02-17T08:59:27,user63,/api/search,1059,401
2026-02-17T19:57:18,user110,/api/payments,367,401
2026-02-17T11:22:24,user206,/api/reports,272,200
2026-02-17T22:43:16,user82,/api/settings,105,503
2026-02-17T20:57:55,user387,/api/analytics,915,200
2026-02-17T22:07:56,user320,/api/logout,394,404
2026-02-17T15:15:47,user462,/api/settings,102,201
2026-02-17T16:52:20,user487,/api/payments,124,404
2026-02-17T13:20:42,user490,/api/users,447,404
2026-02-17T17:03:58,user171,/api/profile,200,403
2026-02-17T05:44:57,user158,/api/upload,893,201
2026-02-17T01:54:16,user315,/api/reports,344,400
2026-02-17T01:49:27,user468,/api/logout,186,502
2026-02-17T02:51:26,user240,/api/analytics,1396,401
2026-02-17T12:33:18,user407,/api/login,265,404
2026-02-17T17:33:43,user44,/api/dashboard,285,401
2026-02-17T10:38:17,user432,/api/profile,201,403
2026-02-17T12:55:22,user482,/api/reports,428,200
2026-02-17T06:18:34,user46,/api/analytics,1148,500
2026-02-17T21:30:32,user230,/api/download,3107,503
2026-02-17T22:54:36,user367,/api/profile,524,500
2026-02-17T14:29:55,user74,/api/settings,334,401
2026-02-17T22:33:42,user107,/api/profile,415,200
2026-02-17T10:41:45,user348,/api/upload,726,301
2026-02-17T11:15:56,user8,/api/orders,350,200
2026-02-17T08:35:25,user407,/api/orders,50,503
2026-02-17T02:53:31,user289,/api/products,292,200
2026-02-17T18:06:31,user312,/api/reports,542,400
2026-02-17T06:19:06,user301,/api/notifications,107,301
2026-02-17T03:35:38,user76,/api/analytics,1019,500
2026-02-17T20:59:37,user364,/api/download,3143,500
2026-02-17T01:38:25,user487,/api/upload,3051,200
2026-02-17T10:35:14,user32,/api/logout,237,200
2026-02-17T20:27:22,user60,/api/users,534,201
2026-02-17T10:34:42,user222,/api/logout,478,201
2026-02-17T19:05:08,user476,/api/products,207,500
2026-02-17T23:28:44,user325,/api/search,914,400
2026-02-17T20:36:56,user276,/api/upload,3009,502
2026-02-17T21:04:48,user294,/api/logout,208,200
2026-02-17T21:31:05,user383,/api/download,3131,200
2026-02-17T08:58:42,user259,/api/users,448,200
2026-02-17T22:34:28,user173,/api/products,469,200
2026-02-17T06:13:58,user482,/api/upload,886,301
2026-02-17T21:29:31,user478,/api/analytics,1433,403
2026-02-17T07:39:47,user257,/api/products,56,200
2026-02-17T05:43:08,user385,/api/orders,201,400
2026-02-17T19:48:39,user237,/api/settings,449,401
2026-02-17T16:36:11,user211,/api/profile,543,403
2026-02-17T20:13:23,user358,/api/users,417,200
2026-02-17T02:13:24,user164,/api/notifications,481,401
2026-02-17T08:22:14,user150,/api/reports,194,401
2026-02-17T23:04:50,user105,/api/dashboard,232,404
2026-02-17T01:02:10,user481,/api/products,512,301
2026-02-17T08:06:46,user291,/api/profile,306,400
2026-02-17T02:32:44,user109,/api/payments,422,200
2026-02-17T13:30:18,user361,/api/settings,283,404
2026-02-17T09:10:15,user341,/api/orders,96,503
2026-02-17T04:50:55,user11,/api/search,996,503
2026-02-17T22:47:24,user399,/api/reports,429,400
2026-02-17T01:07:22,user213,/api/reports,161,503
2026-02-17T07:26:17,user428,/api/products,196,201
2026-02-17T03:31:41,user226,/api/search,212,200
2026-02-17T16:14:34,user140,/api/reports,520,200
2026-02-17T19:06:35,user60,/api/logout,321,200
2026-02-17T04:44:46,user59,/api/profile,485,403
2026-02-17T09:00:41,user344,/api/analytics,1471,500
2026-02-17T23:32:10,user193,/api/products,236,404
2026-02-17T06:59:47,user272,/api/analytics,856,500
2026-02-17T00:46:29,user150,/api/login,137,201
2026-02-17T11:17:13,user149,/api/logout,232,200
2026-02-17T05:04:54,user308,/api/upload,3089,502
2026-02-17T01:02:10,user48,/api/analytics,215,301
2026-02-17T02:33:59,user438,/api/upload,1958,401
2026-02-17T18:01:43,user359,/api/login,97,201
2026-02-17T03:51:18,user342,/api/orders,400,400
2026-02-17T10:13:08,user339,/api/users,268,200
2026-02-17T10:47:09,user93,/api/notifications,435,200
2026-02-17T06:14:06,user186,/api/payments,320,200
2026-02-17T02:10:52,user459,/api/notifications,218,404
2026-02-17T17:24:15,user452,/api/profile,487,500
2026-02-17T20:52:56,user4,/api/dashboard,371,400
2026-02-17T18:53:59,user245,/api/products,313,200
2026-02-17T14:37:25,user92,/api/orders,480,503
2026-02-17T21:56:33,user421,/api/dashboard,336,200
2026-02-17T08:26:17,user144,/api/analytics,538,200
2026-02-17T17:49:23,user35,/api/login,152,200
2026-02-17T05:31:01,user377,/api/download,2434,400
2026-02-17T06:53:09,user329,/api/search,265,500
2026-02-17T05:20:32,user132,/api/orders,492,502
2026-02-17T04:14:40,user87,/api/reports,203,200
2026-02-17T13:52:48,user299,/api/logout,294,500
2026-02-17T07:01:27,user125,/api/products,160,503
2026-02-17T04:38:26,user200,/api/users,456,200
2026-02-17T22:52:20,user237,/api/products,489,201
2026-02-17T18:17:09,user370,/api/login,197,404
2026-02-17T07:50:31,user491,/api/login,444,200
2026-02-17T00:11:31,user396,/api/search,1519,200
2026-02-17T23:58:19,user465,/api/dashboard,181,200
2026-02-17T06:43:40,user36,/api/users,369,401
2026-02-17T02:19:13,user218,/api/settings,223,503
2026-02-17T12:15:58,user162,/api/reports,423,200
2026-02-17T01:50:21,user492,/api/login,362,403
2026-02-17T18:27:21,user370,/api/payments,164,301
2026-02-17T02:38:22,user459,/api/login,380,200
2026-02-17T21:44:27,user313,/api/reports,451,500
2026-02-17T02:54:05,user58,/api/users,142,200
2026-02-17T18:54:36,user208,/api/dashboard,318,500
2026-02-17T20:27:54,user494,/api/products,116,401
2026-02-17T07:01:19,user303,/api/users,247,502
2026-02-17T15:12:54,user422,/api/upload,576,200
2026-02-17T07:33:21,user20,/api/search,933,401
2026-02-17T09:54:25,user92,/api/notifications,193,200
2026-02-17T21:03:43,user151,/api/dashboard,188,201
2026-02-17T09:00:22,user377,/api/settings,80,201
2026-02-17T05:12:55,user180,/api/products,368,200
2026-02-17T03:28:32,user61,/api/upload,1460,200
2026-02-17T00:35:43,user269,/api/payments,211,500
2026-02-17T06:42:54,user90,/api/users,52,200
2026-02-17T04:04:05,user65,/api/logout,66,200
2026-02-17T01:03:10,user122,/api/dashboard,388,200
2026-02-17T16:36:50,user494,/api/orders,425,502
2026-02-17T22:48:52,user96,/api/notifications,370,301
2026-02-17T19:39:17,user462,/api/dashboard,197,401
2026-02-17T16:59:25,user452,/api/notifications,308,500
2026-02-17T08:09:04,user79,/api/settings,538,200
2026-02-17T08:06:17,user122,/api/products,97,201
2026-02-17T07:40:46,user79,/api/analytics,1138,201
2026-02-17T07:41:03,user376,/api/logout,272,500
2026-02-17T12:40:04,user26,/api/reports,153,400
2026-02-17T17:41:47,user96,/api/upload,1952,200
2026-02-17T11:56:54,user159,/api/dashboard,131,404
2026-02-17T05:02:09,user359,/api/reports,257,200
2026-02-17T23:00:52,user458,/api/payments,107,400
2026-02-17T01:54:46,user375,/api/logout,391,200
2026-02-17T09:49:49,user146,/api/settings,537,200
2026-02-17T18:10:27,user416,/api/logout,294,200
2026-02-17T08:52:10,user1,/api/search,955,301
2026-02-17T01:35:24,user105,/api/logout,274,200
2026-02-17T14:13:21,user136,/api/analytics,954,200
2026-02-17T00:08:17,user297,/api/logout,535,503
2026-02-17T18:09:12,user307,/api/reports,443,401
2026-02-17T04:53:46,user427,/api/payments,75,200
2026-02-17T19:30:09,user310,/api/logout,224,200
2026-02-17T12:18:55,user414,/api/search,1615,403
2026-02-17T11:21:41,user85,/api/users,203,400
2026-02-17T09:53:51,user85,/api/users,346,403
2026-02-17T23:13:17,user389,/api/settings,295,301
2026-02-17T14:49:44,user281,/api/search,660,201
2026-02-17T12:02:11,user123,/api/settings,350,401
2026-02-17T11:13:27,user216,/api/download,1321,200
2026-02-17T18:38:16,user500,/api/download,2433,503
2026-02-17T17:22:25,user210,/api/profile,186,503
2026-02-17T16:35:14,user211,/api/products,536,500
2026-02-17T21:23:28,user61,/api/upload,1857,404
2026-02-17T19:44:49,user119,/api/payments,132,201
2026-02-17T17:05:17,user199,/api/orders,284,503
2026-02-17T00:57:30,user4,/api/reports,99,400
2026-02-17T05:00:35,user289,/api/reports,231,400
2026-02-17T11:42:05,user453,/api/settings,382,403
2026-02-17T15:52:25,user401,/api/login,76,400
2026-02-17T19:34:05,user419,/api/users,502,502
2026-02-17T12:55:30,user216,/api/search,525,301
2026-02-17T02:46:18,user226,/api/products,477,200
2026-02-17T03:32:23,user114,/api/payments,54,200
2026-02-17T04:12:49,user241,/api/analytics,462,201
2026-02-17T22:42:07,user91,/api/download,1448,200
2026-02-17T05:57:53,user495,/api/upload,2515,200
2026-02-17T13:52:07,user459,/api/products,131,200
2026-02-17T12:09:13,user194,/api/dashboard,278,500
2026-02-17T12:47:12,user161,/api/search,1372,201
2026-02-17T19:40:06,user195,/api/settings,156,503
2026-02-17T16:10:22,user282,/api/profile,64,502
2026-02-17T15:12:47,user422,/api/reports,88,200
2026-02-17T11:32:25,user132,/api/login,448,200
2026-02-17T13:05:37,user285,/api/notifications,217,502
2026-02-17T13:10:39,user169,/api/download,1721,403
2026-02-17T02:02:13,user87,/api/dashboard,336,400
2026-02-17T01:32:20,user84,/api/notifications,94,201
2026-02-17T18:07:30,user460,/api/upload,1301,502
2026-02-17T09:27:28,user205,/api/notifications,379,200
2026-02-17T10:46:41,user302,/api/profile,197,500
2026-02-17T20:17:51,user253,/api/logout,299,200
2026-02-17T04:40:25,user410,/api/notifications,236,401
2026-02-17T19:26:02,user322,/api/upload,2759,200
2026-02-17T16:12:16,user291,/api/logout,535,400
2026-02-17T14:31:52,user395,/api/logout,465,403
2026-02-17T19:52:28,user276,/api/profile,373,401
2026-02-17T04:55:01,user249,/api/users,213,404
2026-02-17T08:25:06,user196,/api/settings,135,200
2026-02-17T01:08:50,user211,/api/download,1235,200
2026-02-17T17:05:21,user158,/api/settings,443,200
2026-02-17T20:18:55,user244,/api/download,1505,301
2026-02-17T18:02:55,user34,/api/dashboard,518,400
2026-02-17T10:26:56,user46,/api/logout,397,301
2026-02-17T15:33:35,user120,/api/login,362,200
2026-02-17T06:58:12,user439,/api/dashboard,50,200
2026-02-17T00:14:02,user176,/api/users,187,200
2026-02-17T14:34:36,user204,/api/download,3486,200
2026-02-17T03:53:31,user53,/api/notifications,330,403
2026-02-17T08:40:48,user375,/api/analytics,1581,200
2026-02-17T14:30:48,user272,/api/upload,1261,200
2026-02-17T22:38:50,user174,/api/settings,546,403
2026-02-17T13:00:28,user313,/api/settings,256,503
2026-02-17T02:07:48,user436,/api/products,171,401
2026-02-17T17:16:22,user388,/api/profile,125,502
2026-02-17T23:34:47,user289,/api/settings,403,200
2026-02-17T14:30:29,user331,/api/dashboard,195,500
2026-02-17T01:01:06,user124,/api/notifications,319,200
2026-02-17T14:56:04,user365,/api/profile,371,200
2026-02-17T18:10:09,user20,/api/products,417,201
2026-02-17T00:47:46,user4,/api/download,998,200
2026-02-17T08:31:32,user210,/api/reports,498,200
2026-02-17T04:11:25,user91,/api/dashboard,216,201
2026-02-17T21:48:45,user18,/api/dashboard,210,502
2026-02-17T13:36:25,user339,/api/dashboard,308,200
2026-02-17T03:22:53,user126,/api/dashboard,113,401
2026-02-17T12:09:18,user42,/api/logout,136,503
2026-02-17T12:57:32,user493,/api/products,161,500
2026-02-17T14:59:52,user18,/api/search,660,400
2026-02-17T07:13:28,user246,/api/logout,402,401
2026-02-17T04:01:51,user73,/api/payments,125,200
2026-02-17T08:04:58,user258,/api/upload,1975,502
2026-02-17T05:23:27,user485,/api/login,89,200
2026-02-17T10:15:18,user11,/api/products,227,200
2026-02-17T03:16:06,user38,/api/users,115,200
2026-02-17T18:06:16,user185,/api/upload,759,200
2026-02-17T06:54:30,user398,/api/download,2905,401
2026-02-17T04:38:27,user387,/api/logout,538,201
2026-02-17T08:04:48,user66,/api/upload,1266,404
2026-02-17T11:50:06,user278,/api/users,435,500
2026-02-17T23:19:45,user449,/api/profile,152,502
2026-02-17T23:31:16,user197,/api/payments,410,200
2026-02-17T19:32:46,user231,/api/notifications,191,500
2026-02-17T03:13:10,user283,/api/analytics,540,400
2026-02-17T16:00:02,user410,/api/users,478,404
2026-02-17T01:29:12,user319,/api/analytics,312,201
2026-02-17T05:43:00,user183,/api/search,845,201
2026-02-17T04:43:20,user206,/api/settings,251,403
2026-02-17T13:49:25,user245,/api/analytics,1504,403
2026-02-17T04:33:48,user252,/api/analytics,396,503
2026-02-17T12:49:13,user419,/api/login,76,200
2026-02-17T02:30:59,user310,/api/login,447,404
2026-02-17T07:07:42,user78,/api/products,348,201
2026-02-17T23:31:13,user299,/api/dashboard,414,200
2026-02-17T23:05:03,user386,/api/upload,1612,200
2026-02-17T17:48:09,user477,/api/dashboard,188,503
2026-02-17T10:04:16,user420,/api/download,3205,201
2026-02-17T12:31:30,user9,/api/login,414,201
2026-02-17T00:51:35,user36,/api/search,891,502
2026-02-17T12:07:07,user416,/api/login,456,200
2026-02-17T00:20:15,user60,/api/dashboard,280,200
2026-02-17T05:35:07,user27,/api/notifications,280,400
2026-02-17T16:58:41,user43,/api/payments,294,401
2026-02-17T13:25:11,user475,/api/users,67,201
2026-02-17T20:42:28,user6,/api/analytics,816,200
2026-02-17T13:21:06,user219,/api/logout,67,201
2026-02-17T20:44:49,user56,/api/notifications,104,200
2026-02-17T14:49:15,user122,/api/login,276,201
2026-02-17T03:20:26,user403,/api/dashboard,145,200
2026-02-17T23:29:36,user208,/api/download,2691,503
2026-02-17T05:06:25,user391,/api/settings,319,500
2026-02-17T10:21:11,user65,/api/search,708,404
2026-02-17T20:28:44,user365,/api/products,215,200
2026-02-17T22:05:40,user49,/api/search,946,400
2026-02-17T07:19:36,user326,/api/upload,3139,200
2026-02-17T08:27:08,user189,/api/search,1127,201
2026-02-17T08:56:53,user21,/api/analytics,1593,200
2026-02-17T17:42:48,user24,/api/download,1540,502
2026-02-17T07:12:21,user105,/api/upload,2156,404
2026-02-17T13:19:33,user322,/api/settings,97,403
2026-02-17T19:38:04,user500,/api/download,1155,500
2026-02-17T09:22:05,user349,/api/download,2616,201
2026-02-17T23:18:09,user357,/api/logout,340,200
2026-02-17T13:56:58,user140,/api/notifications,296,404
2026-02-17T01:55:25,user6,/api/search,388,201
2026-02-17T02:12:02,user497,/api/logout,96,200
2026-02-17T23:24:39,user189,/api/upload,2418,403
2026-02-17T22:34:43,user35,/api/users,119,301
2026-02-17T14:17:06,user95,/api/download,2824,401
2026-02-17T11:16:36,user465,/api/analytics,1226,200
2026-02-17T09:53:45,user300,/api/notifications,488,502
2026-02-17T09:27:18,user359,/api/dashboard,251,301
2026-02-17T13:43:04,user351,/api/search,1549,503
2026-02-17T10:17:53,user151,/api/dashboard,75,400
2026-02-17T15:42:36,user189,/api/login,401,200
2026-02-17T22:46:10,user335,/api/analytics,1375,201
2026-02-17T18:32:21,user157,/api/analytics,384,201
2026-02-17T08:49:15,user395,/api/products,290,200
2026-02-17T17:09:41,user441,/api/notifications,61,301
2026-02-17T02:53:25,user372,/api/search,707,403
2026-02-17T18:52:59,user280,/api/products,242,200
2026-02-17T05:48:36,user324,/api/payments,160,404
2026-02-17T22:06:11,user448,/api/settings,203,200
2026-02-17T15:05:57,user94,/api/notifications,533,301
2026-02-17T23:00:27,user259,/api/settings,216,301
2026-02-17T08:53:28,user39,/api/payments,121,200
2026-02-17T12:06:09,user259,/api/analytics,581,201
2026-02-17T00:52:03,user459,/api/search,271,503
2026-02-17T17:37:36,user59,/api/logout,159,200
2026-02-17T22:24:07,user62,/api/login,106,200
2026-02-17T03:43:05,user206,/api/settings,305,200
2026-02-17T16:58:00,user171,/api/search,1477,502
2026-02-17T15:25:31,user179,/api/payments,216,201
2026-02-17T05:21:25,user298,/api/login,524,400
2026-02-17T20:02:24,user378,/api/orders,185,503
2026-02-17T22:04:50,user426,/api/notifications,516,201
2026-02-17T04:02:35,user483,/api/reports,298,301
2026-02-17T21:51:28,user490,/api/orders,227,401
2026-02-17T23:57:53,user490,/api/products,429,503
2026-02-17T15:05:51,user132,/api/download,2679,200
2026-02-17T06:51:23,user162,/api/analytics,474,400
2026-02-17T19:46:13,user144,/api/upload,1373,404
2026-02-17T02:45:16,user400,/api/notifications,512,403
2026-02-17T15:37:41,user8,/api/upload,1159,500
2026-02-17T17:36:11,user135,/api/analytics,1181,400
2026-02-17T11:43:55,user450,/api/login,210,200
2026-02-17T14:11:27,user499,/api/profile,540,301
2026-02-17T13:49:25,user484,/api/download,2187,200
2026-02-17T02:34:29,user359,/api/download,634,200
2026-02-17T23:50:49,user162,/api/users,446,500
2026-02-17T20:23:25,user427,/api/profile,286,403
2026-02-17T19:09:50,user192,/api/dashboard,355,200
2026-02-17T15:21:21,user129,/api/settings,315,200
2026-02-17T01:33:02,user55,/api/download,1385,201
2026-02-17T21:45:36,user457,/api/login,329,400
2026-02-17T14:32:30,user159,/api/orders,328,200
2026-02-17T11:48:00,user146,/api/dashboard,295,200
2026-02-17T18:03:16,user427,/api/reports,390,200
2026-02-17T08:34:30,user497,/api/notifications,520,401
2026-02-17T08:41:24,user485,/api/upload,2478,200
2026-02-17T07:26:43,user140,/api/reports,274,404
2026-02-17T05:13:15,user357,/api/download,929,200
2026-02-17T20:36:19,user65,/api/search,872,500
2026-02-17T07:39:59,user104,/api/login,312,301
2026-02-17T11:58:42,user298,/api/login,236,200
2026-02-17T20:22:00,user473,/api/settings,416,404
2026-02-17T22:58:49,user324,/api/reports,489,500
2026-02-17T01:43:26,user239,/api/notifications,458,200
2026-02-17T11:48:44,user378,/api/download,2489,500
2026-02-17T13:02:02,user256,/api/reports,424,403
2026-02-17T12:06:49,user301,/api/products,278,201
2026-02-17T23:19:53,user101,/api/payments,521,200
2026-02-17T05:18:10,user4,/api/upload,3208,400
2026-02-17T09:24:43,user147,/api/download,2434,403
2026-02-17T08:12:25,user390,/api/users,305,200
2026-02-17T03:23:27,user119,/api/search,242,301
2026-02-17T16:12:49,user319,/api/notifications,156,201
2026-02-17T02:01:00,user212,/api/notifications,517,500
2026-02-17T09:47:12,user146,/api/orders,257,400
2026-02-17T23:32:14,user403,/api/payments,378,502
2026-02-17T16:45:58,user86,/api/logout,488,200
2026-02-17T08:41:47,user119,/api/analytics,1032,200
2026-02-17T19:12:02,user351,/api/analytics,722,500
2026-02-17T04:05:37,user498,/api/users,261,400
2026-02-17T06:36:01,user409,/api/profile,456,500
2026-02-17T15:58:39,user235,/api/settings,533,200
2026-02-17T00:12:50,user124,/api/products,532,201
2026-02-17T11:10:52,user217,/api/search,1238,200
2026-02-17T20:30:13,user134,/api/download,1621,503
2026-02-17T15:24:12,user24,/api/orders,497,200
2026-02-17T22:47:38,user47,/api/login,197,404
2026-02-17T19:21:31,user436,/api/users,235,200
2026-02-17T14:16:46,user415,/api/payments,244,200
2026-02-17T08:19:40,user482,/api/payments,416,200
2026-02-17T00:27:29,user186,/api/logout,390,503
2026-02-17T07:23:25,user441,/api/profile,540,201
2026-02-17T11:28:45,user349,/api/login,80,404
2026-02-17T17:16:41,user368,/api/settings,451,201
2026-02-17T17:38:28,user129,/api/payments,111,500
2026-02-17T11:40:47,user120,/api/products,135,404
2026-02-17T01:46:21,user51,/api/orders,471,404
2026-02-17T05:55:12,user210,/api/search,884,404
2026-02-17T03:09:23,user225,/api/dashboard,115,500
2026-02-17T03:06:50,user152,/api/logout,88,502
2026-02-17T16:10:08,user69,/api/reports,163,200
2026-02-17T01:47:51,user242,/api/users,93,400
2026-02-17T13:49:08,user164,/api/orders,540,500
2026-02-17T00:39:57,user373,/api/orders,218,500
2026-02-17T14:43:33,user344,/api/payments,182,301
2026-02-17T13:51:12,user30,/api/download,1487,301
2026-02-17T04:24:46,user85,/api/download,1338,301
2026-02-17T09:36:24,user425,/api/dashboard,421,200
2026-02-17T18:55:18,user424,/api/profile,439,502
2026-02-17T13:33:59,user303,/api/login,266,200
2026-02-17T01:26:07,user157,/api/profile,509,200
2026-02-17T17:30:46,user113,/api/upload,586,301
2026-02-17T11:15:33,user213,/api/settings,105,404
2026-02-17T11:45:34,user302,/api/login,234,400
2026-02-17T09:10:43,user271,/api/reports,269,404
2026-02-17T02:29:34,user125,/api/profile,88,200
2026-02-17T08:02:43,user435,/api/download,2922,404
2026-02-17T20:40:51,user443,/api/login,63,200
2026-02-17T02:28:26,user426,/api/upload,2758,200
2026-02-17T21:56:55,user320,/api/upload,1711,200
2026-02-17T18:02:29,user197,/api/login,144,500
2026-02-17T05:56:42,user160,/api/upload,2112,502
2026-02-17T17:01:30,user246,/api/login,64,503
2026-02-17T04:14:14,user34,/api/orders,443,201
2026-02-17T04:17:52,user172,/api/users,532,201
2026-02-17T17:04:38,user24,/api/download,2181,201
2026-02-17T09:45:46,user107,/api/analytics,1509,400
2026-02-17T15:47:00,user324,/api/download,2873,500
2026-02-17T20:11:17,user130,/api/users,288,200
2026-02-17T01:08:43,user453,/api/users,262,403
2026-02-17T05:05:11,user154,/api/upload,3286,201
2026-02-17T08:11:08,user306,/api/notifications,461,502
2026-02-17T02:03:21,user189,/api/analytics,1565,404
2026-02-17T23:42:14,user168,/api/reports,55,500
2026-02-17T07:33:08,user316,/api/logout,407,200
2026-02-17T19:21:30,user5,/api/orders,493,200
2026-02-17T15:20:07,user318,/api/users,549,200
2026-02-17T23:13:20,user303,/api/payments,430,500
2026-02-17T10:17:17,user24,/api/download,1520,200
2026-02-17T13:01:03,user308,/api/payments,544,201
2026-02-17T09:41:06,user308,/api/profile,388,401
2026-02-17T11:32:36,user202,/api/upload,712,401
2026-02-17T19:25:49,user373,/api/notifications,311,400
2026-02-17T23:35:58,user61,/api/orders,420,503
2026-02-17T03:57:48,user301,/api/logout,346,200
2026-02-17T18:00:48,user499,/api/notifications,107,200
2026-02-17T20:35:33,user170,/api/orders,160,403
2026-02-17T23:07:25,user37,/api/products,193,401
2026-02-17T16:06:34,user9,/api/login,323,503
2026-02-17T13:26:59,user372,/api/orders,204,502
2026-02-17T09:18:13,user18,/api/reports,311,401
2026-02-17T03:06:01,user228,/api/login,264,201
2026-02-17T07:21:37,user121,/api/logout,196,200
2026-02-17T07:19:18,user91,/api/users,492,201
2026-02-17T20:28:50,user72,/api/dashboard,94,403
2026-02-17T19:04:46,user215,/api/notifications,122,200
2026-02-17T17:11:30,user256,/api/logout,213,400
2026-02-17T08:37:53,user144,/api/notifications,397,200
2026-02-17T10:32:03,user224,/api/users,293,200
2026-02-17T18:49:38,user332,/api/notifications,470,200
2026-02-17T07:39:36,user102,/api/upload,2297,401
2026-02-17T05:55:42,user392,/api/upload,933,404
2026-02-17T09:54:09,user324,/api/payments,512,200
2026-02-17T08:38:49,user416,/api/orders,364,200
2026-02-17T00:29:57,user68,/api/upload,2997,404
2026-02-17T22:46:34,user466,/api/payments,198,200
2026-02-17T02:52:53,user255,/api/payments,204,400
2026-02-17T07:43:11,user484,/api/dashboard,241,404
2026-02-17T15:19:19,user244,/api/upload,2934,200
2026-02-17T04:59:15,user387,/api/orders,67,200
2026-02-17T00:11:05,user156,/api/settings,163,200
2026-02-17T16:43:03,user126,/api/payments,509,200
2026-02-17T19:10:17,user66,/api/payments,204,401
2026-02-17T13:50:13,user171,/api/download,2392,200
2026-02-17T19:27:23,user63,/api/profile,188,401
2026-02-17T17:00:33,user279,/api/notifications,144,403
2026-02-17T00:31:27,user228,/api/search,740,503
2026-02-17T06:33:48,user294,/api/download,3286,503
2026-02-17T15:31:42,user36,/api/login,460,200
2026-02-17T21:22:03,user306,/api/notifications,225,200
2026-02-17T02:21:33,user188,/api/notifications,215,200
2026-02-17T06:55:55,user331,/api/reports,177,404
2026-02-17T22:49:12,user484,/api/download,2034,502
2026-02-17T08:44:20,user397,/api/upload,3360,404
2026-02-17T17:52:17,user308,/api/notifications,155,201
2026-02-17T18:51:52,user451,/api/logout,428,503
2026-02-17T20:30:01,user369,/api/settings,252,404
2026-02-17T06:40:09,user344,/api/upload,1830,502
2026-02-17T15:08:44,user11,/api/settings,470,301
2026-02-17T09:55:00,user390,/api/search,1068,500
2026-02-17T17:11:10,user265,/api/analytics,864,401
2026-02-17T15:24:53,user67,/api/profile,503,404
2026-02-17T06:31:43,user271,/api/dashboard,244,403
2026-02-17T21:38:26,user459,/api/logout,426,404
2026-02-17T18:28:25,user205,/api/search,973,201
2026-02-17T00:34:32,user16,/api/notifications,193,201
2026-02-17T14:32:43,user131,/api/payments,314,200
2026-02-17T11:47:00,user500,/api/products,227,301
2026-02-17T00:22:56,user297,/api/reports,430,401
2026-02-17T08:55:32,user74,/api/dashboard,436,200
2026-02-17T11:12:26,user19,/api/upload,2091,200
2026-02-17T08:30:38,user398,/api/orders,349,403
2026-02-17T19:24:10,user108,/api/notifications,391,200
2026-02-17T22:37:41,user350,/api/users,507,403
2026-02-17T20:36:50,user38,/api/upload,1620,200
2026-02-17T16:24:27,user148,/api/profile,334,200
2026-02-17T07:10:46,user6,/api/analytics,412,201
2026-02-17T04:25:23,user55,/api/login,378,404
2026-02-17T15:44:36,user387,/api/upload,2169,502
2026-02-17T05:58:54,user348,/api/upload,2526,200
2026-02-17T20:34:44,user89,/api/logout,174,502
2026-02-17T02:48:06,user425,/api/users,546,403
2026-02-17T02:51:26,user305,/api/payments,528,200
2026-02-17T10:58:42,user27,/api/profile,332,403
2026-02-17T13:28:06,user354,/api/upload,1523,201
2026-02-17T09:44:05,user298,/api/orders,380,500
2026-02-17T12:43:02,user210,/api/logout,340,200
2026-02-17T02:10:06,user469,/api/settings,398,200
2026-02-17T15:54:27,user300,/api/login,228,200
2026-02-17T09:48:48,user1,/api/notifications,214,502
2026-02-17T02:38:10,user35,/api/payments,324,200
2026-02-17T09:16:25,user368,/api/payments,492,403
2026-02-17T09:49:55,user287,/api/products,508,404
2026-02-17T10:46:49,user46,/api/reports,195,404
2026-02-17T20:42:17,user475,/api/search,753,200
2026-02-17T05:03:50,user446,/api/download,1196,200
2026-02-17T11:27:55,user2,/api/logout,423,301
2026-02-17T04:41:53,user72,/api/payments,84,403
2026-02-17T07:03:28,user500,/api/dashboard,129,200
2026-02-17T01:40:52,user190,/api/users,544,404
2026-02-17T23:58:25,user370,/api/upload,2954,200
2026-02-17T03:04:13,user478,/api/users,416,403
2026-02-17T05:00:15,user315,/api/profile,50,301
2026-02-17T15:16:16,user329,/api/analytics,533,502
2026-02-17T12:21:48,user161,/api/logout,245,301
2026-02-17T18:32:03,user155,/api/search,1665,200
2026-02-17T08:50:36,user196,/api/download,3496,200
2026-02-17T00:05:55,user19,/api/profile,190,200
2026-02-17T11:06:41,user356,/api/search,1051,200
2026-02-17T03:27:07,user56,/api/users,496,401
2026-02-17T13:13:46,user174,/api/reports,531,200
2026-02-17T02:42:03,user168,/api/users,312,401
2026-02-17T09:41:50,user266,/api/upload,3100,201
2026-02-17T00:41:20,user188,/api/notifications,339,500
2026-02-17T20:39:23,user167,/api/profile,171,401
2026-02-17T06:59:01,user193,/api/download,2340,200
2026-02-17T18:44:24,user85,/api/profile,241,502
2026-02-17T09:57:16,user48,/api/users,369,503
2026-02-17T20:03:18,user363,/api/analytics,1647,201
2026-02-17T03:15:43,user384,/api/login,395,200
2026-02-17T15:16:16,user465,/api/orders,508,201
2026-02-17T02:10:37,user222,/api/dashboard,498,401
2026-02-17T05:26:40,user27,/api/logout,194,200
2026-02-17T19:45:09,user59,/api/login,61,401
2026-02-17T15:19:59,user396,/api/analytics,407,200
2026-02-17T08:39:17,user292,/api/profile,110,201
2026-02-17T15:01:30,user104,/api/users,452,200
2026-02-17T02:17:46,user46,/api/orders,168,200
2026-02-17T01:56:55,user449,/api/products,278,201
2026-02-17T00:01:09,user122,/api/login,282,200
2026-02-17T23:56:52,user397,/api/dashboard,311,201
2026-02-17T05:13:09,user108,/api/settings,354,200
2026-02-17T18:57:43,user78,/api/users,277,200
2026-02-17T03:46:29,user373,/api/download,1356,201
2026-02-17T10:03:47,user399,/api/upload,2743,201
2026-02-17T05:22:41,user207,/api/settings,58,201
2026-02-17T10:23:51,user330,/api/settings,386,502
2026-02-17T02:56:11,user431,/api/download,774,200
2026-02-17T09:40:08,user401,/api/orders,129,404
2026-02-17T08:06:55,user385,/api/notifications,277,400
2026-02-17T17:13:29,user167,/api/analytics,1441,301
2026-02-17T10:57:34,user382,/api/dashboard,259,200
2026-02-17T04:36:13,user33,/api/analytics,770,404
2026-02-17T09:32:22,user58,/api/notifications,203,404
2026-02-17T07:26:03,user54,/api/settings,76,401
2026-02-17T05:43:39,user481,/api/products,309,502
2026-02-17T18:35:21,user354,/api/upload,1833,401
2026-02-17T13:48:13,user485,/api/dashboard,524,200
2026-02-17T02:49:42,user388,/api/login,112,200
2026-02-17T20:32:57,user199,/api/profile,291,200
2026-02-17T06:39:11,user270,/api/logout,232,502
2026-02-17T02:22:40,user92,/api/analytics,540,401
2026-02-17T01:40:00,user53,/api/products,533,301
2026-02-17T04:55:14,user492,/api/users,278,301
2026-02-17T20:56:37,user123,/api/reports,476,403
2026-02-17T21:49:56,user179,/api/reports,535,503
2026-02-17T05:41:22,user497,/api/users,68,201
2026-02-17T20:14:26,user198,/api/orders,376,200
2026-02-17T10:35:10,user242,/api/dashboard,511,200
2026-02-17T14:39:39,user454,/api/settings,468,503
2026-02-17T00:34:41,user353,/api/notifications,133,500
2026-02-17T08:31:34,user396,/api/login,186,401
2026-02-17T20:25:27,user109,/api/users,93,200
2026-02-17T19:31:29,user465,/api/download,1332,502
2026-02-17T05:54:59,user281,/api/orders,110,502
2026-02-17T05:34:29,user278,/api/reports,166,200
2026-02-17T14:04:28,user120,/api/profile,188,201
2026-02-17T15:12:06,user105,/api/analytics,1015,403
2026-02-17T15:45:31,user364,/api/reports,61,401
2026-02-17T09:17:40,user184,/api/analytics,1280,201
2026-02-17T06:49:46,user339,/api/logout,210,403
2026-02-17T13:43:00,user477,/api/products,78,200
2026-02-17T15:04:14,user57,/api/logout,369,503
2026-02-17T14:27:32,user354,/api/dashboard,158,503
2026-02-17T17:40:33,user219,/api/payments,144,502
2026-02-17T14:42:59,user91,/api/notifications,230,503
2026-02-17T05:19:37,user369,/api/payments,87,401
2026-02-17T03:56:58,user298,/api/profile,495,401
2026-02-17T03:37:23,user326,/api/upload,3371,400
2026-02-17T04:14:44,user215,/api/analytics,906,503
2026-02-17T00:46:55,user429,/api/logout,163,200
2026-02-17T15:59:27,user142,/api/analytics,294,200
2026-02-17T12:35:21,user431,/api/profile,198,403
2026-02-17T10:34:43,user433,/api/reports,372,502
2026-02-17T17:07:12,user363,/api/products,198,400
2026-02-17T19:42:42,user257,/api/dashboard,126,200
2026-02-17T05:08:18,user403,/api/users,255,400
2026-02-17T16:05:42,user328,/api/users,356,404
2026-02-17T09:22:31,user189,/api/users,113,201
2026-02-17T18:58:23,user395,/api/profile,181,400
2026-02-17T17:17:38,user427,/api/upload,1074,503
2026-02-17T23:35:52,user178,/api/analytics,231,301
2026-02-17T19:44:22,user75,/api/reports,243,403
2026-02-17T15:59:38,user28,/api/profile,129,500
2026-02-17T07:55:49,user232,/api/orders,69,401
2026-02-17T14:38:47,user226,/api/upload,688,200
2026-02-17T05:42:28,user163,/api/download,3010,200
2026-02-17T04:55:20,user113,/api/reports,200,400
2026-02-17T06:39:32,user438,/api/search,370,404
2026-02-17T16:39:14,user117,/api/logout,117,200
2026-02-17T16:19:21,user162,/api/upload,2994,404
2026-02-17T10:34:54,user232,/api/download,3139,200
2026-02-17T09:38:50,user68,/api/settings,114,401
2026-02-17T11:43:26,user25,/api/profile,226,503
2026-02-17T08:02:31,user380,/api/payments,316,200
2026-02-17T02:22:12,user416,/api/reports,423,400
2026-02-17T01:22:31,user144,/api/users,529,400
2026-02-17T06:15:47,user386,/api/search,662,200
2026-02-17T14:07:31,user316,/api/settings,239,502
2026-02-17T07:37:33,user337,/api/payments,125,200
2026-02-17T17:18:43,user275,/api/dashboard,108,200
2026-02-17T23:16:15,user423,/api/notifications,175,200
2026-02-17T08:32:47,user39,/api/settings,56,500
2026-02-17T05:45:43,user137,/api/reports,233,502
2026-02-17T03:36:26,user432,/api/users,387,502
2026-02-17T06:41:36,user36,/api/orders,433,200
2026-02-17T10:55:54,user324,/api/orders,256,301
2026-02-17T18:09:29,user166,/api/notifications,172,401
2026-02-17T17:14:39,user240,/api/download,2461,200
2026-02-17T03:32:23,user281,/api/settings,346,503
2026-02-17T22:35:27,user42,/api/login,284,404
2026-02-17T15:14:17,user292,/api/settings,492,200
2026-02-17T16:34:49,user349,/api/logout,195,200
2026-02-17T16:32:30,user262,/api/upload,2685,200
2026-02-17T08:00:28,user382,/api/analytics,899,301
2026-02-17T03:20:23,user472,/api/upload,3316,500
2026-02-17T22:11:21,user431,/api/users,298,404
2026-02-17T11:49:26,user407,/api/profile,187,301
2026-02-17T21:05:55,user427,/api/dashboard,372,401
2026-02-17T21:29:19,user188,/api/download,1197,200
2026-02-17T20:33:34,user380,/api/download,747,500
2026-02-17T11:33:34,user137,/api/upload,2419,502
2026-02-17T17:17:43,user16,/api/notifications,400,200
2026-02-17T11:09:13,user358,/api/login,402,200
2026-02-17T14:40:23,user439,/api/search,1002,404
2026-02-17T06:39:57,user219,/api/reports,194,502
2026-02-17T16:41:16,user149,/api/search,925,500
2026-02-17T19:01:11,user91,/api/reports,88,401
2026-02-17T06:49:02,user89,/api/download,3123,200
2026-02-17T11:42:22,user27,/api/profile,354,200
2026-02-17T21:22:21,user486,/api/orders,446,201
2026-02-17T21:42:33,user117,/api/upload,3057,400
2026-02-17T16:18:23,user197,/api/products,212,503
2026-02-17T01:04:38,user356,/api/login,222,404
2026-02-17T23:18:11,user354,/api/payments,325,404
2026-02-17T03:10:32,user381,/api/products,498,200
2026-02-17T23:38:20,user391,/api/reports,483,400
2026-02-17T20:02:02,user412,/api/login,68,404
2026-02-17T17:34:47,user379,/api/download,536,200
2026-02-17T15:06:43,user475,/api/logout,178,500
2026-02-17T22:10:56,user356,/api/orders,518,200
2026-02-17T16:20:59,user159,/api/download,2697,200
2026-02-17T17:51:13,user75,/api/analytics,1571,403
2026-02-17T23:07:08,user473,/api/dashboard,362,201
2026-02-17T03:06:31,user388,/api/notifications,527,200
2026-02-17T21:14:40,user215,/api/orders,227,200
2026-02-17T17:14:04,user267,/api/users,99,200
2026-02-17T23:51:35,user231,/api/payments,93,200
2026-02-17T21:11:48,user20,/api/analytics,1059,200
2026-02-17T06:16:48,user352,/api/notifications,114,401
2026-02-17T17:26:11,user39,/api/products,433,401
2026-02-17T02:08:06,user220,/api/settings,129,200
2026-02-17T13:49:47,user27,/api/upload,1825,200
2026-02-17T07:48:21,user464,/api/reports,486,200
2026-02-17T14:39:14,user291,/api/reports,152,200
2026-02-17T22:04:01,user478,/api/reports,332,401
2026-02-17T18:13:50,user312,/api/notifications,412,200
2026-02-17T01:02:49,user480,/api/products,478,401
2026-02-17T04:14:34,user213,/api/logout,253,201
2026-02-17T20:44:37,user240,/api/dashboard,522,200
2026-02-17T22:38:47,user50,/api/reports,213,401
2026-02-17T03:13:50,user138,/api/settings,387,200
2026-02-17T23:12:26,user32,/api/reports,218,404
2026-02-17T17:15:28,user225,/api/upload,952,500
2026-02-17T13:13:12,user377,/api/settings,506,502
2026-02-17T15:54:09,user235,/api/reports,359,201
2026-02-17T08:30:43,user377,/api/users,357,502
2026-02-17T20:19:59,user325,/api/reports,395,301
2026-02-17T21:35:06,user33,/api/notifications,422,503
2026-02-17T23:53:53,user297,/api/upload,2852,200
2026-02-17T03:59:11,user201,/api/settings,70,200
2026-02-17T20:30:01,user233,/api/notifications,327,200
2026-02-17T16:35:53,user229,/api/orders,486,500
2026-02-17T04:05:30,user202,/api/notifications,266,201
2026-02-17T21:20:30,user392,/api/notifications,141,200
2026-02-17T13:35:15,user485,/api/search,437,401
2026-02-17T06:10:37,user294,/api/login,206,201
2026-02-17T02:44:14,user204,/api/users,461,201
2026-02-17T03:24:51,user344,/api/orders,516,200
2026-02-17T22:56:49,user100,/api/users,234,200
2026-02-17T15:32:22,user425,/api/logout,373,200
2026-02-17T10:56:35,user345,/api/upload,1299,503
2026-02-17T06:30:13,user217,/api/settings,86,301
2026-02-17T02:09:37,user468,/api/orders,76,200
2026-02-17T06:11:37,user326,/api/login,66,200
2026-02-17T05:38:23,user307,/api/users,215,200
2026-02-17T19:50:06,user314,/api/logout,190,200
2026-02-17T01:32:23,user71,/api/download,2829,400
2026-02-17T08:02:55,user7,/api/search,1541,301
2026-02-17T00:16:45,user324,/api/logout,374,401
2026-02-17T23:57:17,user318,/api/download,2311,301
2026-02-17T18:23:05,user34,/api/analytics,927,200
2026-02-17T03:12:28,user491,/api/payments,77,500
2026-02-17T17:11:45,user96,/api/search,850,502
2026-02-17T08:58:16,user93,/api/login,79,301
2026-02-17T07:15:28,user395,/api/settings,77,200
2026-02-17T03:31:02,user309,/api/logout,278,200
2026-02-17T05:27:52,user404,/api/upload,3258,200
2026-02-17T07:29:58,user93,/api/notifications,512,200
2026-02-17T05:51:36,user390,/api/settings,335,200
2026-02-17T23:58:00,user193,/api/payments,248,404
2026-02-17T12:26:05,user280,/api/dashboard,398,200
2026-02-17T01:06:26,user236,/api/dashboard,254,403
2026-02-17T14:21:33,user466,/api/payments,447,500
2026-02-17T18:47:01,user458,/api/search,589,500
2026-02-17T11:04:12,user458,/api/upload,2944,500
2026-02-17T14:04:14,user156,/api/notifications,198,301
2026-02-17T21:49:19,user304,/api/analytics,765,200
2026-02-17T05:57:50,user132,/api/profile,342,200
2026-02-17T12:28:13,user197,/api/dashboard,76,200
2026-02-17T17:39:39,user124,/api/analytics,487,401
2026-02-17T13:27:58,user477,/api/logout,493,200
2026-02-17T17:10:23,user48,/api/logout,143,401
2026-02-17T21:09:40,user197,/api/dashboard,390,301
2026-02-17T07:33:04,user55,/api/settings,146,200
2026-02-17T14:43:15,user65,/api/download,2254,503
2026-02-17T01:44:18,user347,/api/orders,182,301
2026-02-17T10:36:05,user44,/api/orders,137,200
2026-02-17T11:28:35,user485,/api/payments,415,500
2026-02-17T22:36:17,user339,/api/products,239,404
2026-02-17T13:43:18,user61,/api/upload,2426,502
2026-02-17T01:07:35,user435,/api/profile,446,500
2026-02-17T13:29:24,user348,/api/profile,200,200
2026-02-17T23:23:24,user418,/api/logout,189,200
2026-02-17T03:35:27,user47,/api/dashboard,105,401
2026-02-17T09:04:27,user196,/api/payments,528,502
2026-02-17T03:26:54,user90,/api/logout,527,404
2026-02-17T03:35:16,user402,/api/settings,308,401
2026-02-17T07:44:32,user263,/api/reports,82,200
2026-02-17T06:38:50,user399,/api/settings,287,500
2026-02-17T16:42:36,user379,/api/upload,2644,200
2026-02-17T08:34:58,user428,/api/reports,139,200
2026-02-17T11:00:15,user312,/api/settings,401,403
2026-02-17T05:21:11,user412,/api/reports,312,200
2026-02-17T02:15:41,user195,/api/users,290,200
2026-02-17T01:10:33,user259,/api/search,757,502
2026-02-17T09:52:57,user311,/api/analytics,1282,500
2026-02-17T08:48:16,user134,/api/settings,269,400
2026-02-17T00:07:51,user252,/api/profile,490,403
2026-02-17T03:41:48,user23,/api/upload,2311,401
2026-02-17T20:44:30,user5,/api/products,309,201
2026-02-17T05:41:44,user427,/api/search,511,403
2026-02-17T17:24:49,user188,/api/notifications,518,200
2026-02-17T09:48:28,user189,/api/search,701,201
2026-02-17T22:52:02,user223,/api/orders,477,200
2026-02-17T08:26:23,user25,/api/dashboard,380,301
2026-02-17T00:50:45,user127,/api/download,932,200
2026-02-17T20:02:56,user66,/api/users,299,301
2026-02-17T11:03:30,user396,/api/upload,1696,401
2026-02-17T03:03:46,user326,/api/users,199,200
2026-02-17T03:03:06,user97,/api/login,486,401
2026-02-17T18:38:57,user73,/api/payments,53,400
2026-02-17T05:20:42,user52,/api/dashboard,240,200
2026-02-17T06:40:53,user172,/api/reports,250,503
2026-02-17T19:15:00,user37,/api/notifications,419,400
2026-02-17T02:11:01,user287,/api/settings,157,404
2026-02-17T00:48:12,user227,/api/products,188,502
2026-02-17T15:28:35,user458,/api/profile,356,301
2026-02-17T22:50:56,user314,/api/upload,774,201
2026-02-17T08:27:12,user93,/api/logout,295,401
2026-02-17T13:36:44,user222,/api/products,208,200
2026-02-17T23:44:33,user31,/api/download,2532,403
2026-02-17T08:19:27,user53,/api/download,2781,403
2026-02-17T20:16:02,user42,/api/logout,231,403
2026-02-17T11:23:06,user126,/api/upload,3434,502
2026-02-17T08:58:51,user277,/api/logout,430,200
2026-02-17T01:10:10,user435,/api/users,168,500
2026-02-17T09:34:44,user445,/api/analytics,304,503
2026-02-17T00:28:41,user168,/api/payments,181,200
2026-02-17T16:38:40,user216,/api/profile,98,400
2026-02-17T16:38:40,user177,/api/upload,1650,500
2026-02-17T12:04:33,user250,/api/logout,463,404
2026-02-17T07:49:33,user63,/api/users,133,400
2026-02-17T03:03:36,user113,/api/users,139,400
2026-02-17T05:42:54,user383,/api/upload,3072,400
2026-02-17T20:22:12,user23,/api/notifications,355,200
2026-02-17T19:40:12,user185,/api/analytics,212,301
2026-02-17T02:56:45,user149,/api/dashboard,370,200
2026-02-17T13:26:16,user410,/api/payments,503,403
2026-02-17T08:51:22,user453,/api/analytics,965,500
2026-02-17T01:09:07,user41,/api/search,630,500
2026-02-17T18:06:39,user150,/api/login,58,403
2026-02-17T07:18:25,user334,/api/login,460,301
2026-02-17T17:40:46,user325,/api/payments,136,200
2026-02-17T19:13:33,user386,/api/download,2528,200
2026-02-17T19:10:05,user248,/api/dashboard,399,200
2026-02-17T03:43:08,user256,/api/download,757,500
2026-02-17T04:07:29,user322,/api/login,358,503
2026-02-17T08:54:37,user7,/api/dashboard,124,200
2026-02-17T15:07:49,user147,/api/upload,642,400
2026-02-17T11:33:50,user53,/api/settings,530,502
2026-02-17T20:03:16,user94,/api/notifications,235,200
2026-02-17T08:51:24,user58,/api/orders,324,200
2026-02-17T20:33:36,user242,/api/users,60,301
2026-02-17T18:53:16,user28,/api/settings,271,401
2026-02-17T18:02:00,user345,/api/products,403,200
2026-02-17T13:03:45,user398,/api/upload,1361,403
2026-02-17T23:25:04,user339,/api/download,1171,200
2026-02-17T01:36:10,user410,/api/dashboard,414,201
2026-02-17T10:22:58,user402,/api/orders,408,301
2026-02-17T04:21:21,user301,/api/settings,55,200
2026-02-17T22:50:58,user334,/api/search,294,404
2026-02-17T09:21:59,user77,/api/products,492,200
2026-02-17T12:25:19,user64,/api/upload,1849,502
2026-02-17T10:43:28,user495,/api/settings,231,200
2026-02-17T01:10:16,user379,/api/settings,275,200
2026-02-17T10:05:28,user222,/api/upload,1376,500
2026-02-17T11:22:59,user485,/api/reports,354,301
2026-02-17T19:09:33,user347,/api/products,311,201
2026-02-17T05:06:08,user237,/api/settings,222,200
2026-02-17T03:57:24,user176,/api/settings,266,403
2026-02-17T13:05:19,user166,/api/dashboard,449,400
2026-02-17T05:57:27,user443,/api/dashboard,138,200
2026-02-17T05:32:31,user321,/api/analytics,1056,200
2026-02-17T02:17:41,user19,/api/search,819,503
2026-02-17T07:51:44,user179,/api/analytics,774,200
2026-02-17T04:54:49,user198,/api/notifications,366,500
2026-02-17T06:26:01,user487,/api/profile,359,200
2026-02-17T19:48:45,user229,/api/notifications,390,200
2026-02-17T12:40:28,user315,/api/orders,120,200
2026-02-17T21:18:52,user34,/api/orders,372,500
2026-02-17T14:44:06,user257,/api/products,511,400
2026-02-17T07:19:28,user348,/api/logout,71,502
2026-02-17T17:19:04,user284,/api/payments,159,500
2026-02-17T13:28:41,user440,/api/payments,337,500
2026-02-17T16:20:14,user374,/api/dashboard,512,200
2026-02-17T18:51:25,user448,/api/profile,459,200
2026-02-17T00:47:07,user364,/api/logout,230,200
2026-02-17T19:46:05,user1,/api/users,136,200
2026-02-17T00:50:30,user431,/api/search,222,200
2026-02-17T07:52:06,user32,/api/reports,280,200
2026-02-17T16:51:55,user199,/api/reports,113,503
2026-02-17T17:40:32,user186,/api/payments,129,200
2026-02-17T23:27:03,user461,/api/download,3119,503
2026-02-17T07:44:00,user81,/api/users,514,500
2026-02-17T06:00:42,user22,/api/dashboard,382,500
2026-02-17T09:40:30,user225,/api/analytics,1065,403
2026-02-17T11:46:21,user153,/api/reports,136,404
2026-02-17T04:01:37,user475,/api/analytics,800,200
2026-02-17T18:04:44,user414,/api/products,138,201
2026-02-17T19:22:25,user79,/api/orders,395,301
2026-02-17T05:37:32,user460,/api/users,167,403
2026-02-17T04:38:13,user209,/api/products,357,201
2026-02-17T07:24:44,user30,/api/notifications,333,401
2026-02-17T21:56:01,user326,/api/download,3296,301
2026-02-17T23:59:42,user128,/api/notifications,226,301
2026-02-17T10:24:11,user100,/api/reports,336,200
2026-02-17T00:23:16,user303,/api/profile,534,401
2026-02-17T11:46:55,user328,/api/login,61,503
2026-02-17T16:31:34,user253,/api/search,821,200
2026-02-17T15:39:26,user175,/api/orders,346,403
2026-02-17T11:33:10,user373,/api/analytics,1545,404
2026-02-17T21:51:20,user81,/api/reports,287,401
2026-02-17T14:21:17,user390,/api/orders,61,301
2026-02-17T13:36:26,user278,/api/payments,440,200
2026-02-17T05:10:56,user307,/api/upload,2717,200
2026-02-17T07:01:50,user282,/api/products,235,404
2026-02-17T08:49:24,user367,/api/logout,360,403
2026-02-17T13:23:26,user333,/api/dashboard,434,404
2026-02-17T02:51:00,user464,/api/payments,242,200
2026-02-17T03:31:08,user387,/api/search,478,400
2026-02-17T14:49:38,user428,/api/profile,108,502
2026-02-17T07:33:36,user252,/api/upload,1109,503
2026-02-17T07:00:23,user341,/api/login,338,500
2026-02-17T09:21:40,user336,/api/settings,72,200
2026-02-17T15:21:36,user60,/api/settings,432,200
2026-02-17T06:58:36,user457,/api/search,489,200
2026-02-17T14:54:57,user83,/api/orders,343,503
2026-02-17T00:48:43,user112,/api/users,421,401
2026-02-17T13:39:58,user260,/api/logout,415,301
2026-02-17T23:10:23,user229,/api/logout,325,503
2026-02-17T21:12:43,user54,/api/users,417,200
2026-02-17T07:09:20,user275,/api/users,315,200
2026-02-17T00:36:59,user99,/api/notifications,344,403
2026-02-17T23:50:20,user169,/api/dashboard,86,200
2026-02-17T19:52:20,user40,/api/logout,191,401
2026-02-17T20:49:34,user282,/api/orders,374,401
2026-02-17T04:13:53,user206,/api/products,394,200
2026-02-17T01:36:25,user177,/api/search,404,502
2026-02-17T15:19:36,user29,/api/users,381,200
2026-02-17T04:07:06,user48,/api/settings,198,500
2026-02-17T08:58:12,user54,/api/search,845,404
2026-02-17T17:11:48,user24,/api/dashboard,298,200
2026-02-17T15:22:58,user248,/api/dashboard,506,200
2026-02-17T19:21:37,user84,/api/download,1304,401
2026-02-17T13:17:07,user478,/api/users,95,401
2026-02-17T11:40:24,user107,/api/analytics,1198,200
2026-02-17T18:17:41,user355,/api/analytics,494,403
2026-02-17T02:56:41,user418,/api/search,1493,404
2026-02-17T00:50:15,user467,/api/download,2717,200
2026-02-17T22:18:30,user455,/api/payments,240,200
2026-02-17T19:55:07,user192,/api/download,2651,403
2026-02-17T23:51:48,user443,/api/upload,1206,400
2026-02-17T14:58:31,user143,/api/dashboard,488,400
2026-02-17T12:29:30,user442,/api/products,331,200
2026-02-17T03:08:51,user334,/api/reports,170,200
2026-02-17T03:36:39,user162,/api/dashboard,327,401
2026-02-17T01:53:51,user413,/api/dashboard,441,403
2026-02-17T19:40:47,user209,/api/notifications,193,301
2026-02-17T16:57:53,user52,/api/download,2122,200
2026-02-17T04:23:43,user185,/api/reports,213,200
2026-02-17T20:53:55,user123,/api/dashboard,127,503
2026-02-17T14:36:52,user17,/api/products,512,500
2026-02-17T07:29:40,user117,/api/analytics,604,301
2026-02-17T18:12:41,user213,/api/orders,210,502
2026-02-17T08:56:00,user474,/api/dashboard,191,200
2026-02-17T13:45:13,user424,/api/orders,532,200
2026-02-17T04:06:12,user133,/api/download,1825,301
2026-02-17T05:48:08,user342,/api/payments,63,502
2026-02-17T08:36:04,user428,/api/payments,248,403
2026-02-17T20:43:13,user231,/api/dashboard,287,200
2026-02-17T18:17:30,user325,/api/notifications,329,404
2026-02-17T13:43:00,user411,/api/settings,118,500
2026-02-17T16:02:20,user73,/api/notifications,200,502
2026-02-17T23:53:42,user462,/api/search,540,404
2026-02-17T03:19:05,user97,/api/analytics,1221,400
2026-02-17T11:09:44,user98,/api/upload,3100,200
2026-02-17T22:24:19,user247,/api/payments,461,503
2026-02-17T03:40:50,user180,/api/logout,489,400
2026-02-17T05:40:18,user480,/api/reports,209,401
2026-02-17T12:42:32,user306,/api/orders,260,500
2026-02-17T03:20:13,user252,/api/download,2922,500
2026-02-17T09:55:14,user14,/api/products,361,403
2026-02-17T07:18:48,user288,/api/settings,144,502
2026-02-17T13:40:17,user354,/api/download,872,503
2026-02-17T18:21:13,user214,/api/notifications,158,401
2026-02-17T04:48:42,user247,/api/settings,240,200
2026-02-17T07:46:46,user92,/api/login,345,401
2026-02-17T17:37:13,user120,/api/upload,1840,200
2026-02-17T10:19:21,user470,/api/dashboard,128,200
2026-02-17T09:25:52,user433,/api/orders,74,200
2026-02-17T01:35:10,user52,/api/upload,1141,200
2026-02-17T23:02:39,user259,/api/search,273,404
2026-02-17T18:56:41,user90,/api/download,1107,200
2026-02-17T06:08:19,user18,/api/settings,374,200
2026-02-17T22:29:07,user71,/api/reports,542,201
2026-02-17T16:16:41,user283,/api/dashboard,148,301
2026-02-17T01:05:31,user453,/api/users,167,200
2026-02-17T04:34:23,user177,/api/reports,347,401
2026-02-17T06:09:24,user33,/api/login,500,400
2026-02-17T22:46:57,user459,/api/settings,133,400
2026-02-17T16:15:41,user177,/api/logout,233,400
2026-02-17T15:19:41,user318,/api/reports,527,400
2026-02-17T19:07:24,user387,/api/login,435,400
2026-02-17T23:48:11,user315,/api/download,2018,403
2026-02-17T21:01:51,user83,/api/login,112,201
2026-02-17T05:29:37,user298,/api/reports,435,500
2026-02-17T04:37:30,user383,/api/search,746,503
2026-02-17T08:06:56,user140,/api/download,1903,503
2026-02-17T21:19:13,user303,/api/search,752,200
2026-02-17T10:10:08,user81,/api/dashboard,68,403
2026-02-17T03:55:43,user33,/api/upload,1148,500
2026-02-17T14:28:32,user392,/api/download,1909,503
2026-02-17T06:13:19,user244,/api/settings,389,404
2026-02-17T18:00:18,user417,/api/settings,289,201
2026-02-17T03:28:46,user198,/api/upload,1164,400
2026-02-17T07:14:33,user400,/api/users,423,404
2026-02-17T23:47:21,user127,/api/reports,462,400
2026-02-17T09:56:21,user250,/api/dashboard,509,200
2026-02-17T17:15:35,user333,/api/settings,132,200
2026-02-17T23:20:04,user366,/api/reports,462,200
2026-02-17T06:38:02,user424,/api/profile,517,200
2026-02-17T21:30:16,user329,/api/download,619,200
2026-02-17T13:56:23,user236,/api/upload,1211,200
2026-02-17T14:41:22,user92,/api/products,450,200
2026-02-17T21:16:59,user406,/api/login,276,502
2026-02-17T11:13:27,user137,/api/download,3295,301
2026-02-17T13:38:13,user480,/api/download,3426,200
2026-02-17T06:50:04,user172,/api/search,252,404
2026-02-17T16:38:11,user492,/api/download,3398,200
2026-02-17T15:34:58,user270,/api/dashboard,532,401
2026-02-17T06:25:07,user43,/api/analytics,1677,200
2026-02-17T17:46:53,user176,/api/analytics,806,503
2026-02-17T06:05:34,user481,/api/settings,159,200
2026-02-17T13:35:47,user189,/api/settings,481,401
2026-02-17T00:58:12,user271,/api/logout,85,400
2026-02-17T09:36:40,user290,/api/login,477,301
2026-02-17T11:27:12,user208,/api/download,1747,201
2026-02-17T13:47:32,user457,/api/upload,2077,500
2026-02-17T21:11:10,user140,/api/login,182,201
2026-02-17T00:09:57,user441,/api/settings,536,401
2026-02-17T07:52:02,user330,/api/dashboard,459,200
2026-02-17T04:56:55,user65,/api/profile,197,401
2026-02-17T06:53:52,user376,/api/settings,87,500
2026-02-17T23:56:53,user111,/api/notifications,175,200
2026-02-17T13:57:49,user308,/api/analytics,859,200
2026-02-17T14:50:48,user138,/api/dashboard,192,503
2026-02-17T02:57:29,user460,/api/search,867,200
2026-02-17T03:03:06,user352,/api/logout,495,200
2026-02-17T18:18:26,user301,/api/dashboard,225,404
2026-02-17T00:50:36,user451,/api/orders,467,502
2026-02-17T03:59:16,user27,/api/search,724,401
2026-02-17T02:13:11,user472,/api/profile,318,401
2026-02-17T01:11:17,user83,/api/profile,504,404
2026-02-17T17:07:42,user28,/api/logout,86,200
2026-02-17T15:02:49,user399,/api/login,546,200
2026-02-17T13:55:08,user382,/api/upload,610,201
2026-02-17T00:33:41,user42,/api/products,429,503
2026-02-17T09:46:18,user157,/api/orders,534,502
2026-02-17T23:57:01,user32,/api/users,416,403
2026-02-17T00:40:26,user340,/api/login,159,200
2026-02-17T01:31:45,user270,/api/orders,69,200
2026-02-17T02:53:19,user162,/api/products,345,400
2026-02-17T16:11:02,user271,/api/upload,1482,200
2026-02-17T12:44:02,user470,/api/settings,252,404
2026-02-17T00:52:23,user52,/api/payments,158,500
2026-02-17T11:27:33,user324,/api/orders,117,200
2026-02-17T11:29:33,user221,/api/products,517,200
2026-02-17T04:16:07,user27,/api/notifications,179,201
2026-02-17T21:01:14,user52,/api/search,1699,200
2026-02-17T21:22:12,user209,/api/login,324,503
2026-02-17T03:33:01,user369,/api/payments,160,200
2026-02-17T14:05:56,user34,/api/orders,395,404
2026-02-17T14:56:45,user410,/api/settings,439,200
2026-02-17T05:01:37,user180,/api/search,1133,201
2026-02-17T19:00:49,user176,/api/search,343,301
2026-02-17T08:35:31,user324,/api/analytics,346,401
2026-02-17T03:51:23,user403,/api/download,3078,301
2026-02-17T16:48:07,user79,/api/settings,327,403
2026-02-17T01:42:43,user126,/api/orders,523,403
2026-02-17T12:14:59,user403,/api/reports,134,200
2026-02-17T22:15:13,user28,/api/orders,434,403
2026-02-17T20:27:02,user131,/api/download,1083,200
2026-02-17T02:53:56,user37,/api/profile,527,301
2026-02-17T06:23:17,user374,/api/products,538,200
2026-02-17T14:01:04,user458,/api/dashboard,297,200
2026-02-17T03:56:50,user100,/api/reports,469,200
2026-02-17T19:19:20,user478,/api/notifications,69,502
2026-02-17T01:08:02,user437,/api/reports,127,201
2026-02-17T23:23:56,user50,/api/download,3370,200
2026-02-17T03:01:59,user102,/api/login,164,503
2026-02-17T10:57:06,user191,/api/settings,474,500
2026-02-17T17:27:50,user316,/api/dashboard,127,403
2026-02-17T16:05:34,user80,/api/dashboard,404,400
2026-02-17T18:10:22,user256,/api/products,308,201
2026-02-17T22:58:25,user390,/api/profile,330,200
2026-02-17T02:29:22,user97,/api/analytics,947,400
2026-02-17T01:03:23,user182,/api/download,2027,200
2026-02-17T22:11:13,user479,/api/reports,53,403
2026-02-17T18:14:03,user349,/api/users,547,200
2026-02-17T23:28:31,user446,/api/products,445,200
2026-02-17T16:43:13,user214,/api/download,1660,200
2026-02-17T00:18:00,user151,/api/users,400,400
2026-02-17T09:40:27,user88,/api/logout,204,200
2026-02-17T06:26:31,user11,/api/notifications,270,403
2026-02-17T08:27:23,user233,/api/analytics,1201,200
2026-02-17T00:29:03,user474,/api/notifications,163,201
2026-02-17T21:22:38,user69,/api/profile,63,200
2026-02-17T16:01:53,user397,/api/login,299,404
2026-02-17T05:52:08,user136,/api/users,490,404
2026-02-17T20:31:45,user430,/api/download,1999,201
2026-02-17T10:06:38,user149,/api/dashboard,177,201
2026-02-17T14:20:29,user301,/api/profile,408,401
2026-02-17T23:46:57,user301,/api/products,386,400
2026-02-17T03:26:42,user42,/api/profile,253,200
2026-02-17T18:26:08,user250,/api/analytics,466,301
2026-02-17T06:12:59,user49,/api/notifications,215,502
2026-02-17T09:05:38,user331,/api/search,822,401
2026-02-17T14:20:53,user235,/api/analytics,753,200
2026-02-17T06:50:19,user248,/api/upload,2333,500
2026-02-17T12:44:59,user210,/api/users,337,403
2026-02-17T14:46:48,user14,/api/logout,512,500
2026-02-17T07:02:45,user197,/api/upload,3075,502
2026-02-17T16:12:10,user169,/api/upload,3209,200
2026-02-17T05:39:26,user82,/api/notifications,355,401
2026-02-17T00:04:56,user478,/api/reports,368,200
2026-02-17T10:14:06,user389,/api/products,519,401
2026-02-17T22:18:47,user236,/api/settings,479,200
2026-02-17T23:13:36,user477,/api/profile,263,500
2026-02-17T21:10:42,user120,/api/profile,441,200
2026-02-17T07:00:09,user203,/api/upload,1265,200
2026-02-17T07:23:35,user179,/api/search,1507,403
2026-02-17T11:04:18,user219,/api/payments,396,401
2026-02-17T00:20:40,user355,/api/reports,50,503
2026-02-17T18:45:53,user399,/api/analytics,379,301
2026-02-17T11:39:59,user377,/api/notifications,96,301
2026-02-17T12:13:56,user204,/api/notifications,461,403
2026-02-17T23:29:59,user150,/api/reports,218,200
2026-02-17T18:00:13,user132,/api/payments,256,403
2026-02-17T18:47:08,user411,/api/products,493,301
2026-02-17T17:30:40,user344,/api/reports,431,200
2026-02-17T15:03:46,user30,/api/profile,83,200
2026-02-17T22:55:18,user265,/api/login,513,403
2026-02-17T04:05:02,user292,/api/settings,263,200
2026-02-17T12:51:23,user165,/api/dashboard,340,301
2026-02-17T17:08:43,user279,/api/users,97,200
2026-02-17T23:55:54,user282,/api/payments,492,201
2026-02-17T16:19:22,user324,/api/download,2721,200
2026-02-17T07:54:20,user420,/api/upload,2171,201
2026-02-17T00:34:02,user448,/api/products,313,400
2026-02-17T23:20:03,user395,/api/settings,254,404
2026-02-17T19:36:51,user406,/api/logout,377,403
2026-02-17T20:28:15,user381,/api/search,1390,200
2026-02-17T09:31:15,user263,/api/logout,413,401
2026-02-17T15:23:02,user213,/api/search,1544,503
2026-02-17T22:44:32,user2,/api/download,1152,200
2026-02-17T01:23:36,user36,/api/reports,463,503
2026-02-17T06:27:56,user448,/api/logout,201,500
2026-02-17T14:56:24,user325,/api/profile,384,200
2026-02-17T04:31:09,user240,/api/search,1535,200
2026-02-17T14:02:12,user457,/api/search,515,502
2026-02-17T00:20:33,user489,/api/notifications,337,400
2026-02-17T21:08:11,user164,/api/dashboard,363,200
2026-02-17T15:01:31,user8,/api/notifications,61,404
2026-02-17T07:56:58,user6,/api/login,366,404
2026-02-17T08:04:29,user371,/api/settings,279,400
2026-02-17T08:45:23,user269,/api/logout,146,301
2026-02-17T06:54:53,user475,/api/users,417,200
2026-02-17T04:25:03,user392,/api/dashboard,468,400
2026-02-17T17:42:22,user29,/api/users,441,200
2026-02-17T15:35:23,user50,/api/payments,124,200
2026-02-17T05:37:22,user299,/api/search,1194,201
2026-02-17T15:25:40,user479,/api/profile,452,401
2026-02-17T20:17:40,user22,/api/payments,59,200
2026-02-17T19:35:19,user341,/api/analytics,591,503
2026-02-17T17:48:16,user368,/api/upload,3290,500
2026-02-17T20:39:05,user364,/api/login,396,200
2026-02-17T00:27:58,user38,/api/payments,526,401
2026-02-17T21:14:32,user189,/api/profile,541,200
2026-02-17T06:09:24,user294,/api/products,542,200
2026-02-17T20:55:42,user475,/api/profile,83,301
2026-02-17T13:49:18,user222,/api/download,1790,201
2026-02-17T00:31:15,user466,/api/login,360,502
2026-02-17T22:12:40,user351,/api/orders,136,200
2026-02-17T19:56:59,user370,/api/upload,2347,200
2026-02-17T13:56:51,user200,/api/notifications,248,200
2026-02-17T00:41:25,user87,/api/download,3493,404
2026-02-17T16:30:17,user242,/api/search,1309,200
2026-02-17T17:09:01,user68,/api/download,3331,201
2026-02-17T14:06:14,user197,/api/profile,331,503
2026-02-17T02:10:03,user361,/api/search,600,200
2026-02-17T03:14:30,user351,/api/orders,261,404
2026-02-17T05:50:03,user169,/api/download,535,200
2026-02-17T15:55:39,user226,/api/logout,374,200
2026-02-17T19:33:58,user57,/api/login,263,401
2026-02-17T22:36:29,user402,/api/dashboard,334,401
2026-02-17T21:24:40,user115,/api/settings,367,200
2026-02-17T13:52:06,user62,/api/upload,3417,200
2026-02-17T21:03:49,user268,/api/payments,92,200
2026-02-17T13:05:03,user207,/api/analytics,1393,400
2026-02-17T09:43:38,user488,/api/users,130,500
2026-02-17T09:15:54,user259,/api/logout,399,200
2026-02-17T11:52:26,user359,/api/upload,2547,503
2026-02-17T17:06:27,user159,/api/search,473,502
2026-02-17T23:28:33,user24,/api/reports,455,200
2026-02-17T17:45:13,user380,/api/users,210,503
2026-02-17T22:12:16,user286,/api/users,345,403
2026-02-17T05:41:48,user145,/api/dashboard,310,502
2026-02-17T17:11:39,user106,/api/settings,218,404
2026-02-17T09:45:06,user91,/api/profile,549,200
2026-02-17T09:27:06,user427,/api/search,1204,200
2026-02-17T01:47:29,user415,/api/analytics,1547,200
2026-02-17T17:25:27,user394,/api/products,497,200
2026-02-17T13:17:16,user300,/api/login,421,500
2026-02-17T07:46:30,user381,/api/upload,2954,200
2026-02-17T12:50:01,user500,/api/notifications,511,200
2026-02-17T14:59:45,user192,/api/products,336,500
2026-02-17T04:58:40,user25,/api/settings,505,400
2026-02-17T13:37:34,user458,/api/products,471,200
2026-02-17T18:58:47,user273,/api/users,366,200
2026-02-17T08:32:08,user52,/api/reports,308,401
2026-02-17T03:30:30,user42,/api/upload,1648,404
2026-02-17T19:33:00,user231,/api/products,98,200
2026-02-17T07:42:16,user432,/api/users,110,201
2026-02-17T07:05:44,user43,/api/users,217,403
2026-02-17T12:46:40,user185,/api/analytics,1269,401
2026-02-17T12:30:49,user10,/api/users,421,301
2026-02-17T00:47:12,user222,/api/logout,101,200
2026-02-17T01:48:04,user59,/api/profile,102,401
2026-02-17T18:48:53,user96,/api/analytics,506,201
2026-02-17T21:10:59,user482,/api/upload,2523,401
2026-02-17T21:17:43,user224,/api/search,851,404
2026-02-17T17:34:19,user431,/api/users,149,400
2026-02-17T11:34:10,user339,/api/users,197,500
2026-02-17T02:13:32,user351,/api/analytics,1309,301
2026-02-17T20:39:05,user484,/api/dashboard,270,200
2026-02-17T04:42:06,user282,/api/download,3350,502
2026-02-17T17:08:47,user76,/api/dashboard,128,301
2026-02-17T04:30:08,user480,/api/upload,2901,403
2026-02-17T04:59:18,user134,/api/reports,307,200
2026-02-17T23:07:34,user54,/api/settings,528,403
2026-02-17T14:00:44,user201,/api/reports,411,200
2026-02-17T23:46:15,user331,/api/users,132,500
2026-02-17T04:12:12,user21,/api/orders,330,500
2026-02-17T12:37:20,user421,/api/settings,187,200
2026-02-17T11:31:25,user100,/api/reports,256,401
2026-02-17T08:13:12,user212,/api/orders,478,301
2026-02-17T08:30:15,user61,/api/reports,77,301
2026-02-17T18:01:51,user447,/api/download,2699,502
2026-02-17T12:09:13,user95,/api/notifications,543,200
2026-02-17T20:02:41,user70,/api/search,1497,201
2026-02-17T00:07:04,user427,/api/analytics,450,503
2026-02-17T03:55:31,user231,/api/notifications,165,500
2026-02-17T02:59:08,user275,/api/profile,478,403
2026-02-17T04:20:14,user72,/api/dashboard,194,404
2026-02-17T21:43:05,user116,/api/orders,114,200
2026-02-17T16:42:59,user425,/api/payments,427,401
2026-02-17T05:09:17,user400,/api/login,201,200
2026-02-17T05:26:50,user179,/api/settings,501,401
2026-02-17T08:00:32,user300,/api/notifications,440,201
2026-02-17T00:03:37,user405,/api/logout,395,503
2026-02-17T04:03:32,user336,/api/analytics,859,403
2026-02-17T04:27:42,user5,/api/notifications,211,404
2026-02-17T09:17:42,user43,/api/search,1695,500
2026-02-17T07:02:37,user286,/api/reports,103,401
2026-02-17T04:04:07,user181,/api/analytics,1200,200
2026-02-17T15:05:46,user334,/api/settings,499,403
2026-02-17T00:24:04,user486,/api/download,2863,500
2026-02-17T03:58:49,user205,/api/upload,2836,401
2026-02-17T10:42:20,user489,/api/login,145,502
2026-02-17T07:20:23,user243,/api/notifications,164,403
2026-02-17T19:59:21,user87,/api/download,2146,200
2026-02-17T10:24:52,user421,/api/notifications,532,200
2026-02-17T21:13:47,user288,/api/products,424,200
2026-02-17T02:44:07,user365,/api/users,70,200
2026-02-17T05:19:59,user139,/api/analytics,1637,200
2026-02-17T14:19:17,user284,/api/profile,495,200
2026-02-17T12:35:09,user136,/api/notifications,461,200
2026-02-17T21:15:35,user111,/api/products,434,200
2026-02-17T07:24:57,user77,/api/users,97,502
2026-02-17T17:11:41,user449,/api/users,352,500
2026-02-17T08:58:50,user204,/api/dashboard,175,301
2026-02-17T07:16:13,user376,/api/users,342,404
2026-02-17T14:39:06,user372,/api/products,372,503
2026-02-17T21:52:04,user86,/api/users,74,404
2026-02-17T06:24:44,user100,/api/analytics,1565,500
2026-02-17T17:17:02,user55,/api/orders,452,301
2026-02-17T16:38:29,user170,/api/analytics,717,200
2026-02-17T04:41:13,user456,/api/login,533,401
2026-02-17T05:52:14,user395,/api/products,448,502
2026-02-17T01:00:20,user82,/api/analytics,202,404
2026-02-17T04:49:25,user121,/api/products,65,400
2026-02-17T06:03:12,user209,/api/dashboard,511,200
2026-02-17T15:50:56,user263,/api/dashboard,157,200
2026-02-17T23:14:10,user499,/api/settings,160,200
2026-02-17T05:21:43,user159,/api/products,485,301
2026-02-17T15:08:45,user29,/api/payments,150,200
2026-02-17T06:06:07,user145,/api/analytics,413,502
2026-02-17T07:16:57,user333,/api/settings,221,301
2026-02-17T03:05:30,user113,/api/login,217,400
2026-02-17T08:01:00,user94,/api/dashboard,481,404
2026-02-17T06:06:13,user28,/api/settings,325,200
2026-02-17T13:31:59,user303,/api/payments,129,403
2026-02-17T22:43:14,user393,/api/download,670,301
2026-02-17T14:21:20,user247,/api/orders,87,401
2026-02-17T09:05:27,user128,/api/products,275,503
2026-02-17T15:23:37,user218,/api/products,289,200
2026-02-17T15:37:26,user1,/api/users,215,401
2026-02-17T22:55:46,user28,/api/download,3372,200
2026-02-17T04:52:45,user41,/api/download,2422,200
2026-02-17T04:13:22,user230,/api/notifications,340,200
2026-02-17T20:33:04,user380,/api/reports,336,200
2026-02-17T17:48:37,user480,/api/notifications,545,502
2026-02-17T20:27:40,user423,/api/dashboard,228,503
2026-02-17T19:03:56,user71,/api/settings,281,403
2026-02-17T16:08:03,user468,/api/profile,474,500
2026-02-17T03:09:56,user123,/api/download,985,200
2026-02-17T05:26:13,user165,/api/login,385,503
2026-02-17T23:25:44,user58,/api/analytics,604,400
2026-02-17T13:53:18,user375,/api/search,200,403
2026-02-17T23:19:53,user51,/api/orders,60,200
2026-02-17T00:47:05,user388,/api/products,483,502
2026-02-17T14:09:23,user320,/api/products,546,200
2026-02-17T15:07:55,user215,/api/analytics,1262,404
2026-02-17T14:46:29,user39,/api/products,445,500
2026-02-17T07:08:37,user33,/api/orders,266,502
2026-02-17T09:42:34,user66,/api/notifications,210,502
2026-02-17T22:33:23,user381,/api/dashboard,342,200
2026-02-17T22:39:18,user239,/api/payments,364,403
2026-02-17T23:38:46,user136,/api/search,706,500
2026-02-17T22:14:39,user200,/api/notifications,112,200
2026-02-17T23:42:44,user65,/api/login,309,200
2026-02-17T06:28:04,user31,/api/notifications,537,403
2026-02-17T09:36:38,user173,/api/notifications,384,301
2026-02-17T01:23:05,user15,/api/analytics,1443,400
2026-02-17T15:17:53,user364,/api/notifications,105,201
2026-02-17T23:58:03,user491,/api/notifications,169,500
2026-02-17T06:46:25,user234,/api/search,1663,503
2026-02-17T10:13:31,user9,/api/payments,261,200
2026-02-17T05:34:55,user147,/api/settings,194,200
2026-02-17T13:21:34,user243,/api/notifications,210,200
2026-02-17T22:34:22,user267,/api/profile,386,200
2026-02-17T08:11:51,user189,/api/search,1306,301
2026-02-17T04:32:24,user184,/api/dashboard,418,200
2026-02-17T13:52:49,user457,/api/login,400,301
2026-02-17T04:09:30,user493,/api/search,480,403
2026-02-17T12:11:05,user244,/api/analytics,362,200
2026-02-17T09:47:46,user432,/api/settings,379,200
2026-02-17T00:43:27,user384,/api/search,820,502
2026-02-17T16:28:45,user161,/api/analytics,1146,404
2026-02-17T16:15:47,user208,/api/notifications,126,200
2026-02-17T15:14:01,user6,/api/download,1749,200
2026-02-17T21:35:11,user191,/api/orders,408,500
2026-02-17T18:14:01,user25,/api/notifications,510,400
2026-02-17T22:46:06,user311,/api/search,361,201
2026-02-17T20:57:31,user355,/api/reports,239,200
2026-02-17T04:49:56,user303,/api/profile,294,201
2026-02-17T07:10:55,user262,/api/download,2049,403
2026-02-17T14:24:39,user455,/api/download,2466,200
2026-02-17T23:30:26,user500,/api/dashboard,455,200
2026-02-17T06:36:32,user246,/api/users,466,201
2026-02-17T18:29:23,user433,/api/download,778,503
2026-02-17T00:43:22,user202,/api/settings,130,200
2026-02-17T09:30:27,user171,/api/payments,245,200
2026-02-17T17:21:56,user142,/api/notifications,119,200
2026-02-17T16:45:51,user120,/api/products,162,201
2026-02-17T00:43:43,user125,/api/settings,352,201
2026-02-17T21:20:53,user127,/api/logout,73,502
2026-02-17T09:40:11,user350,/api/analytics,1504,503
2026-02-17T16:38:17,user493,/api/logout,285,403
2026-02-17T23:25:08,user159,/api/reports,242,500
2026-02-17T13:33:48,user29,/api/products,201,403
2026-02-17T18:57:38,user455,/api/reports,162,503
2026-02-17T15:54:59,user233,/api/notifications,429,301
2026-02-17T06:12:10,user24,/api/upload,2413,401
2026-02-17T02:42:57,user114,/api/products,354,200
2026-02-17T08:24:04,user347,/api/profile,488,404
2026-02-17T21:01:57,user232,/api/dashboard,87,200
2026-02-17T05:33:28,user66,/api/orders,263,301
2026-02-17T07:39:19,user410,/api/download,528,500
2026-02-17T09:02:28,user223,/api/logout,78,200
2026-02-17T14:55:02,user77,/api/logout,196,500
2026-02-17T03:33:31,user224,/api/login,335,502
2026-02-17T18:33:13,user236,/api/settings,418,500
2026-02-17T10:06:31,user208,/api/settings,397,200
2026-02-17T23:01:51,user285,/api/search,760,200
2026-02-17T15:52:11,user290,/api/payments,290,200
2026-02-17T17:25:23,user18,/api/notifications,308,200
2026-02-17T05:25:57,user37,/api/profile,169,403
2026-02-17T12:23:22,user485,/api/products,231,200
2026-02-17T19:24:36,user495,/api/payments,490,404
2026-02-17T05:11:55,user405,/api/reports,354,403
2026-02-17T12:06:35,user411,/api/reports,192,200
2026-02-17T11:00:38,user324,/api/logout,311,201
2026-02-17T16:52:36,user391,/api/settings,196,503
2026-02-17T21:50:06,user1,/api/search,268,400
2026-02-17T15:09:22,user306,/api/analytics,513,200
2026-02-17T07:29:04,user368,/api/notifications,375,301
2026-02-17T05:04:17,user332,/api/reports,510,404
2026-02-17T09:25:51,user410,/api/download,1211,401
2026-02-17T16:10:31,user327,/api/upload,2596,500
2026-02-17T20:35:57,user25,/api/users,272,502
2026-02-17T01:51:44,user403,/api/payments,59,403
2026-02-17T01:44:15,user6,/api/search,1241,201
2026-02-17T23:39:54,user51,/api/search,205,200
2026-02-17T18:32:47,user53,/api/settings,130,401
2026-02-17T00:13:36,user330,/api/products,272,301
2026-02-17T02:09:02,user428,/api/products,137,200
2026-02-17T08:59:47,user419,/api/download,1377,502
2026-02-17T17:13:56,user254,/api/payments,416,500
2026-02-17T20:55:41,user22,/api/download,1055,400
2026-02-17T12:06:47,user183,/api/upload,1169,201
2026-02-17T01:02:20,user366,/api/products,548,404
2026-02-17T17:22:02,user349,/api/analytics,1180,401
2026-02-17T17:36:25,user324,/api/login,65,400
2026-02-17T19:52:48,user49,/api/download,2484,200
2026-02-17T10:39:10,user489,/api/notifications,119,200
2026-02-17T12:00:53,user13,/api/settings,222,201
2026-02-17T10:26:49,user262,/api/login,116,404
2026-02-17T16:25:49,user50,/api/orders,158,401
2026-02-17T13:40:07,user74,/api/settings,410,403
2026-02-17T17:48:41,user287,/api/search,214,404
2026-02-17T19:57:34,user144,/api/settings,405,301
2026-02-17T19:48:35,user491,/api/products,241,503
2026-02-17T12:06:35,user321,/api/products,490,200
2026-02-17T22:49:32,user142,/api/users,122,503
2026-02-17T19:52:03,user116,/api/analytics,963,301
2026-02-17T23:34:01,user52,/api/download,2776,200
2026-02-17T01:56:04,user323,/api/reports,96,200
2026-02-17T02:55:09,user411,/api/logout,103,404
2026-02-17T12:50:50,user83,/api/payments,527,502
2026-02-17T09:18:26,user43,/api/products,549,403
2026-02-17T16:13:47,user347,/api/users,425,404
2026-02-17T20:03:40,user355,/api/users,265,301
2026-02-17T14:36:31,user153,/api/profile,408,201
2026-02-17T22:41:54,user232,/api/reports,328,502
2026-02-17T16:18:02,user423,/api/search,246,200
2026-02-17T05:59:54,user197,/api/logout,189,200
2026-02-17T20:22:05,user445,/api/search,1089,502
2026-02-17T17:59:56,user94,/api/reports,76,503
2026-02-17T00:18:56,user229,/api/settings,91,200
2026-02-17T14:47:15,user290,/api/profile,252,404
2026-02-17T11:19:40,user254,/api/orders,314,201
2026-02-17T14:22:16,user220,/api/search,1597,200
2026-02-17T13:47:28,user420,/api/products,82,404
2026-02-17T22:18:19,user481,/api/download,1906,404
2026-02-17T08:51:49,user378,/api/login,97,200
2026-02-17T13:53:27,user200,/api/profile,500,503
2026-02-17T17:34:42,user127,/api/orders,534,500
2026-02-17T19:35:27,user91,/api/settings,384,201
2026-02-17T14:00:00,user454,/api/products,313,201
2026-02-17T06:06:16,user185,/api/download,3323,200
2026-02-17T23:39:47,user57,/api/dashboard,310,500
2026-02-17T11:20:38,user420,/api/users,261,403
2026-02-17T10:32:04,user431,/api/download,3077,401
2026-02-17T21:50:06,user91,/api/payments,501,403
2026-02-17T18:34:53,user182,/api/login,532,404
2026-02-17T23:30:40,user78,/api/analytics,407,200
2026-02-17T21:18:57,user220,/api/dashboard,219,200
2026-02-17T19:05:36,user109,/api/dashboard,455,200
2026-02-17T05:06:35,user205,/api/logout,150,503
2026-02-17T04:27:54,user103,/api/orders,282,201
2026-02-17T09:32:59,user231,/api/payments,507,404
2026-02-17T09:10:32,user119,/api/notifications,340,403
2026-02-17T05:04:00,user398,/api/products,151,502
2026-02-17T14:25:31,user297,/api/search,1071,200
2026-02-17T00:50:13,user434,/api/analytics,1153,301
2026-02-17T17:09:32,user150,/api/upload,1811,200
2026-02-17T02:04:38,user63,/api/profile,317,401
2026-02-17T18:11:31,user114,/api/download,2369,403
2026-02-17T06:06:04,user3,/api/profile,352,503
2026-02-17T18:12:58,user87,/api/notifications,136,200
2026-02-17T11:44:29,user84,/api/settings,422,200
2026-02-17T15:49:31,user229,/api/logout,432,500
2026-02-17T07:44:37,user45,/api/reports,432,500
2026-02-17T07:28:44,user447,/api/profile,428,201
2026-02-17T01:53:17,user181,/api/products,480,401
2026-02-17T08:42:42,user360,/api/products,243,200
2026-02-17T03:32:18,user380,/api/analytics,1255,200
2026-02-17T05:56:30,user361,/api/payments,388,500
2026-02-17T03:00:50,user38,/api/reports,150,301
2026-02-17T10:31:43,user329,/api/dashboard,465,403
2026-02-17T22:10:24,user138,/api/logout,144,201
2026-02-17T07:52:32,user237,/api/logout,538,400
2026-02-17T00:14:37,user337,/api/upload,2842,200
2026-02-17T06:28:48,user72,/api/users,474,403
2026-02-17T20:49:19,user356,/api/download,1580,400
2026-02-17T16:24:39,user53,/api/settings,298,500
2026-02-17T18:37:16,user50,/api/login,122,401
2026-02-17T11:17:58,user424,/api/upload,2565,503
2026-02-17T02:20:04,user311,/api/logout,183,404
2026-02-17T20:53:27,user78,/api/profile,425,200
2026-02-17T15:15:35,user452,/api/orders,321,200
2026-02-17T10:58:02,user489,/api/profile,117,404
2026-02-17T00:39:27,user321,/api/reports,291,401
2026-02-17T11:53:42,user205,/api/analytics,450,201
2026-02-17T11:08:36,user496,/api/download,3358,400
2026-02-17T05:16:44,user370,/api/users,251,400
2026-02-17T19:27:54,user401,/api/products,282,502
2026-02-17T12:12:09,user364,/api/payments,265,200
2026-02-17T16:23:17,user200,/api/logout,111,400
2026-02-17T05:38:36,user451,/api/download,2392,201
2026-02-17T00:22:53,user409,/api/settings,423,200
2026-02-17T17:30:13,user356,/api/upload,930,200
2026-02-17T15:26:14,user473,/api/profile,490,503
2026-02-17T08:01:03,user153,/api/analytics,1053,301
2026-02-17T11:46:16,user144,/api/profile,121,200
2026-02-17T12:48:18,user289,/api/orders,436,301
2026-02-17T08:24:14,user142,/api/upload,1783,400
2026-02-17T13:23:23,user340,/api/dashboard,351,401
2026-02-17T06:16:44,user272,/api/notifications,435,400
2026-02-17T06:59:08,user457,/api/reports,234,200
2026-02-17T20:28:15,user413,/api/payments,410,201
2026-02-17T12:38:35,user82,/api/products,407,503
2026-02-17T05:08:53,user71,/api/orders,310,200
2026-02-17T07:11:49,user280,/api/settings,532,500
2026-02-17T19:05:29,user276,/api/notifications,240,200
2026-02-17T21:51:10,user239,/api/settings,507,200
2026-02-17T06:59:58,user86,/api/reports,389,403
2026-02-17T15:42:07,user316,/api/download,3309,401
2026-02-17T17:16:33,user423,/api/products,292,200
2026-02-17T20:32:35,user276,/api/dashboard,488,403
2026-02-17T06:29:31,user90,/api/dashboard,140,200
2026-02-17T00:56:26,user68,/api/upload,1676,403
2026-02-17T10:22:35,user308,/api/profile,431,404
2026-02-17T23:08:31,user308,/api/upload,500,500
2026-02-17T22:31:27,user275,/api/download,1796,400
2026-02-17T14:00:31,user402,/api/analytics,297,201
2026-02-17T22:24:17,user456,/api/upload,1729,301
2026-02-17T21:46:55,user299,/api/products,216,201
2026-02-17T21:18:06,user383,/api/products,366,200
2026-02-17T04:17:38,user234,/api/users,532,200
2026-02-17T23:16:28,user444,/api/products,69,500
2026-02-17T20:17:15,user10,/api/login,128,403
2026-02-17T16:30:13,user368,/api/search,358,503
2026-02-17T03:43:25,user52,/api/orders,259,403
2026-02-17T07:27:13,user188,/api/dashboard,360,401
2026-02-17T21:25:48,user205,/api/login,127,400
2026-02-17T05:41:50,user353,/api/users,530,200
2026-02-17T09:41:18,user123,/api/profile,135,301
2026-02-17T22:40:18,user25,/api/settings,225,400
2026-02-17T14:17:18,user67,/api/logout,333,403
2026-02-17T05:18:40,user271,/api/search,1184,502
2026-02-17T12:32:02,user368,/api/analytics,1504,200
2026-02-17T16:39:51,user53,/api/profile,224,502
2026-02-17T05:41:31,user459,/api/upload,2644,403
2026-02-17T08:30:35,user57,/api/users,182,200
2026-02-17T18:02:40,user500,/api/reports,375,200
2026-02-17T21:56:30,user458,/api/users,87,401
2026-02-17T21:14:33,user300,/api/upload,2734,500
2026-02-17T19:03:34,user103,/api/settings,184,503
2026-02-17T23:01:18,user456,/api/logout,210,400
2026-02-17T01:17:55,user427,/api/dashboard,237,301
2026-02-17T00:53:31,user367,/api/analytics,524,404
2026-02-17T04:10:01,user132,/api/analytics,1553,403
2026-02-17T02:35:42,user120,/api/settings,196,404
2026-02-17T03:49:41,user170,/api/notifications,233,301
2026-02-17T00:16:27,user218,/api/orders,158,201
2026-02-17T15:39:15,user182,/api/products,540,200
2026-02-17T19:06:53,user349,/api/orders,410,403
2026-02-17T18:48:55,user339,/api/analytics,1216,400
2026-02-17T02:54:38,user22,/api/analytics,1370,401
2026-02-17T01:23:05,user207,/api/search,832,200
2026-02-17T12:53:33,user433,/api/profile,254,200
2026-02-17T03:56:55,user297,/api/dashboard,244,301
2026-02-17T16:30:22,user41,/api/payments,171,502
2026-02-17T09:33:00,user378,/api/settings,276,200
2026-02-17T12:34:30,user284,/api/search,642,301
2026-02-17T15:51:40,user284,/api/dashboard,396,400
2026-02-17T10:27:41,user89,/api/notifications,192,503
2026-02-17T23:49:09,user252,/api/orders,250,201
2026-02-17T10:37:56,user87,/api/users,379,201
2026-02-17T08:16:52,user456,/api/login,408,200
2026-02-17T10:07:39,user174,/api/products,315,201
2026-02-17T13:47:54,user17,/api/payments,245,200
2026-02-17T12:46:59,user401,/api/profile,391,403
2026-02-17T03:28:41,user438,/api/notifications,326,503
2026-02-17T01:32:42,user187,/api/profile,545,200
2026-02-17T11:37:26,user54,/api/settings,434,401
2026-02-17T20:34:23,user351,/api/login,444,200
2026-02-17T01:50:58,user237,/api/analytics,895,503
2026-02-17T18:57:58,user236,/api/upload,2059,200
2026-02-17T15:53:54,user450,/api/download,2465,503
2026-02-17T19:51:03,user227,/api/orders,65,500
2026-02-17T15:12:54,user455,/api/analytics,1037,200
2026-02-17T10:30:44,user28,/api/profile,282,200
2026-02-17T09:37:40,user198,/api/orders,276,400
2026-02-17T05:06:10,user380,/api/login,223,200
2026-02-17T21:59:51,user489,/api/reports,413,200
2026-02-17T09:23:52,user377,/api/settings,342,400
2026-02-17T13:32:22,user366,/api/logout,433,200
2026-02-17T08:31:01,user335,/api/settings,237,201
2026-02-17T03:57:21,user276,/api/users,163,200
2026-02-17T00:44:48,user169,/api/users,486,200
2026-02-17T18:02:07,user401,/api/login,223,403
2026-02-17T10:12:12,user23,/api/upload,1182,401
2026-02-17T15:45:58,user142,/api/dashboard,415,500
2026-02-17T16:33:51,user425,/api/settings,392,200
2026-02-17T08:08:09,user240,/api/upload,856,200
2026-02-17T06:00:51,user79,/api/payments,176,502
2026-02-17T18:03:22,user126,/api/analytics,1680,400
2026-02-17T04:14:58,user158,/api/settings,283,502
2026-02-17T06:51:06,user320,/api/payments,218,200
2026-02-17T11:06:20,user115,/api/dashboard,118,301
2026-02-17T18:42:57,user22,/api/download,1970,201
2026-02-17T03:29:18,user180,/api/notifications,446,502
2026-02-17T09:11:25,user306,/api/login,507,404
2026-02-17T17:25:40,user408,/api/notifications,122,500
2026-02-17T18:24:53,user159,/api/login,510,200
2026-02-17T21:47:40,user82,/api/orders,185,200
2026-02-17T09:19:22,user340,/api/products,103,503
2026-02-17T01:23:32,user68,/api/login,254,200
2026-02-17T12:13:27,user222,/api/payments,205,403
2026-02-17T08:07:51,user307,/api/users,322,200
2026-02-17T14:32:07,user434,/api/notifications,102,200
2026-02-17T15:54:19,user98,/api/logout,253,200
2026-02-17T00:12:42,user98,/api/upload,3370,404
2026-02-17T06:26:44,user391,/api/analytics,1344,200
2026-02-17T09:04:47,user327,/api/search,1332,200
2026-02-17T22:16:17,user198,/api/search,1139,200
2026-02-17T05:51:46,user165,/api/users,298,200
2026-02-17T05:40:00,user10,/api/settings,252,200
2026-02-17T06:02:52,user315,/api/users,541,404
2026-02-17T09:32:50,user243,/api/download,649,200
2026-02-17T22:38:59,user432,/api/profile,247,301
2026-02-17T04:11:38,user155,/api/users,226,200
2026-02-17T13:43:40,user478,/api/users,201,401
2026-02-17T17:42:41,user21,/api/analytics,1515,200
2026-02-17T16:12:20,user303,/api/settings,243,200
2026-02-17T06:33:19,user342,/api/download,2578,200
2026-02-17T23:19:17,user282,/api/notifications,149,403
2026-02-17T07:03:09,user222,/api/upload,1749,404
2026-02-17T06:58:00,user118,/api/users,478,301
2026-02-17T14:17:40,user27,/api/logout,452,200
2026-02-17T14:06:13,user65,/api/payments,530,400
2026-02-17T16:25:47,user277,/api/payments,135,404
2026-02-17T23:48:13,user435,/api/settings,270,200
2026-02-17T06:48:39,user235,/api/settings,443,200
2026-02-17T06:22:38,user154,/api/profile,397,503
2026-02-17T00:06:49,user338,/api/upload,1477,200
2026-02-17T23:45:36,user261,/api/reports,370,502
2026-02-17T11:03:38,user124,/api/login,233,200
2026-02-17T00:14:03,user135,/api/logout,432,301
2026-02-17T12:01:58,user386,/api/products,209,301
2026-02-17T17:19:26,user254,/api/products,231,200
2026-02-17T02:16:49,user465,/api/orders,451,200
2026-02-17T05:01:13,user177,/api/payments,409,200
2026-02-17T08:38:33,user175,/api/notifications,481,200
2026-02-17T06:41:03,user193,/api/profile,458,503
2026-02-17T00:56:11,user465,/api/reports,362,201
2026-02-17T00:46:45,user220,/api/products,314,404
2026-02-17T18:51:21,user100,/api/logout,248,200
2026-02-17T07:58:05,user210,/api/payments,305,502
2026-02-17T09:08:20,user37,/api/profile,521,401
2026-02-17T13:12:54,user488,/api/profile,64,404
2026-02-17T09:03:26,user159,/api/reports,473,301
2026-02-17T05:51:49,user275,/api/payments,67,200
2026-02-17T09:57:10,user485,/api/products,429,200
2026-02-17T21:18:00,user145,/api/settings,199,404
2026-02-17T05:15:50,user163,/api/upload,1659,201
2026-02-17T01:53:31,user296,/api/dashboard,166,200
2026-02-17T23:31:46,user24,/api/login,354,200
2026-02-17T12:49:51,user300,/api/download,1746,404
2026-02-17T19:33:35,user301,/api/analytics,1406,301
2026-02-17T06:24:20,user427,/api/download,754,301
2026-02-17T11:26:22,user340,/api/reports,442,200
2026-02-17T18:57:26,user188,/api/profile,345,401
2026-02-17T21:17:47,user499,/api/search,581,200
2026-02-17T12:07:15,user459,/api/login,88,401
2026-02-17T06:52:22,user237,/api/products,188,200
2026-02-17T06:19:08,user52,/api/reports,468,200
2026-02-17T12:00:26,user171,/api/logout,546,301
2026-02-17T07:42:57,user384,/api/users,327,500
2026-02-17T09:30:19,user22,/api/products,470,200
2026-02-17T02:49:05,user62,/api/orders,443,200
2026-02-17T03:35:49,user483,/api/download,3459,200
2026-02-17T05:14:18,user428,/api/payments,267,200
2026-02-17T20:45:28,user286,/api/upload,2858,500
2026-02-17T07:04:43,user69,/api/profile,345,200
2026-02-17T17:21:47,user442,/api/notifications,427,201
2026-02-17T06:28:30,user387,/api/dashboard,311,500
2026-02-17T13:10:52,user480,/api/products,437,301
2026-02-17T17:26:28,user107,/api/dashboard,328,200
2026-02-17T03:33:22,user432,/api/reports,479,301
2026-02-17T13:41:58,user456,/api/upload,2535,201
2026-02-17T01:34:32,user9,/api/analytics,1652,403
2026-02-17T06:39:19,user39,/api/reports,199,503
2026-02-17T04:58:06,user123,/api/orders,67,503
2026-02-17T21:29:19,user129,/api/reports,149,502
2026-02-17T10:33:04,user177,/api/analytics,257,404
2026-02-17T00:48:51,user343,/api/orders,190,404
2026-02-17T09:42:10,user41,/api/login,76,200
2026-02-17T06:00:17,user346,/api/upload,2845,502
2026-02-17T23:35:56,user58,/api/logout,329,404
2026-02-17T18:07:52,user294,/api/analytics,1066,200
2026-02-17T13:13:26,user35,/api/reports,325,502
2026-02-17T06:06:12,user286,/api/logout,136,404
2026-02-17T01:32:57,user97,/api/download,2967,503
2026-02-17T08:34:50,user12,/api/products,392,404
2026-02-17T21:04:30,user11,/api/settings,224,503
2026-02-17T04:56:36,user282,/api/login,381,404
2026-02-17T08:24:18,user39,/api/payments,122,200
2026-02-17T07:38:52,user186,/api/notifications,465,400
2026-02-17T17:43:22,user234,/api/download,1680,403
2026-02-17T22:44:48,user259,/api/users,313,200
2026-02-17T18:05:08,user459,/api/logout,519,503
2026-02-17T20:28:21,user149,/api/dashboard,73,301
2026-02-17T16:35:49,user498,/api/settings,191,400
2026-02-17T20:48:05,user136,/api/settings,134,301
2026-02-17T20:14:52,user337,/api/products,533,200
2026-02-17T01:48:17,user119,/api/profile,393,401
2026-02-17T07:09:55,user174,/api/profile,485,400
2026-02-17T21:28:30,user246,/api/download,3094,200
2026-02-17T23:27:55,user99,/api/logout,360,200
2026-02-17T09:51:07,user447,/api/analytics,1357,200
2026-02-17T22:34:42,user249,/api/users,338,200
2026-02-17T22:26:55,user443,/api/profile,126,502
2026-02-17T01:35:56,user140,/api/reports,177,503
2026-02-17T14:46:36,user59,/api/users,60,201
2026-02-17T14:21:45,user132,/api/download,539,401
2026-02-17T18:56:10,user221,/api/reports,450,200
2026-02-17T05:31:42,user214,/api/logout,311,400
2026-02-17T08:04:01,user319,/api/search,1512,400
2026-02-17T19:48:38,user487,/api/reports,355,301
2026-02-17T20:04:02,user391,/api/analytics,621,503
2026-02-17T09:15:05,user161,/api/download,2149,200
2026-02-17T22:29:51,user491,/api/logout,410,201
2026-02-17T09:36:10,user352,/api/products,160,403
2026-02-17T02:55:20,user191,/api/users,433,401
2026-02-17T19:43:56,user39,/api/logout,158,503
2026-02-17T18:24:47,user433,/api/profile,375,200
2026-02-17T22:04:19,user67,/api/users,520,200
2026-02-17T11:49:37,user105,/api/logout,546,502
2026-02-17T16:36:12,user380,/api/login,462,200
2026-02-17T04:17:57,user358,/api/orders,503,301
2026-02-17T04:27:57,user480,/api/orders,192,400
2026-02-17T17:21:17,user271,/api/payments,528,500
2026-02-17T10:21:24,user255,/api/search,667,502
2026-02-17T09:16:17,user217,/api/profile,493,401
2026-02-17T17:15:38,user338,/api/settings,214,404
2026-02-17T09:02:17,user134,/api/search,1098,400
2026-02-17T04:02:09,user103,/api/login,478,301
2026-02-17T21:30:16,user207,/api/orders,273,201
2026-02-17T21:37:49,user116,/api/upload,3386,502
2026-02-17T05:22:00,user116,/api/settings,309,301
2026-02-17T20:43:37,user459,/api/login,127,403
2026-02-17T12:26:42,user269,/api/payments,252,400
2026-02-17T07:16:26,user54,/api/products,438,502
2026-02-17T12:26:33,user240,/api/notifications,389,301
2026-02-17T12:43:12,user428,/api/payments,144,400
2026-02-17T23:31:05,user331,/api/notifications,285,404
2026-02-17T20:38:49,user378,/api/logout,363,400
2026-02-17T01:03:21,user31,/api/users,418,500
2026-02-17T13:51:35,user176,/api/reports,145,200
2026-02-17T10:02:35,user177,/api/download,1036,200
2026-02-17T05:05:52,user434,/api/login,409,200
2026-02-17T07:19:28,user249,/api/notifications,213,400
2026-02-17T18:26:37,user353,/api/download,2948,502
2026-02-17T03:26:49,user169,/api/settings,282,503
2026-02-17T04:37:22,user245,/api/settings,430,500
2026-02-17T22:48:38,user325,/api/profile,113,200
2026-02-17T22:26:59,user1,/api/settings,445,403
2026-02-17T05:48:10,user452,/api/upload,3227,502
2026-02-17T02:46:34,user114,/api/dashboard,258,404
2026-02-17T07:55:59,user58,/api/analytics,1508,200
2026-02-17T17:18:21,user458,/api/reports,426,403
2026-02-17T18:46:08,user178,/api/upload,2667,200
2026-02-17T09:13:05,user452,/api/download,3194,200
2026-02-17T18:21:57,user163,/api/products,272,200
2026-02-17T21:44:28,user322,/api/download,2593,201
2026-02-17T15:19:46,user325,/api/payments,165,500
2026-02-17T00:24:25,user385,/api/notifications,422,200
2026-02-17T00:36:55,user14,/api/search,718,401
2026-02-17T16:38:02,user104,/api/login,347,503
2026-02-17T09:50:44,user393,/api/payments,421,403
2026-02-17T08:06:18,user391,/api/logout,364,401
2026-02-17T12:13:50,user421,/api/analytics,1628,401
2026-02-17T23:33:05,user386,/api/login,408,502
2026-02-17T06:56:45,user188,/api/users,307,401
2026-02-17T10:34:11,user445,/api/dashboard,154,200
2026-02-17T11:01:08,user349,/api/search,860,200
2026-02-17T14:05:16,user214,/api/products,185,404
2026-02-17T00:11:57,user484,/api/upload,691,400
2026-02-17T02:11:11,user212,/api/upload,1346,301
2026-02-17T04:30:09,user469,/api/users,128,200
2026-02-17T15:29:32,user140,/api/analytics,900,200
2026-02-17T02:02:19,user446,/api/upload,705,404
2026-02-17T04:33:38,user484,/api/reports,403,404
2026-02-17T10:16:21,user431,/api/download,1708,401
2026-02-17T05:30:11,user362,/api/orders,472,500
2026-02-17T21:51:45,user498,/api/profile,321,404
2026-02-17T01:52:59,user154,/api/login,123,200
2026-02-17T06:28:40,user89,/api/logout,406,200
2026-02-17T04:55:11,user456,/api/login,105,200
2026-02-17T12:52:20,user277,/api/download,1317,201
2026-02-17T15:18:35,user79,/api/reports,527,200
2026-02-17T17:02:53,user323,/api/download,1539,200
2026-02-17T00:15:07,user467,/api/upload,1270,200
2026-02-17T12:41:08,user432,/api/upload,619,301
2026-02-17T02:36:44,user347,/api/analytics,1076,401
2026-02-17T07:51:51,user405,/api/products,233,503
2026-02-17T23:56:54,user385,/api/orders,82,401
2026-02-17T08:07:24,user238,/api/upload,1960,502
2026-02-17T02:57:52,user250,/api/reports,423,503
2026-02-17T22:38:11,user332,/api/login,86,404
2026-02-17T22:53:49,user275,/api/login,416,200
2026-02-17T17:07:36,user321,/api/logout,405,401
2026-02-17T11:38:18,user88,/api/login,249,500
2026-02-17T12:41:54,user295,/api/analytics,1101,301
2026-02-17T12:11:16,user215,/api/products,462,503
2026-02-17T03:30:36,user225,/api/payments,111,200
2026-02-17T18:39:28,user149,/api/products,286,500
2026-02-17T00:47:27,user200,/api/users,479,201
2026-02-17T13:05:32,user258,/api/download,1684,200
2026-02-17T02:01:37,user367,/api/logout,84,400
2026-02-17T11:47:54,user418,/api/settings,513,502
2026-02-17T01:05:00,user105,/api/settings,298,500
2026-02-17T21:37:35,user41,/api/analytics,896,200
2026-02-17T12:32:14,user397,/api/products,312,404
2026-02-17T20:44:06,user482,/api/dashboard,167,403
2026-02-17T10:46:30,user469,/api/products,436,500
2026-02-17T07:59:29,user23,/api/products,444,503
2026-02-17T08:43:32,user340,/api/orders,490,200
2026-02-17T21:29:45,user330,/api/notifications,262,301
2026-02-17T06:44:21,user387,/api/users,541,401
2026-02-17T19:17:24,user394,/api/upload,1461,201
2026-02-17T05:18:47,user378,/api/users,449,503
2026-02-17T23:44:23,user288,/api/search,1400,503
2026-02-17T00:26:14,user243,/api/reports,528,500
2026-02-17T01:45:39,user188,/api/users,415,200
2026-02-17T06:00:10,user57,/api/orders,547,500
2026-02-17T21:32:19,user356,/api/profile,98,200
2026-02-17T02:59:47,user15,/api/login,166,403
2026-02-17T13:15:09,user87,/api/download,1352,200
2026-02-17T01:46:40,user151,/api/download,2493,200
2026-02-17T03:24:25,user49,/api/profile,434,500
2026-02-17T07:56:28,user385,/api/notifications,82,502
2026-02-17T08:08:56,user286,/api/settings,370,500
2026-02-17T15:26:41,user379,/api/reports,161,200
2026-02-17T02:43:01,user134,/api/login,166,400
2026-02-17T11:15:28,user56,/api/users,428,200
2026-02-17T15:00:21,user406,/api/orders,71,301
2026-02-17T14:42:10,user486,/api/analytics,823,201
2026-02-17T05:04:01,user29,/api/analytics,580,301
2026-02-17T23:44:16,user16,/api/login,334,200
2026-02-17T11:52:03,user223,/api/search,336,404
2026-02-17T19:11:24,user194,/api/orders,146,401
2026-02-17T03:23:27,user285,/api/products,282,200
2026-02-17T10:45:32,user500,/api/download,2077,400
2026-02-17T13:27:04,user143,/api/profile,388,503
2026-02-17T11:28:20,user275,/api/upload,2309,200
2026-02-17T09:17:54,user13,/api/login,475,503
2026-02-17T18:42:43,user27,/api/search,392,400
2026-02-17T12:30:37,user410,/api/download,3095,200
2026-02-17T01:28:10,user469,/api/users,357,201
2026-02-17T03:57:23,user121,/api/profile,80,200
2026-02-17T02:03:13,user186,/api/payments,307,201
2026-02-17T21:00:56,user81,/api/products,98,500
2026-02-17T02:21:41,user14,/api/users,222,404
2026-02-17T15:43:16,user20,/api/products,343,200
2026-02-17T05:50:49,user46,/api/users,371,403
2026-02-17T07:32:01,user137,/api/dashboard,74,503
2026-02-17T04:37:58,user222,/api/users,89,200
2026-02-17T14:18:53,user288,/api/dashboard,343,301
2026-02-17T08:26:14,user437,/api/logout,125,200
2026-02-17T18:43:46,user476,/api/notifications,418,301
2026-02-17T22:58:20,user492,/api/search,1280,400
2026-02-17T23:43:27,user378,/api/upload,880,200
2026-02-17T22:26:56,user360,/api/products,457,200
2026-02-17T02:34:41,user315,/api/notifications,59,404
2026-02-17T17:50:54,user399,/api/payments,222,503
2026-02-17T10:49:18,user290,/api/upload,702,503
2026-02-17T04:54:38,user292,/api/payments,84,401
2026-02-17T12:12:00,user223,/api/upload,2897,401
2026-02-17T12:50:17,user354,/api/notifications,133,200
2026-02-17T06:13:18,user283,/api/dashboard,55,500
2026-02-17T11:35:01,user325,/api/download,2997,200
2026-02-17T20:57:39,user190,/api/payments,376,401
2026-02-17T14:38:35,user422,/api/profile,96,403
2026-02-17T23:05:06,user21,/api/upload,3261,201
2026-02-17T13:46:28,user305,/api/analytics,244,201
2026-02-17T17:31:34,user46,/api/upload,2579,200
2026-02-17T05:11:26,user15,/api/payments,134,404
2026-02-17T07:29:05,user7,/api/profile,58,200
2026-02-17T07:45:04,user129,/api/orders,245,200
2026-02-17T08:43:25,user249,/api/profile,121,404
2026-02-17T19:31:49,user398,/api/login,306,400
2026-02-17T07:35:18,user420,/api/dashboard,373,502
2026-02-17T06:13:41,user79,/api/login,230,500
2026-02-17T08:08:17,user464,/api/notifications,511,404
2026-02-17T00:05:00,user470,/api/dashboard,279,201
2026-02-17T19:48:16,user499,/api/settings,254,200
2026-02-17T07:04:27,user340,/api/profile,52,301
2026-02-17T07:27:09,user166,/api/notifications,351,403
2026-02-17T03:20:22,user149,/api/analytics,1463,200
2026-02-17T08:49:23,user195,/api/notifications,402,301
2026-02-17T22:47:59,user228,/api/logout,112,401
2026-02-17T01:54:15,user61,/api/login,514,200
2026-02-17T03:22:41,user486,/api/logout,268,200
2026-02-17T02:03:50,user245,/api/reports,283,403
2026-02-17T23:00:41,user229,/api/analytics,905,200
2026-02-17T18:12:50,user123,/api/download,674,401
2026-02-17T18:17:04,user225,/api/products,391,201
2026-02-17T22:14:34,user283,/api/search,1629,200
2026-02-17T02:22:22,user196,/api/reports,169,201
2026-02-17T00:43:46,user215,/api/upload,3265,500
2026-02-17T17:05:04,user290,/api/notifications,54,502
2026-02-17T08:17:47,user226,/api/analytics,1346,400
2026-02-17T17:42:15,user56,/api/settings,53,200
2026-02-17T06:25:06,user91,/api/logout,434,301
2026-02-17T15:50:45,user223,/api/logout,169,500
2026-02-17T18:31:34,user173,/api/notifications,100,200
2026-02-17T12:30:21,user33,/api/notifications,457,200
2026-02-17T07:57:37,user187,/api/notifications,444,200
2026-02-17T04:47:30,user429,/api/products,241,404
2026-02-17T18:52:44,user342,/api/analytics,351,200
2026-02-17T05:29:25,user492,/api/payments,252,404
2026-02-17T06:25:19,user93,/api/download,1257,400
2026-02-17T10:47:44,user427,/api/orders,489,200
2026-02-17T22:15:34,user123,/api/orders,333,404
2026-02-17T22:07:36,user410,/api/logout,51,502
2026-02-17T07:01:51,user344,/api/upload,1175,503
2026-02-17T03:58:18,user316,/api/analytics,1154,400
2026-02-17T15:27:10,user80,/api/upload,1218,200
2026-02-17T16:02:36,user325,/api/products,213,500
2026-02-17T13:15:51,user482,/api/payments,61,401
2026-02-17T14:23:05,user79,/api/payments,101,400
2026-02-17T15:37:01,user51,/api/notifications,267,201
2026-02-17T14:22:38,user492,/api/payments,365,200
2026-02-17T08:42:28,user205,/api/payments,151,401
2026-02-17T03:51:52,user28,/api/payments,160,201
2026-02-17T00:40:43,user226,/api/profile,186,401
2026-02-17T15:37:52,user444,/api/dashboard,211,503
2026-02-17T18:53:44,user82,/api/settings,405,200
2026-02-17T14:12:46,user116,/api/products,339,404
2026-02-17T02:52:20,user358,/api/settings,491,500
2026-02-17T03:00:55,user36,/api/logout,365,200
2026-02-17T13:21:38,user209,/api/download,3381,400
2026-02-17T17:55:43,user101,/api/download,1623,200
2026-02-17T01:01:33,user166,/api/orders,301,502
2026-02-17T12:19:05,user99,/api/reports,332,301
2026-02-17T19:12:30,user246,/api/logout,530,401
2026-02-17T02:42:11,user1,/api/dashboard,208,502
2026-02-17T08:17:04,user190,/api/users,424,200
2026-02-17T05:32:42,user104,/api/logout,454,200
2026-02-17T18:21:38,user117,/api/settings,326,200
2026-02-17T04:46:46,user198,/api/upload,1183,200
2026-02-17T14:34:29,user392,/api/orders,207,200
2026-02-17T07:47:45,user190,/api/reports,236,403
2026-02-17T19:12:44,user349,/api/reports,243,400
2026-02-17T18:22:01,user492,/api/analytics,937,502
2026-02-17T03:25:54,user273,/api/payments,100,201
2026-02-17T23:48:30,user70,/api/upload,3388,301
2026-02-17T15:23:57,user495,/api/analytics,1623,401
2026-02-17T15:12:01,user119,/api/login,332,503
2026-02-17T15:28:38,user37,/api/logout,468,200
2026-02-17T20:58:07,user450,/api/analytics,752,404
2026-02-17T04:56:47,user303,/api/login,331,500
2026-02-17T17:00:17,user300,/api/upload,2549,200
2026-02-17T00:38:30,user319,/api/products,102,503
2026-02-17T14:32:19,user225,/api/dashboard,150,401
2026-02-17T11:10:32,user336,/api/notifications,145,200
2026-02-17T19:39:39,user142,/api/settings,195,201
2026-02-17T05:17:04,user353,/api/search,1672,200
2026-02-17T02:27:48,user113,/api/notifications,273,503
2026-02-17T14:50:32,user439,/api/settings,295,403
2026-02-17T02:14:17,user410,/api/products,336,503
2026-02-17T03:06:26,user431,/api/analytics,309,200
2026-02-17T10:44:25,user348,/api/login,306,403
2026-02-17T09:42:57,user237,/api/products,362,502
2026-02-17T00:49:18,user52,/api/reports,110,502
2026-02-17T03:50:46,user87,/api/search,697,403
2026-02-17T08:16:29,user280,/api/upload,1395,301
2026-02-17T15:09:49,user343,/api/payments,158,403
2026-02-17T20:10:08,user160,/api/orders,355,200
2026-02-17T06:05:36,user187,/api/upload,1026,403
2026-02-17T18:09:47,user241,/api/payments,534,502
2026-02-17T07:39:16,user388,/api/profile,318,301
2026-02-17T19:31:28,user398,/api/payments,306,200
2026-02-17T15:42:01,user207,/api/orders,348,404
2026-02-17T17:47:13,user453,/api/upload,2694,200
2026-02-17T10:17:36,user27,/api/reports,93,200
2026-02-17T00:53:20,user301,/api/orders,522,200
2026-02-17T19:30:35,user403,/api/settings,437,403
2026-02-17T11:53:16,user140,/api/orders,127,301
2026-02-17T10:30:15,user367,/api/notifications,310,200
2026-02-17T15:27:59,user276,/api/download,1550,200
2026-02-17T15:54:24,user149,/api/users,154,301
2026-02-17T16:02:26,user242,/api/profile,166,200
2026-02-17T17:32:21,user443,/api/login,335,201
2026-02-17T16:59:47,user19,/api/payments,118,200
2026-02-17T22:13:59,user349,/api/products,418,404
2026-02-17T09:13:27,user18,/api/search,822,500
2026-02-17T12:37:03,user458,/api/upload,565,500
2026-02-17T15:24:00,user285,/api/login,61,201
2026-02-17T12:12:47,user282,/api/login,379,400
2026-02-17T19:57:39,user460,/api/products,310,200
2026-02-17T11:46:20,user456,/api/notifications,392,200
2026-02-17T09:49:56,user385,/api/dashboard,246,502
2026-02-17T05:29:41,user137,/api/notifications,145,500
2026-02-17T10:49:05,user151,/api/settings,518,400
2026-02-17T07:18:22,user160,/api/orders,444,502
2026-02-17T09:49:18,user410,/api/download,2282,200
2026-02-17T19:01:52,user269,/api/analytics,1247,201
2026-02-17T19:23:37,user437,/api/login,399,503
2026-02-17T16:53:56,user313,/api/settings,473,200
2026-02-17T00:40:17,user356,/api/login,169,200
2026-02-17T16:33:29,user265,/api/download,750,403
2026-02-17T09:19:32,user205,/api/logout,509,200
2026-02-17T16:55:11,user125,/api/payments,145,404
2026-02-17T11:22:33,user355,/api/login,96,201
2026-02-17T08:45:49,user157,/api/login,244,403
2026-02-17T16:41:57,user436,/api/payments,104,200
2026-02-17T08:28:19,user101,/api/users,313,200
2026-02-17T15:52:11,user450,/api/download,1862,404
2026-02-17T09:53:41,user408,/api/notifications,501,502
2026-02-17T07:41:56,user215,/api/logout,137,502
2026-02-17T21:54:50,user324,/api/logout,449,200
2026-02-17T16:36:02,user274,/api/notifications,84,403
2026-02-17T10:39:40,user80,/api/download,2497,201
2026-02-17T23:08:59,user365,/api/logout,65,201
2026-02-17T16:38:12,user134,/api/upload,886,200
2026-02-17T00:46:46,user274,/api/search,1644,500
2026-02-17T21:57:44,user245,/api/upload,2195,500
2026-02-17T10:59:53,user264,/api/settings,219,502
2026-02-17T16:45:26,user160,/api/users,57,200
2026-02-17T19:12:01,user433,/api/dashboard,145,502
2026-02-17T19:15:06,user9,/api/dashboard,342,200
2026-02-17T15:46:47,user138,/api/login,493,502
2026-02-17T21:18:13,user11,/api/profile,305,502
2026-02-17T07:34:04,user74,/api/upload,2257,200
2026-02-17T10:51:24,user100,/api/upload,2625,200
2026-02-17T17:59:58,user90,/api/orders,114,503
2026-02-17T03:49:09,user145,/api/users,91,403
2026-02-17T17:49:21,user423,/api/download,1258,200
2026-02-17T21:45:18,user127,/api/payments,187,502
2026-02-17T22:29:42,user416,/api/settings,82,404
2026-02-17T00:59:15,user449,/api/download,981,200
2026-02-17T03:10:29,user56,/api/payments,70,200
2026-02-17T16:16:00,user307,/api/profile,492,401
2026-02-17T20:30:10,user132,/api/payments,155,403
2026-02-17T18:05:08,user179,/api/payments,215,200
2026-02-17T17:32:06,user43,/api/profile,418,201
2026-02-17T07:03:32,user412,/api/search,261,503
2026-02-17T07:53:04,user271,/api/dashboard,469,500
2026-02-17T09:40:29,user76,/api/payments,218,200
2026-02-17T20:14:27,user383,/api/analytics,306,200
2026-02-17T18:14:03,user473,/api/notifications,452,200
2026-02-17T15:48:33,user117,/api/search,452,200
2026-02-17T21:39:57,user200,/api/logout,493,301
2026-02-17T22:33:08,user30,/api/settings,315,200
2026-02-17T06:57:23,user154,/api/products,89,404
2026-02-17T06:34:55,user407,/api/upload,2138,201
2026-02-17T12:20:46,user466,/api/payments,170,502
2026-02-17T20:31:50,user304,/api/dashboard,219,404
2026-02-17T02:10:28,user464,/api/profile,85,301
2026-02-17T07:20:53,user218,/api/notifications,155,200
2026-02-17T20:33:20,user425,/api/dashboard,548,200
2026-02-17T02:05:24,user425,/api/settings,356,403
2026-02-17T04:15:59,user198,/api/analytics,1035,200
2026-02-17T17:07:45,user229,/api/reports,406,200
2026-02-17T16:26:30,user104,/api/upload,1433,201
2026-02-17T08:32:40,user425,/api/orders,448,201
2026-02-17T00:54:25,user445,/api/analytics,684,200
2026-02-17T02:22:44,user448,/api/orders,506,403
2026-02-17T17:27:11,user236,/api/login,328,403
2026-02-17T20:56:56,user144,/api/payments,130,500
2026-02-17T13:33:16,user195,/api/profile,265,200
2026-02-17T08:34:52,user56,/api/users,379,200
2026-02-17T11:40:38,user63,/api/upload,1174,200
2026-02-17T15:37:13,user438,/api/analytics,1493,201
2026-02-17T20:23:25,user258,/api/profile,355,200
2026-02-17T09:09:19,user301,/api/settings,76,200
2026-02-17T18:54:58,user30,/api/settings,306,200
2026-02-17T09:59:34,user278,/api/payments,297,401
2026-02-17T14:44:38,user14,/api/analytics,704,400
2026-02-17T03:46:16,user190,/api/login,502,200
2026-02-17T08:22:54,user428,/api/analytics,448,201
2026-02-17T01:27:26,user296,/api/settings,466,503
2026-02-17T16:18:34,user141,/api/logout,474,401
2026-02-17T16:55:48,user191,/api/reports,149,500
2026-02-17T21:57:44,user169,/api/reports,87,503
2026-02-17T21:40:16,user83,/api/logout,218,200
2026-02-17T21:44:19,user43,/api/products,62,400
2026-02-17T09:21:42,user260,/api/search,644,403
2026-02-17T18:34:09,user325,/api/payments,512,502
2026-02-17T16:34:56,user372,/api/upload,2064,403
2026-02-17T08:33:12,user346,/api/logout,518,201
2026-02-17T19:40:44,user9,/api/search,658,502
2026-02-17T19:20:17,user461,/api/profile,312,200
2026-02-17T10:10:11,user277,/api/orders,94,401
2026-02-17T13:03:17,user261,/api/payments,462,503
2026-02-17T14:00:41,user475,/api/login,498,200
2026-02-17T15:45:49,user105,/api/logout,368,502
2026-02-17T09:05:09,user167,/api/products,266,404
2026-02-17T19:21:21,user416,/api/orders,65,502
2026-02-17T17:59:08,user295,/api/payments,86,200
2026-02-17T22:28:39,user426,/api/download,3255,201
2026-02-17T05:53:39,user420,/api/dashboard,289,200
2026-02-17T23:20:22,user208,/api/orders,232,200
2026-02-17T18:46:07,user406,/api/analytics,796,400
2026-02-17T07:35:37,user147,/api/notifications,291,403
2026-02-17T02:08:48,user216,/api/notifications,474,502
2026-02-17T08:56:43,user213,/api/download,808,503
2026-02-17T11:40:54,user197,/api/profile,272,503
2026-02-17T19:24:18,user234,/api/profile,269,200
2026-02-17T23:13:24,user31,/api/users,64,200
2026-02-17T02:48:55,user9,/api/orders,169,200
2026-02-17T00:14:31,user182,/api/users,408,200
2026-02-17T02:33:22,user92,/api/reports,180,301
2026-02-17T12:29:40,user68,/api/reports,146,404
2026-02-17T02:40:38,user361,/api/payments,547,200
2026-02-17T20:29:43,user148,/api/users,429,401
2026-02-17T01:00:28,user82,/api/orders,391,200
2026-02-17T08:48:01,user385,/api/download,1618,200
2026-02-17T05:58:38,user135,/api/logout,310,200
2026-02-17T03:45:19,user160,/api/upload,1386,200
2026-02-17T06:09:59,user356,/api/products,256,200
2026-02-17T09:16:16,user371,/api/search,424,200
2026-02-17T20:33:16,user422,/api/login,58,403
2026-02-17T17:38:45,user377,/api/logout,458,503
2026-02-17T17:32:06,user313,/api/logout,512,502
2026-02-17T21:39:00,user213,/api/search,608,301
2026-02-17T00:57:56,user402,/api/dashboard,169,404
2026-02-17T17:05:18,user411,/api/settings,440,200
2026-02-17T23:51:17,user93,/api/reports,414,200
2026-02-17T13:42:58,user378,/api/users,388,400
2026-02-17T22:05:43,user204,/api/login,238,403
2026-02-17T09:46:32,user389,/api/dashboard,62,400
2026-02-17T04:24:02,user369,/api/upload,1604,400
2026-02-17T10:59:50,user292,/api/orders,390,200
2026-02-17T15:03:41,user334,/api/search,1201,403
2026-02-17T19:45:06,user436,/api/upload,2876,401
2026-02-17T06:49:04,user465,/api/payments,534,404
2026-02-17T00:52:27,user152,/api/profile,153,403
2026-02-17T07:13:39,user193,/api/search,259,502
2026-02-17T22:03:36,user240,/api/login,119,404
2026-02-17T01:56:51,user4,/api/reports,118,503
2026-02-17T07:16:50,user234,/api/search,231,401
2026-02-17T07:02:39,user151,/api/login,338,200
2026-02-17T01:48:34,user425,/api/products,102,401
2026-02-17T19:14:32,user190,/api/reports,512,503
2026-02-17T08:26:04,user345,/api/users,440,200
2026-02-17T01:48:54,user400,/api/download,2260,403
2026-02-17T00:31:08,user130,/api/reports,300,403
2026-02-17T13:56:29,user27,/api/users,452,201
2026-02-17T21:54:29,user449,/api/search,877,500
2026-02-17T00:18:15,user146,/api/logout,111,201
2026-02-17T09:46:39,user59,/api/orders,133,200
2026-02-17T11:29:10,user399,/api/products,117,201
2026-02-17T10:41:09,user294,/api/login,58,200
2026-02-17T17:38:43,user233,/api/download,685,404
2026-02-17T23:54:20,user134,/api/upload,851,401
2026-02-17T10:40:22,user44,/api/profile,133,502
2026-02-17T08:21:33,user18,/api/notifications,165,500
2026-02-17T10:11:49,user265,/api/login,508,404
2026-02-17T07:34:42,user377,/api/logout,389,200
2026-02-17T20:01:57,user27,/api/products,183,404
2026-02-17T09:46:44,user94,/api/payments,118,200
2026-02-17T21:33:52,user182,/api/orders,167,400
2026-02-17T00:38:30,user70,/api/search,704,502
2026-02-17T17:00:47,user291,/api/logout,374,400
2026-02-17T21:35:29,user55,/api/dashboard,380,201
2026-02-17T01:58:51,user29,/api/download,2968,404
2026-02-17T20:23:34,user108,/api/upload,865,404
2026-02-17T04:57:54,user52,/api/products,452,503
2026-02-17T19:37:54,user116,/api/login,99,401
2026-02-17T13:13:17,user137,/api/login,68,201
2026-02-17T13:00:51,user361,/api/analytics,943,503
2026-02-17T16:47:02,user279,/api/profile,405,200
2026-02-17T12:50:26,user104,/api/login,361,400
2026-02-17T10:47:35,user334,/api/orders,195,200
2026-02-17T19:07:29,user241,/api/search,1114,404
2026-02-17T22:28:30,user272,/api/payments,350,500
2026-02-17T02:55:35,user141,/api/login,249,401
2026-02-17T03:18:31,user475,/api/analytics,830,401
2026-02-17T17:00:18,user434,/api/upload,2594,200
2026-02-17T13:58:33,user257,/api/payments,90,401
2026-02-17T22:16:39,user270,/api/login,404,500
2026-02-17T11:59:42,user116,/api/download,1657,502
2026-02-17T14:55:58,user306,/api/notifications,513,502
2026-02-17T06:05:55,user18,/api/users,435,401
2026-02-17T15:41:52,user303,/api/upload,2158,502
2026-02-17T04:16:14,user454,/api/users,391,404
2026-02-17T08:41:33,user115,/api/products,284,404
2026-02-17T18:20:22,user410,/api/notifications,506,200
2026-02-17T22:30:40,user384,/api/login,439,200
2026-02-17T23:18:14,user102,/api/search,855,200
2026-02-17T11:35:31,user182,/api/users,152,404
2026-02-17T17:47:55,user324,/api/notifications,405,200
2026-02-17T15:07:11,user141,/api/download,2302,502
2026-02-17T05:21:20,user81,/api/orders,165,301
2026-02-17T09:23:10,user135,/api/login,330,503
2026-02-17T08:10:54,user108,/api/reports,154,503
2026-02-17T19:06:09,user173,/api/reports,148,200
2026-02-17T01:32:50,user106,/api/search,236,301
2026-02-17T04:08:23,user12,/api/notifications,481,502
2026-02-17T22:12:21,user409,/api/upload,3239,200
2026-02-17T09:38:20,user425,/api/settings,256,200
2026-02-17T07:41:40,user414,/api/settings,439,200
2026-02-17T22:56:06,user273,/api/analytics,979,400
2026-02-17T12:19:42,user191,/api/download,1941,404
2026-02-17T11:54:18,user196,/api/products,511,200
2026-02-17T21:27:49,user281,/api/download,777,301
2026-02-17T09:08:51,user189,/api/logout,459,403
2026-02-17T16:00:54,user291,/api/analytics,348,301
2026-02-17T20:03:48,user453,/api/download,1802,502
2026-02-17T12:19:21,user194,/api/download,1175,404
2026-02-17T01:36:22,user243,/api/payments,274,301
2026-02-17T14:08:19,user67,/api/users,178,502
2026-02-17T16:19:39,user169,/api/orders,142,301
2026-02-17T18:26:47,user149,/api/notifications,298,401
2026-02-17T22:26:24,user212,/api/orders,301,201
2026-02-17T19:21:02,user12,/api/profile,326,403
2026-02-17T04:07:12,user175,/api/logout,407,200
2026-02-17T16:44:21,user182,/api/dashboard,396,502
2026-02-17T00:22:33,user353,/api/users,261,400
2026-02-17T13:28:49,user343,/api/reports,392,301
2026-02-17T13:16:36,user358,/api/settings,55,301
2026-02-17T11:54:41,user321,/api/search,1481,404
2026-02-17T02:20:14,user244,/api/orders,314,200
2026-02-17T11:16:09,user184,/api/products,263,301
2026-02-17T21:30:06,user86,/api/download,2872,500
2026-02-17T09:53:10,user338,/api/notifications,284,404
2026-02-17T00:42:10,user300,/api/payments,410,200
2026-02-17T13:27:36,user422,/api/search,1615,200
2026-02-17T08:37:40,user119,/api/upload,2680,400
2026-02-17T02:15:09,user95,/api/payments,194,503
2026-02-17T21:32:53,user254,/api/upload,1771,201
2026-02-17T16:49:03,user264,/api/dashboard,153,503
2026-02-17T13:32:33,user311,/api/dashboard,208,401
2026-02-17T08:28:53,user276,/api/profile,397,200
2026-02-17T20:29:05,user99,/api/reports,145,500
2026-02-17T02:01:27,user429,/api/settings,84,404
2026-02-17T00:29:37,user391,/api/download,1251,201
2026-02-17T13:58:47,user160,/api/payments,242,404
2026-02-17T16:28:10,user329,/api/dashboard,166,200
2026-02-17T21:41:14,user162,/api/notifications,521,502
2026-02-17T12:55:16,user245,/api/users,408,200
2026-02-17T15:26:19,user28,/api/profile,181,200
2026-02-17T22:44:50,user470,/api/orders,290,301
2026-02-17T02:59:20,user177,/api/search,934,502
2026-02-17T22:24:32,user277,/api/analytics,469,200
2026-02-17T01:58:51,user241,/api/orders,122,404
2026-02-17T15:14:17,user169,/api/dashboard,136,200
2026-02-17T05:26:23,user443,/api/payments,482,201
2026-02-17T06:24:34,user78,/api/products,456,503
2026-02-17T01:41:47,user492,/api/settings,246,502
2026-02-17T02:14:15,user387,/api/download,1560,200
2026-02-17T16:07:24,user184,/api/reports,410,301
2026-02-17T07:54:12,user28,/api/settings,530,502
2026-02-17T18:26:21,user427,/api/dashboard,115,201
2026-02-17T16:29:26,user285,/api/logout,506,200
2026-02-17T13:08:45,user10,/api/payments,340,502
2026-02-17T14:54:33,user425,/api/orders,120,502
2026-02-17T06:38:32,user88,/api/upload,2093,401
2026-02-17T17:10:20,user192,/api/dashboard,329,500
2026-02-17T12:51:08,user131,/api/profile,80,301
2026-02-17T07:46:19,user4,/api/upload,1368,502
2026-02-17T18:09:48,user177,/api/login,270,401
2026-02-17T03:58:55,user261,/api/login,115,200
2026-02-17T06:49:54,user216,/api/profile,224,200
2026-02-17T11:19:26,user434,/api/download,2721,403
2026-02-17T21:02:04,user250,/api/analytics,593,200
2026-02-17T19:06:01,user457,/api/search,769,500
2026-02-17T12:10:58,user120,/api/login,91,200
2026-02-17T22:09:58,user312,/api/settings,520,200
2026-02-17T05:07:20,user134,/api/users,80,200
2026-02-17T03:13:52,user57,/api/dashboard,70,200
2026-02-17T08:00:20,user403,/api/products,385,400
2026-02-17T06:43:14,user381,/api/reports,59,301
2026-02-17T08:03:26,user285,/api/users,263,200
2026-02-17T02:39:37,user227,/api/products,188,401
2026-02-17T15:03:58,user344,/api/settings,359,502
2026-02-17T22:18:52,user458,/api/logout,292,502
2026-02-17T20:13:44,user148,/api/users,405,200
2026-02-17T02:34:52,user469,/api/upload,3233,400
2026-02-17T17:08:18,user361,/api/orders,183,200
2026-02-17T08:48:41,user332,/api/login,205,502
2026-02-17T20:59:57,user137,/api/upload,1205,200
2026-02-17T20:08:11,user410,/api/profile,537,200
2026-02-17T05:27:22,user280,/api/search,1303,301
2026-02-17T17:36:30,user47,/api/orders,200,200
2026-02-17T00:48:38,user42,/api/upload,1993,200
2026-02-17T08:33:41,user455,/api/products,432,200
2026-02-17T12:00:01,user399,/api/notifications,158,503
2026-02-17T23:00:42,user481,/api/settings,503,500
2026-02-17T23:31:07,user364,/api/users,496,404
2026-02-17T00:35:47,user61,/api/logout,89,201
2026-02-17T01:03:39,user234,/api/notifications,455,200
2026-02-17T22:59:55,user141,/api/profile,55,201
2026-02-17T19:15:11,user236,/api/products,90,200
2026-02-17T11:48:43,user333,/api/payments,449,503
2026-02-17T11:35:40,user195,/api/settings,374,500
2026-02-17T00:39:39,user202,/api/upload,1352,301
2026-02-17T17:11:48,user56,/api/download,539,200
2026-02-17T07:48:49,user233,/api/dashboard,437,500
2026-02-17T08:00:10,user228,/api/users,425,401
2026-02-17T11:07:43,user211,/api/products,263,500
2026-02-17T11:59:00,user53,/api/reports,434,200
2026-02-17T22:00:33,user233,/api/users,242,301
2026-02-17T22:37:21,user288,/api/upload,2957,301
2026-02-17T04:47:55,user289,/api/logout,60,404
2026-02-17T04:55:25,user370,/api/upload,3498,404
2026-02-17T03:50:51,user382,/api/products,480,301
2026-02-17T00:29:44,user63,/api/download,2945,200
2026-02-17T10:49:58,user193,/api/products,240,200
2026-02-17T15:01:20,user287,/api/download,2976,404
2026-02-17T22:00:02,user208,/api/download,3067,200
2026-02-17T18:54:18,user202,/api/reports,549,502
2026-02-17T06:18:18,user453,/api/profile,251,200
2026-02-17T12:34:19,user128,/api/search,1039,200
2026-02-17T17:24:17,user270,/api/logout,328,502
2026-02-17T02:23:59,user463,/api/logout,281,400
2026-02-17T23:02:05,user446,/api/profile,332,200
2026-02-17T09:46:24,user455,/api/profile,501,500
2026-02-17T14:22:45,user52,/api/orders,265,401
2026-02-17T20:44:38,user256,/api/upload,2901,401
2026-02-17T02:44:14,user204,/api/users,58,301
2026-02-17T16:12:18,user201,/api/reports,129,200
2026-02-17T17:30:04,user100,/api/settings,424,500
2026-02-17T17:41:20,user420,/api/login,69,200
2026-02-17T15:15:46,user189,/api/reports,158,503
2026-02-17T18:08:38,user500,/api/login,175,401
2026-02-17T01:40:35,user271,/api/notifications,354,200
2026-02-17T20:08:26,user31,/api/profile,391,200
2026-02-17T07:15:31,user259,/api/settings,279,403
2026-02-17T08:32:46,user143,/api/analytics,877,200
2026-02-17T12:06:29,user407,/api/payments,173,301
2026-02-17T09:25:39,user173,/api/download,3327,403
2026-02-17T17:52:51,user401,/api/orders,199,503
2026-02-17T02:38:43,user96,/api/analytics,1621,200
2026-02-17T15:45:51,user274,/api/users,354,200
2026-02-17T11:03:29,user46,/api/login,499,400
2026-02-17T12:14:14,user273,/api/orders,408,404
2026-02-17T22:41:50,user43,/api/orders,536,201
2026-02-17T19:12:01,user6,/api/users,486,200
2026-02-17T01:07:47,user486,/api/orders,226,201
2026-02-17T15:53:18,user301,/api/profile,117,400
2026-02-17T22:11:50,user284,/api/logout,57,403
2026-02-17T20:58:07,user247,/api/payments,146,401
2026-02-17T05:01:13,user480,/api/orders,356,200
2026-02-17T05:11:53,user177,/api/products,539,401
2026-02-17T06:43:16,user162,/api/download,1903,503
2026-02-17T13:43:18,user290,/api/settings,240,200
2026-02-17T02:43:52,user358,/api/payments,369,500
2026-02-17T12:40:49,user497,/api/analytics,561,401
2026-02-17T08:29:15,user211,/api/payments,517,400
2026-02-17T15:18:19,user171,/api/logout,420,404
2026-02-17T01:27:00,user67,/api/users,453,200
2026-02-17T05:45:23,user64,/api/dashboard,376,500
2026-02-17T06:17:47,user152,/api/products,359,503
2026-02-17T00:38:10,user188,/api/notifications,487,503
2026-02-17T07:10:47,user320,/api/orders,450,403
2026-02-17T22:31:22,user196,/api/reports,242,500
2026-02-17T12:06:09,user197,/api/users,436,403
2026-02-17T08:47:40,user385,/api/dashboard,319,404
2026-02-17T12:12:48,user53,/api/orders,227,200
2026-02-17T20:03:07,user152,/api/payments,448,502
2026-02-17T07:16:06,user487,/api/products,332,403
2026-02-17T14:44:17,user256,/api/products,104,200
2026-02-17T03:43:42,user112,/api/upload,3194,200
2026-02-17T13:35:18,user297,/api/dashboard,256,200
2026-02-17T21:20:50,user355,/api/orders,112,400
2026-02-17T08:12:09,user127,/api/reports,199,201
2026-02-17T18:38:00,user149,/api/notifications,129,400
2026-02-17T01:32:16,user149,/api/profile,109,200
2026-02-17T18:33:50,user355,/api/orders,467,404
2026-02-17T16:14:38,user352,/api/dashboard,418,201
2026-02-17T23:54:18,user153,/api/logout,185,200
2026-02-17T01:30:24,user19,/api/notifications,532,200
2026-02-17T21:59:50,user8,/api/reports,83,200
2026-02-17T11:45:15,user456,/api/products,239,200
2026-02-17T14:36:30,user281,/api/notifications,184,500
2026-02-17T00:06:04,user211,/api/settings,256,403
2026-02-17T05:01:05,user318,/api/download,2661,502
2026-02-17T20:08:05,user283,/api/upload,2047,200
2026-02-17T17:47:36,user267,/api/orders,409,301
2026-02-17T14:10:01,user217,/api/profile,377,301
2026-02-17T03:32:52,user424,/api/reports,465,201
2026-02-17T07:23:35,user169,/api/products,353,200
2026-02-17T14:58:39,user292,/api/upload,2217,400
2026-02-17T12:00:45,user298,/api/users,523,404
2026-02-17T12:39:14,user40,/api/login,157,201
2026-02-17T01:44:45,user135,/api/notifications,350,200
2026-02-17T14:07:53,user94,/api/download,2105,502
2026-02-17T09:41:09,user411,/api/upload,2518,200
2026-02-17T11:07:09,user148,/api/payments,341,503
2026-02-17T12:57:37,user353,/api/upload,3292,502
2026-02-17T17:26:46,user297,/api/download,2856,200
2026-02-17T11:09:18,user171,/api/download,3214,502
2026-02-17T09:15:47,user143,/api/profile,385,403
2026-02-17T17:07:54,user24,/api/profile,410,400
2026-02-17T10:56:07,user236,/api/analytics,931,200
2026-02-17T11:56:48,user455,/api/login,210,400
2026-02-17T02:33:27,user22,/api/reports,304,503
2026-02-17T05:05:50,user175,/api/search,1630,500
2026-02-17T08:23:22,user136,/api/profile,546,201
2026-02-17T00:43:09,user437,/api/download,2283,401
2026-02-17T21:15:28,user199,/api/settings,101,502
2026-02-17T04:26:10,user423,/api/login,171,200
2026-02-17T04:59:02,user177,/api/dashboard,414,403
2026-02-17T11:45:44,user470,/api/products,304,200
2026-02-17T15:21:52,user303,/api/products,179,503
2026-02-17T04:29:10,user229,/api/products,103,200
2026-02-17T17:04:04,user127,/api/notifications,149,200
2026-02-17T03:12:34,user81,/api/settings,330,200
2026-02-17T21:33:05,user361,/api/users,259,200
2026-02-17T10:56:43,user377,/api/products,467,502
2026-02-17T12:51:12,user137,/api/login,154,502
2026-02-17T07:33:23,user97,/api/search,1187,201
2026-02-17T12:37:09,user35,/api/products,407,201
2026-02-17T17:23:25,user284,/api/profile,405,201
2026-02-17T16:16:47,user429,/api/analytics,227,200
2026-02-17T17:29:15,user418,/api/dashboard,203,403
2026-02-17T07:17:13,user142,/api/profile,425,404
2026-02-17T01:35:57,user426,/api/dashboard,157,201
2026-02-17T12:46:54,user278,/api/login,319,503
2026-02-17T11:06:13,user41,/api/orders,332,400
2026-02-17T04:44:37,user279,/api/reports,423,301
2026-02-17T18:19:52,user394,/api/login,175,400
2026-02-17T12:10:20,user50,/api/users,549,400
2026-02-17T17:55:04,user135,/api/reports,211,201
2026-02-17T19:14:02,user340,/api/products,350,301
2026-02-17T09:11:31,user255,/api/users,395,200
2026-02-17T19:46:28,user473,/api/search,1447,200
2026-02-17T06:39:16,user276,/api/upload,1590,301
2026-02-17T11:04:24,user9,/api/orders,259,200
2026-02-17T03:11:03,user416,/api/search,320,200
2026-02-17T01:46:07,user317,/api/settings,140,200
2026-02-17T03:45:44,user432,/api/analytics,1409,502
2026-02-17T19:16:22,user30,/api/login,173,200
2026-02-17T05:51:33,user336,/api/orders,467,400
2026-02-17T21:28:58,user389,/api/users,301,200
2026-02-17T03:52:46,user174,/api/notifications,251,200
2026-02-17T10:44:17,user182,/api/settings,269,404
2026-02-17T14:58:47,user309,/api/analytics,1477,401
2026-02-17T17:20:13,user39,/api/upload,2750,403
2026-02-17T02:09:01,user49,/api/payments,473,200
2026-02-17T03:25:26,user110,/api/reports,432,200
2026-02-17T19:38:54,user443,/api/reports,350,200
2026-02-17T05:28:07,user53,/api/dashboard,56,201
2026-02-17T12:56:54,user354,/api/orders,160,503
2026-02-17T16:34:04,user45,/api/upload,1772,401
2026-02-17T18:51:32,user126,/api/products,404,200
2026-02-17T18:26:47,user92,/api/users,175,200
2026-02-17T10:35:02,user453,/api/reports,346,404
2026-02-17T02:48:46,user405,/api/login,433,502
2026-02-17T18:15:26,user476,/api/dashboard,212,200
2026-02-17T05:25:48,user312,/api/profile,371,401
2026-02-17T07:47:12,user491,/api/settings,294,500
2026-02-17T03:01:29,user115,/api/payments,412,200
2026-02-17T06:15:27,user384,/api/upload,2119,201
2026-02-17T04:17:26,user386,/api/upload,652,502
2026-02-17T17:25:55,user23,/api/orders,545,200
2026-02-17T00:15:26,user117,/api/dashboard,55,200
2026-02-17T02:30:16,user92,/api/dashboard,363,200
2026-02-17T08:55:08,user284,/api/profile,371,404
2026-02-17T11:32:12,user404,/api/logout,358,401
2026-02-17T05:14:36,user232,/api/dashboard,233,200
2026-02-17T05:32:28,user321,/api/orders,284,403
2026-02-17T16:06:50,user186,/api/login,396,404
2026-02-17T00:38:21,user260,/api/profile,66,404
2026-02-17T06:43:25,user56,/api/logout,132,400
2026-02-17T22:58:28,user403,/api/login,232,301
2026-02-17T23:31:42,user405,/api/logout,474,200
2026-02-17T03:09:22,user436,/api/orders,226,400
2026-02-17T00:10:51,user299,/api/dashboard,161,200
2026-02-17T03:08:51,user496,/api/search,1396,503
2026-02-17T03:45:59,user456,/api/settings,391,200
2026-02-17T02:01:53,user117,/api/profile,50,200
2026-02-17T18:23:41,user266,/api/orders,75,502
2026-02-17T11:34:56,user434,/api/notifications,294,201
2026-02-17T02:40:21,user453,/api/logout,366,301
2026-02-17T08:11:50,user291,/api/settings,161,200
2026-02-17T20:56:16,user72,/api/login,422,400
2026-02-17T05:07:01,user485,/api/settings,112,404
2026-02-17T01:48:13,user446,/api/notifications,356,200
2026-02-17T10:15:17,user252,/api/logout,277,503
2026-02-17T17:42:41,user74,/api/payments,378,502
2026-02-17T09:29:21,user114,/api/settings,399,500
2026-02-17T03:06:21,user129,/api/users,131,500
2026-02-17T02:15:12,user192,/api/dashboard,389,401
2026-02-17T19:18:21,user153,/api/notifications,75,200
2026-02-17T19:21:39,user259,/api/payments,424,404
2026-02-17T19:35:16,user451,/api/notifications,402,404
2026-02-17T16:52:57,user116,/api/products,159,500
2026-02-17T12:32:12,user322,/api/orders,76,500
2026-02-17T16:22:18,user316,/api/download,939,503
2026-02-17T15:45:44,user243,/api/dashboard,84,500
2026-02-17T14:56:15,user125,/api/users,394,404
2026-02-17T13:31:31,user419,/api/search,1324,502
2026-02-17T00:10:56,user11,/api/reports,166,401
2026-02-17T02:15:53,user444,/api/analytics,1621,404
2026-02-17T03:48:25,user323,/api/users,405,404
2026-02-17T20:08:08,user83,/api/settings,346,301
2026-02-17T11:10:18,user115,/api/login,152,500
2026-02-17T05:10:39,user429,/api/payments,59,502
2026-02-17T08:23:08,user488,/api/notifications,120,200
2026-02-17T14:37:04,user331,/api/search,794,502
2026-02-17T23:23:26,user26,/api/download,1598,400
2026-02-17T18:38:19,user461,/api/settings,403,200
2026-02-17T06:15:03,user411,/api/orders,547,401
2026-02-17T23:50:49,user45,/api/logout,472,200
2026-02-17T22:21:56,user170,/api/reports,171,500
2026-02-17T06:52:47,user332,/api/reports,72,500
2026-02-17T01:02:19,user125,/api/payments,438,502
2026-02-17T02:07:01,user274,/api/dashboard,476,200
2026-02-17T14:39:08,user403,/api/login,439,200
2026-02-17T01:08:44,user427,/api/reports,194,200
2026-02-17T13:05:09,user438,/api/analytics,707,200
2026-02-17T09:45:00,user133,/api/dashboard,456,500
2026-02-17T10:57:05,user288,/api/orders,446,200
2026-02-17T11:51:09,user384,/api/notifications,494,502
2026-02-17T08:38:59,user209,/api/users,482,503
2026-02-17T18:38:21,user95,/api/upload,707,403
2026-02-17T14:15:16,user443,/api/logout,528,503
2026-02-17T22:47:38,user490,/api/profile,281,503
2026-02-17T16:08:38,user211,/api/reports,103,200
2026-02-17T04:57:36,user157,/api/download,638,200
2026-02-17T07:23:12,user66,/api/upload,1321,200
2026-02-17T11:10:02,user408,/api/login,351,404
2026-02-17T03:18:25,user194,/api/products,278,301
2026-02-17T05:47:57,user230,/api/users,303,200
2026-02-17T00:15:00,user132,/api/users,509,200
2026-02-17T19:02:30,user434,/api/upload,1445,200
2026-02-17T22:37:52,user55,/api/login,217,500
2026-02-17T01:32:37,user188,/api/users,275,200
2026-02-17T23:04:07,user261,/api/search,403,403
2026-02-17T11:39:04,user290,/api/profile,191,200
2026-02-17T21:18:24,user420,/api/analytics,844,301
2026-02-17T16:37:59,user59,/api/download,711,502
2026-02-17T23:47:48,user359,/api/reports,102,201
2026-02-17T19:04:05,user117,/api/download,2310,404
2026-02-17T02:47:31,user300,/api/dashboard,390,200
2026-02-17T05:23:16,user230,/api/analytics,1161,400
2026-02-17T00:46:19,user442,/api/logout,84,502
2026-02-17T13:44:40,user418,/api/download,593,200
2026-02-17T09:41:25,user330,/api/upload,3038,403
2026-02-17T07:59:31,user357,/api/upload,3157,502
2026-02-17T19:59:57,user7,/api/products,305,200
2026-02-17T21:01:55,user274,/api/dashboard,416,200
2026-02-17T00:56:57,user466,/api/payments,457,502
2026-02-17T21:56:17,user337,/api/logout,378,404
2026-02-17T09:01:51,user401,/api/products,337,200
2026-02-17T02:30:31,user230,/api/orders,469,200
2026-02-17T12:20:51,user436,/api/upload,3050,200
2026-02-17T19:22:02,user34,/api/upload,3294,404
2026-02-17T10:56:05,user420,/api/upload,1404,401
2026-02-17T00:26:15,user66,/api/orders,403,502
2026-02-17T23:13:19,user290,/api/upload,2565,301
2026-02-17T03:04:38,user51,/api/profile,212,400
2026-02-17T19:20:06,user415,/api/profile,364,500
2026-02-17T08:41:29,user487,/api/search,975,200
2026-02-17T14:13:18,user328,/api/profile,279,503
2026-02-17T02:38:50,user309,/api/orders,319,200
2026-02-17T08:01:25,user382,/api/payments,452,500
2026-02-17T06:27:23,user498,/api/payments,189,401
2026-02-17T07:25:25,user170,/api/settings,439,404
2026-02-17T16:30:57,user66,/api/logout,450,503
2026-02-17T16:30:28,user33,/api/download,1906,201
2026-02-17T13:04:42,user67,/api/profile,172,503
2026-02-17T00:14:38,user78,/api/search,274,200
2026-02-17T11:00:52,user389,/api/reports,204,200
2026-02-17T15:00:20,user256,/api/profile,343,200
2026-02-17T18:11:21,user257,/api/profile,503,502
2026-02-17T11:27:40,user400,/api/analytics,1507,200
2026-02-17T00:01:03,user389,/api/orders,512,403
2026-02-17T06:38:44,user459,/api/settings,235,200
2026-02-17T19:36:52,user331,/api/logout,311,403
2026-02-17T13:04:36,user65,/api/dashboard,434,400
2026-02-17T23:31:59,user363,/api/dashboard,131,200
2026-02-17T05:19:55,user453,/api/orders,101,200
2026-02-17T10:17:23,user305,/api/upload,2372,301
2026-02-17T06:45:42,user164,/api/settings,97,403
2026-02-17T10:24:16,user362,/api/reports,434,500
2026-02-17T19:35:50,user62,/api/analytics,438,500
2026-02-17T03:33:15,user46,/api/login,203,201
2026-02-17T04:13:54,user188,/api/download,3262,200
2026-02-17T17:26:26,user47,/api/download,1025,404
2026-02-17T04:52:00,user479,/api/payments,286,301
2026-02-17T06:03:33,user481,/api/settings,353,200
2026-02-17T16:18:31,user182,/api/dashboard,370,200
2026-02-17T06:27:57,user119,/api/login,424,502
2026-02-17T00:29:20,user239,/api/dashboard,283,200
2026-02-17T18:02:34,user86,/api/upload,2203,200
2026-02-17T02:19:42,user85,/api/download,870,200
2026-02-17T00:27:31,user204,/api/notifications,339,200
2026-02-17T04:17:04,user491,/api/products,256,404
2026-02-17T16:45:06,user226,/api/users,270,500
2026-02-17T09:58:09,user353,/api/settings,408,400
2026-02-17T13:34:43,user170,/api/settings,436,500
2026-02-17T17:55:56,user154,/api/logout,161,201
2026-02-17T08:51:00,user248,/api/dashboard,242,403
2026-02-17T03:59:51,user182,/api/payments,333,201
2026-02-17T01:48:03,user311,/api/reports,90,200
2026-02-17T18:25:55,user259,/api/upload,1626,301
2026-02-17T11:50:15,user273,/api/logout,58,403
2026-02-17T19:25:15,user99,/api/dashboard,342,401
2026-02-17T05:52:05,user135,/api/search,212,301
2026-02-17T02:36:39,user161,/api/analytics,212,503
2026-02-17T12:36:48,user464,/api/notifications,367,200
2026-02-17T09:52:24,user327,/api/notifications,126,200
2026-02-17T06:40:59,user303,/api/analytics,251,200
2026-02-17T03:06:20,user458,/api/products,163,404
2026-02-17T12:00:29,user194,/api/dashboard,408,403
2026-02-17T19:28:00,user355,/api/profile,233,301
2026-02-17T19:07:15,user301,/api/search,1672,301
2026-02-17T18:27:06,user71,/api/download,1432,502
2026-02-17T18:07:34,user452,/api/download,1147,200
2026-02-17T10:58:46,user498,/api/notifications,86,503
2026-02-17T02:10:35,user268,/api/download,512,200
2026-02-17T07:34:39,user303,/api/upload,1313,401
2026-02-17T12:31:02,user221,/api/orders,549,200
2026-02-17T00:36:59,user79,/api/search,1298,200
2026-02-17T16:38:50,user83,/api/notifications,268,201
2026-02-17T10:11:27,user362,/api/payments,326,500
2026-02-17T05:16:20,user67,/api/search,1294,301
2026-02-17T05:51:13,user189,/api/search,1260,201
2026-02-17T10:39:06,user347,/api/users,161,200
2026-02-17T09:36:32,user5,/api/logout,272,500
2026-02-17T13:29:20,user447,/api/settings,128,200
2026-02-17T09:54:43,user392,/api/orders,78,500
2026-02-17T05:08:17,user51,/api/users,505,200
2026-02-17T22:28:43,user169,/api/download,1746,400
2026-02-17T06:47:30,user218,/api/notifications,450,503
2026-02-17T03:38:45,user375,/api/login,343,301
2026-02-17T14:55:44,user451,/api/login,182,200
2026-02-17T04:44:57,user62,/api/login,320,200
2026-02-17T17:09:35,user476,/api/profile,366,301
2026-02-17T16:06:19,user329,/api/users,493,404
2026-02-17T15:20:04,user68,/api/search,392,200
2026-02-17T09:00:52,user171,/api/analytics,1405,401
2026-02-17T04:17:36,user144,/api/search,686,401
2026-02-17T09:00:37,user275,/api/download,2503,200
2026-02-17T15:38:01,user452,/api/reports,228,500
2026-02-17T23:34:26,user260,/api/users,448,400
2026-02-17T07:51:35,user206,/api/orders,422,301
2026-02-17T12:52:02,user397,/api/dashboard,57,200
2026-02-17T12:16:23,user366,/api/notifications,439,500
2026-02-17T19:08:35,user319,/api/settings,244,200
2026-02-17T19:03:23,user40,/api/login,414,200
2026-02-17T19:53:22,user488,/api/orders,437,200
2026-02-17T16:58:32,user147,/api/payments,193,201
2026-02-17T00:28:47,user476,/api/dashboard,461,200
2026-02-17T22:37:15,user127,/api/search,967,500
2026-02-17T09:15:30,user281,/api/reports,137,200
2026-02-17T21:11:24,user463,/api/upload,1381,403
2026-02-17T14:13:58,user371,/api/dashboard,419,401
2026-02-17T14:41:28,user470,/api/products,262,200
2026-02-17T08:14:03,user447,/api/orders,225,503
2026-02-17T06:22:13,user218,/api/analytics,713,404
2026-02-17T03:08:12,user319,/api/logout,249,503
2026-02-17T08:14:10,user1,/api/login,513,503
2026-02-17T09:29:43,user483,/api/reports,275,502
2026-02-17T19:57:20,user435,/api/settings,461,200
2026-02-17T11:16:21,user306,/api/login,517,502
2026-02-17T05:39:29,user88,/api/products,435,200
2026-02-17T20:33:21,user485,/api/settings,251,301
2026-02-17T00:14:59,user103,/api/search,1578,301
2026-02-17T18:03:58,user332,/api/reports,235,500
2026-02-17T09:09:01,user408,/api/reports,160,403
2026-02-17T06:57:33,user58,/api/profile,248,404
2026-02-17T11:02:53,user263,/api/users,448,502
2026-02-17T15:47:20,user382,/api/search,334,200
2026-02-17T16:01:15,user75,/api/analytics,323,200
2026-02-17T00:35:35,user422,/api/users,339,404
2026-02-17T08:29:16,user208,/api/dashboard,200,200
2026-02-17T05:50:18,user385,/api/products,255,200
2026-02-17T06:02:14,user117,/api/products,472,301
2026-02-17T12:14:20,user4,/api/orders,426,503
2026-02-17T02:12:43,user496,/api/orders,452,200
2026-02-17T19:18:53,user375,/api/search,285,200
2026-02-17T18:11:55,user126,/api/analytics,1137,201
2026-02-17T02:36:58,user2,/api/settings,118,200
2026-02-17T00:41:29,user174,/api/analytics,1455,500
2026-02-17T18:48:07,user58,/api/payments,129,400
2026-02-17T15:10:36,user423,/api/orders,67,200
2026-02-17T09:46:37,user43,/api/notifications,442,200
2026-02-17T02:04:04,user264,/api/payments,111,502
2026-02-17T06:04:21,user299,/api/download,2561,403
2026-02-17T00:52:21,user397,/api/profile,258,400
2026-02-17T18:42:01,user483,/api/products,504,401
2026-02-17T23:23:39,user329,/api/search,1106,200
2026-02-17T05:42:19,user214,/api/profile,546,502
2026-02-17T22:21:42,user60,/api/notifications,163,503
2026-02-17T15:05:15,user302,/api/upload,1236,301
2026-02-17T12:16:23,user142,/api/settings,104,301
2026-02-17T11:04:03,user368,/api/analytics,1646,201
2026-02-17T08:53:12,user158,/api/search,1656,500
2026-02-17T17:14:43,user469,/api/analytics,1426,503
2026-02-17T18:24:25,user409,/api/login,164,200
2026-02-17T16:39:02,user69,/api/users,246,500
2026-02-17T22:30:00,user43,/api/login,490,301
2026-02-17T23:59:16,user270,/api/search,226,200
2026-02-17T20:45:19,user481,/api/analytics,606,404
2026-02-17T09:16:53,user470,/api/logout,94,201
2026-02-17T03:09:21,user62,/api/login,487,403
2026-02-17T19:51:22,user70,/api/login,171,200
2026-02-17T04:12:00,user242,/api/payments,533,401
2026-02-17T18:45:51,user35,/api/products,269,503
2026-02-17T21:00:18,user194,/api/products,438,400
2026-02-17T07:10:31,user198,/api/login,322,301
2026-02-17T09:08:57,user232,/api/settings,143,200
2026-02-17T04:46:09,user183,/api/download,1655,503
2026-02-17T11:14:25,user223,/api/notifications,59,200
2026-02-17T05:42:21,user371,/api/logout,537,404
2026-02-17T07:52:18,user239,/api/download,1303,503
2026-02-17T02:03:57,user441,/api/profile,262,201
2026-02-17T04:25:14,user72,/api/login,312,200
2026-02-17T20:42:44,user23,/api/payments,525,200
2026-02-17T18:04:34,user153,/api/payments,158,200
2026-02-17T23:35:24,user121,/api/reports,446,404
2026-02-17T06:29:32,user182,/api/payments,80,200
2026-02-17T22:37:41,user425,/api/logout,88,400
2026-02-17T00:32:04,user56,/api/orders,261,200
2026-02-17T19:25:54,user296,/api/profile,107,201
2026-02-17T10:09:56,user163,/api/payments,320,200
2026-02-17T14:23:48,user77,/api/search,637,500
2026-02-17T03:09:19,user201,/api/notifications,157,200
2026-02-17T20:07:44,user280,/api/payments,176,200
2026-02-17T02:16:08,user461,/api/orders,535,200
2026-02-17T00:48:35,user270,/api/settings,88,200
2026-02-17T08:08:25,user279,/api/payments,151,200
2026-02-17T17:25:36,user130,/api/dashboard,85,502
2026-02-17T13:51:06,user322,/api/analytics,907,404
2026-02-17T01:32:49,user276,/api/reports,402,401
2026-02-17T22:33:32,user29,/api/settings,529,503
2026-02-17T01:48:06,user374,/api/analytics,1035,404
2026-02-17T16:14:23,user396,/api/login,381,401
2026-02-17T22:04:03,user362,/api/logout,153,200
2026-02-17T22:13:09,user481,/api/notifications,328,502
2026-02-17T09:44:07,user288,/api/login,533,503
2026-02-17T10:57:07,user282,/api/upload,706,404
2026-02-17T01:19:50,user17,/api/users,491,200
2026-02-17T11:01:46,user265,/api/settings,110,404
2026-02-17T20:07:02,user38,/api/users,123,401
2026-02-17T03:15:41,user198,/api/notifications,371,200
2026-02-17T22:15:01,user331,/api/logout,309,503
2026-02-17T07:59:27,user309,/api/products,317,401
2026-02-17T20:33:43,user241,/api/notifications,280,400
2026-02-17T16:23:07,user4,/api/dashboard,217,200
2026-02-17T04:51:54,user64,/api/users,508,400
2026-02-17T10:59:18,user295,/api/payments,65,401
2026-02-17T05:46:00,user326,/api/upload,602,403
2026-02-17T22:28:15,user96,/api/orders,389,401
2026-02-17T07:09:48,user390,/api/notifications,181,400
2026-02-17T07:31:44,user184,/api/search,311,200
2026-02-17T11:03:49,user346,/api/search,1275,502
2026-02-17T01:39:06,user171,/api/settings,110,404
2026-02-17T19:02:29,user39,/api/notifications,427,200
2026-02-17T12:25:32,user251,/api/notifications,393,404
2026-02-17T17:29:28,user66,/api/products,175,201
2026-02-17T10:32:56,user43,/api/reports,89,200
2026-02-17T19:59:18,user160,/api/analytics,1005,400
2026-02-17T13:53:43,user236,/api/users,276,200
2026-02-17T02:35:53,user369,/api/orders,178,400
2026-02-17T18:40:21,user281,/api/users,442,400
2026-02-17T00:39:23,user166,/api/users,101,404
2026-02-17T14:22:01,user144,/api/notifications,268,200
2026-02-17T20:14:32,user491,/api/payments,241,404
2026-02-17T21:46:08,user345,/api/orders,524,200
2026-02-17T05:32:04,user287,/api/orders,467,200
2026-02-17T11:06:11,user371,/api/dashboard,256,401
2026-02-17T23:39:28,user420,/api/login,151,500
2026-02-17T07:23:53,user125,/api/payments,74,201
2026-02-17T07:38:03,user374,/api/search,1046,503
2026-02-17T22:14:06,user480,/api/reports,94,401
2026-02-17T21:30:01,user201,/api/payments,345,200
2026-02-17T04:04:00,user376,/api/products,390,301
2026-02-17T18:39:05,user211,/api/upload,921,200
2026-02-17T13:01:57,user347,/api/users,530,200
2026-02-17T11:02:42,user343,/api/profile,156,200
2026-02-17T08:43:59,user489,/api/analytics,738,200
2026-02-17T15:32:55,user25,/api/dashboard,362,404
2026-02-17T21:38:07,user434,/api/search,757,200
2026-02-17T13:50:52,user302,/api/search,283,200
2026-02-17T03:29:17,user491,/api/settings,285,404
2026-02-17T02:48:14,user478,/api/login,94,200
2026-02-17T14:33:56,user423,/api/analytics,574,404
2026-02-17T14:07:15,user53,/api/users,87,400
2026-02-17T23:27:27,user488,/api/logout,387,400
2026-02-17T01:32:15,user378,/api/notifications,416,400
2026-02-17T20:38:53,user97,/api/download,2094,200
2026-02-17T22:27:56,user497,/api/reports,219,200
2026-02-17T17:12:37,user78,/api/search,887,503
2026-02-17T07:08:50,user292,/api/analytics,421,403
2026-02-17T07:12:47,user127,/api/notifications,219,301
2026-02-17T14:54:49,user308,/api/analytics,417,201
2026-02-17T00:23:19,user427,/api/products,139,400
2026-02-17T22:53:43,user266,/api/users,336,502
2026-02-17T07:37:01,user377,/api/download,1415,200
2026-02-17T07:50:41,user457,/api/orders,94,500
2026-02-17T14:23:12,user46,/api/settings,391,200
2026-02-17T03:40:34,user108,/api/orders,495,201
2026-02-17T08:20:15,user123,/api/dashboard,181,404
2026-02-17T00:11:39,user417,/api/upload,2430,500
2026-02-17T16:03:55,user147,/api/payments,440,400
2026-02-17T12:39:07,user29,/api/login,425,502
2026-02-17T06:00:40,user116,/api/logout,407,400
2026-02-17T21:02:36,user60,/api/orders,231,201
2026-02-17T20:24:53,user47,/api/analytics,1039,401
2026-02-17T21:03:25,user214,/api/products,395,301
2026-02-17T12:16:10,user191,/api/download,2205,404
2026-02-17T11:18:30,user85,/api/search,1339,401
2026-02-17T08:10:24,user468,/api/analytics,1413,200
2026-02-17T08:30:20,user11,/api/notifications,291,200
2026-02-17T15:00:42,user109,/api/analytics,348,301
2026-02-17T17:38:17,user384,/api/profile,181,200
2026-02-17T10:15:47,user304,/api/dashboard,339,200
2026-02-17T19:49:03,user416,/api/payments,124,401
2026-02-17T10:22:06,user386,/api/profile,182,404
2026-02-17T11:36:38,user428,/api/analytics,1167,503
2026-02-17T00:20:23,user366,/api/orders,182,403
2026-02-17T04:54:49,user13,/api/download,2462,403
2026-02-17T06:06:19,user287,/api/users,234,503
2026-02-17T07:00:26,user458,/api/dashboard,162,200
2026-02-17T20:38:26,user174,/api/orders,50,200
2026-02-17T07:09:33,user286,/api/analytics,744,502
2026-02-17T16:25:05,user142,/api/products,269,200
2026-02-17T10:46:20,user229,/api/settings,172,200
2026-02-17T04:29:26,user38,/api/settings,98,400
2026-02-17T17:50:28,user266,/api/payments,133,401
2026-02-17T06:49:41,user445,/api/settings,384,503
2026-02-17T04:05:32,user255,/api/orders,248,200
2026-02-17T13:23:04,user141,/api/orders,479,200
2026-02-17T21:01:45,user166,/api/users,190,404
2026-02-17T15:10:19,user397,/api/download,1797,400
2026-02-17T23:18:36,user444,/api/products,523,200
2026-02-17T19:51:47,user84,/api/search,833,200
2026-02-17T04:57:32,user34,/api/profile,198,401
2026-02-17T22:26:17,user366,/api/reports,129,403
2026-02-17T06:51:21,user246,/api/search,1135,403
2026-02-17T06:15:44,user369,/api/reports,195,502
2026-02-17T02:41:05,user32,/api/users,420,200
2026-02-17T18:26:52,user416,/api/analytics,786,200
2026-02-17T17:21:22,user181,/api/products,320,500
2026-02-17T11:20:01,user268,/api/notifications,372,200
2026-02-17T04:44:41,user47,/api/notifications,123,200
2026-02-17T05:41:02,user200,/api/profile,100,201
2026-02-17T15:02:21,user337,/api/orders,232,503
2026-02-17T05:28:43,user22,/api/products,256,403
2026-02-17T14:53:48,user160,/api/notifications,511,403
2026-02-17T15:41:44,user314,/api/logout,144,200
2026-02-17T03:36:08,user483,/api/dashboard,324,201
2026-02-17T15:26:49,user317,/api/payments,442,200
2026-02-17T16:28:17,user223,/api/reports,426,200
2026-02-17T23:01:54,user8,/api/dashboard,447,200
2026-02-17T16:36:12,user13,/api/download,1276,502
2026-02-17T08:29:07,user489,/api/users,408,200
2026-02-17T09:40:21,user120,/api/dashboard,128,403
2026-02-17T21:59:21,user292,/api/dashboard,169,403
2026-02-17T09:43:25,user226,/api/dashboard,220,200
2026-02-17T18:37:23,user400,/api/users,354,401
2026-02-17T12:53:55,user348,/api/login,436,401
2026-02-17T06:38:33,user139,/api/dashboard,105,401
2026-02-17T16:31:17,user362,/api/notifications,134,400
2026-02-17T15:43:55,user144,/api/logout,492,404
2026-02-17T16:42:54,user180,/api/products,271,200
2026-02-17T05:42:41,user417,/api/reports,123,200
2026-02-17T08:53:58,user490,/api/upload,1735,200
2026-02-17T02:55:15,user311,/api/logout,193,502
2026-02-17T12:25:14,user265,/api/upload,3014,500
2026-02-17T10:40:36,user1,/api/download,1453,301
2026-02-17T14:02:51,user396,/api/search,1153,301
2026-02-17T22:13:10,user465,/api/notifications,465,200
2026-02-17T15:23:01,user498,/api/dashboard,303,200
2026-02-17T02:20:42,user481,/api/download,1588,403
2026-02-17T01:15:04,user34,/api/notifications,356,200
2026-02-17T22:04:42,user307,/api/products,209,503
2026-02-17T21:03:41,user427,/api/upload,1540,200
2026-02-17T02:25:16,user140,/api/reports,390,500
2026-02-17T17:51:42,user493,/api/payments,81,200
2026-02-17T02:51:01,user221,/api/users,315,200
2026-02-17T14:30:39,user403,/api/products,470,403
2026-02-17T09:00:49,user473,/api/orders,285,400
2026-02-17T13:09:22,user106,/api/reports,411,404
2026-02-17T01:10:35,user400,/api/upload,2767,400
2026-02-17T02:13:39,user157,/api/payments,234,200
2026-02-17T02:41:45,user401,/api/login,302,500
2026-02-17T05:24:54,user449,/api/login,56,200
2026-02-17T08:49:48,user225,/api/logout,209,301
2026-02-17T23:12:55,user232,/api/download,1369,404
2026-02-17T02:56:40,user76,/api/search,881,401
2026-02-17T08:24:17,user142,/api/orders,383,503
2026-02-17T13:04:22,user330,/api/upload,2816,200
2026-02-17T19:59:39,user113,/api/logout,235,301
2026-02-17T20:25:28,user200,/api/login,291,200
2026-02-17T08:58:05,user361,/api/products,378,401
2026-02-17T17:40:26,user171,/api/payments,457,200
2026-02-17T13:35:55,user386,/api/dashboard,275,200
2026-02-17T06:10:16,user310,/api/profile,164,401
2026-02-17T08:31:58,user205,/api/products,437,200
2026-02-17T09:06:33,user25,/api/upload,1001,401
2026-02-17T06:02:08,user366,/api/analytics,627,200
2026-02-17T15:26:27,user470,/api/download,2328,200
2026-02-17T07:02:15,user214,/api/search,287,404
2026-02-17T17:42:31,user416,/api/notifications,519,201
2026-02-17T22:48:33,user64,/api/reports,416,502
2026-02-17T16:34:08,user440,/api/payments,75,503
2026-02-17T22:56:06,user304,/api/logout,386,200
2026-02-17T21:46:54,user55,/api/payments,65,200
2026-02-17T01:31:49,user448,/api/settings,248,200
2026-02-17T11:53:28,user249,/api/upload,3081,502
2026-02-17T21:37:15,user248,/api/orders,462,500
2026-02-17T11:33:52,user361,/api/reports,465,301
2026-02-17T16:17:53,user128,/api/payments,310,403
2026-02-17T04:57:57,user392,/api/upload,1219,301
2026-02-17T18:16:15,user197,/api/analytics,661,502
2026-02-17T01:56:43,user44,/api/reports,254,200
2026-02-17T13:50:52,user431,/api/analytics,574,200
2026-02-17T03:52:09,user333,/api/upload,1726,400
2026-02-17T03:48:14,user267,/api/download,2683,404
2026-02-17T08:22:51,user209,/api/payments,390,301
2026-02-17T06:20:44,user246,/api/profile,321,403
2026-02-17T11:58:53,user132,/api/notifications,479,200
2026-02-17T02:55:20,user462,/api/orders,390,200
2026-02-17T18:09:55,user411,/api/products,368,400
2026-02-17T11:28:13,user181,/api/payments,300,401
2026-02-17T19:53:51,user251,/api/upload,1621,200
2026-02-17T22:00:46,user301,/api/analytics,676,301
2026-02-17T06:41:52,user212,/api/users,114,200
2026-02-17T03:28:49,user177,/api/payments,310,401
2026-02-17T14:19:00,user498,/api/analytics,452,200
2026-02-17T19:14:28,user227,/api/upload,1466,500
2026-02-17T06:09:43,user118,/api/payments,257,502
2026-02-17T00:29:23,user484,/api/download,1501,200
2026-02-17T08:20:31,user44,/api/upload,3016,403
2026-02-17T07:47:24,user87,/api/settings,514,200
2026-02-17T01:13:45,user453,/api/payments,140,500
2026-02-17T20:40:53,user25,/api/upload,1472,502
2026-02-17T23:47:42,user88,/api/orders,213,200
2026-02-17T04:23:49,user156,/api/analytics,643,200
2026-02-17T03:11:47,user25,/api/login,187,502
2026-02-17T20:12:48,user198,/api/logout,306,404
2026-02-17T11:48:37,user294,/api/search,1595,500
2026-02-17T13:47:05,user257,/api/users,225,500
2026-02-17T22:36:32,user151,/api/dashboard,381,200
2026-02-17T00:59:39,user223,/api/search,1288,400
2026-02-17T20:45:28,user188,/api/payments,496,200
2026-02-17T09:34:57,user245,/api/search,1077,400
2026-02-17T12:23:30,user169,/api/notifications,205,400
2026-02-17T05:42:36,user462,/api/login,184,401
2026-02-17T07:01:06,user352,/api/reports,69,502
2026-02-17T04:58:58,user143,/api/search,561,200
2026-02-17T04:08:57,user450,/api/products,350,200
2026-02-17T02:23:26,user353,/api/settings,146,201
2026-02-17T04:50:35,user171,/api/payments,502,500
2026-02-17T12:30:58,user448,/api/profile,320,502
2026-02-17T21:29:42,user85,/api/products,247,401
2026-02-17T23:27:17,user340,/api/analytics,1231,400
2026-02-17T07:42:54,user141,/api/upload,1503,301
2026-02-17T08:25:59,user78,/api/login,520,400
2026-02-17T18:57:37,user25,/api/notifications,268,200
2026-02-17T04:01:01,user164,/api/upload,1274,502
2026-02-17T09:57:45,user396,/api/upload,2228,200
2026-02-17T12:21:56,user207,/api/logout,396,200
2026-02-17T11:31:14,user222,/api/upload,2382,503
2026-02-17T06:34:42,user69,/api/notifications,133,401
2026-02-17T09:19:43,user324,/api/payments,303,503
2026-02-17T01:30:18,user396,/api/login,388,404
2026-02-17T20:20:19,user152,/api/logout,200,301
2026-02-17T05:27:29,user129,/api/orders,546,201
2026-02-17T12:01:37,user329,/api/products,120,301
2026-02-17T09:42:45,user488,/api/dashboard,417,301
2026-02-17T21:43:51,user21,/api/upload,587,200
2026-02-17T00:33:39,user261,/api/payments,295,200
2026-02-17T07:10:20,user380,/api/download,1260,200
2026-02-17T15:09:59,user320,/api/orders,276,200
2026-02-17T22:09:46,user190,/api/analytics,1030,500
2026-02-17T10:35:35,user105,/api/profile,228,200
2026-02-17T05:07:14,user391,/api/products,231,502
2026-02-17T20:49:50,user364,/api/upload,1006,200
2026-02-17T14:51:17,user230,/api/reports,534,404
2026-02-17T14:15:38,user500,/api/payments,326,500
2026-02-17T01:57:55,user400,/api/settings,244,404
2026-02-17T13:21:38,user392,/api/dashboard,339,200
2026-02-17T08:27:32,user342,/api/settings,170,503
2026-02-17T23:14:43,user257,/api/users,535,500
2026-02-17T17:00:40,user165,/api/reports,243,403
2026-02-17T17:51:47,user377,/api/reports,381,301
2026-02-17T09:59:31,user106,/api/payments,402,200
2026-02-17T19:01:14,user98,/api/notifications,444,403
2026-02-17T21:40:21,user346,/api/users,329,503
2026-02-17T16:48:21,user244,/api/profile,510,403
2026-02-17T17:30:34,user313,/api/logout,227,400
2026-02-17T22:50:45,user64,/api/payments,544,400
2026-02-17T18:55:44,user372,/api/payments,123,200
2026-02-17T16:39:42,user158,/api/products,60,502
2026-02-17T20:17:47,user373,/api/settings,142,403
2026-02-17T02:45:02,user103,/api/search,1113,404
2026-02-17T07:26:41,user146,/api/profile,353,400
2026-02-17T08:23:21,user168,/api/search,335,502
2026-02-17T21:06:30,user165,/api/profile,452,200
2026-02-17T20:25:01,user464,/api/settings,528,404
2026-02-17T12:50:59,user223,/api/products,234,301
2026-02-17T06:11:57,user298,/api/payments,371,200
2026-02-17T07:29:03,user19,/api/search,224,401
2026-02-17T19:03:41,user265,/api/products,483,401
2026-02-17T18:48:13,user446,/api/logout,187,500
2026-02-17T05:03:53,user95,/api/users,481,200
2026-02-17T00:04:13,user402,/api/profile,261,200
2026-02-17T18:01:03,user377,/api/profile,137,301
2026-02-17T03:17:48,user79,/api/users,449,502
2026-02-17T07:10:59,user336,/api/download,915,404
2026-02-17T03:33:14,user365,/api/reports,288,301
2026-02-17T21:46:18,user290,/api/orders,507,200
2026-02-17T14:43:05,user138,/api/orders,231,503
2026-02-17T18:06:52,user467,/api/profile,264,403
2026-02-17T16:27:55,user287,/api/orders,501,200
2026-02-17T00:34:33,user247,/api/payments,548,200
2026-02-17T14:11:08,user62,/api/login,150,201
2026-02-17T22:40:58,user206,/api/payments,246,403
2026-02-17T11:01:33,user279,/api/orders,379,200
2026-02-17T03:38:48,user299,/api/logout,204,403
2026-02-17T16:04:51,user445,/api/payments,330,201
2026-02-17T04:33:46,user454,/api/notifications,213,500
2026-02-17T07:50:54,user177,/api/download,2360,500
2026-02-17T03:20:11,user76,/api/search,396,200
2026-02-17T07:59:55,user110,/api/login,165,503
2026-02-17T18:02:17,user358,/api/analytics,615,404
2026-02-17T07:03:08,user46,/api/download,1650,200
2026-02-17T02:29:46,user256,/api/dashboard,305,200
2026-02-17T14:22:42,user437,/api/dashboard,375,200
2026-02-17T18:29:34,user152,/api/settings,70,200
2026-02-17T00:31:48,user61,/api/upload,2426,200
2026-02-17T22:11:09,user435,/api/upload,3317,200
2026-02-17T01:23:50,user62,/api/login,289,403
2026-02-17T01:28:50,user484,/api/dashboard,186,400
2026-02-17T04:29:07,user54,/api/settings,445,301
2026-02-17T16:13:55,user62,/api/dashboard,130,401
2026-02-17T00:29:11,user61,/api/users,484,200
2026-02-17T13:14:15,user328,/api/payments,257,500
2026-02-17T06:41:53,user360,/api/settings,429,200
2026-02-17T11:05:57,user116,/api/payments,200,200
2026-02-17T17:21:44,user218,/api/upload,3180,200
2026-02-17T15:21:24,user196,/api/dashboard,434,200
2026-02-17T22:33:54,user120,/api/analytics,531,301
2026-02-17T13:38:33,user75,/api/settings,82,200
2026-02-17T09:31:24,user253,/api/logout,268,200
2026-02-17T07:19:58,user431,/api/products,284,200
2026-02-17T09:12:15,user129,/api/orders,101,200
2026-02-17T18:52:50,user330,/api/search,1487,400
2026-02-17T07:28:45,user450,/api/payments,207,503
2026-02-17T23:19:44,user314,/api/users,139,201
2026-02-17T15:47:42,user248,/api/analytics,1675,200
2026-02-17T20:09:32,user495,/api/download,771,403
2026-02-17T04:53:20,user86,/api/orders,137,503
2026-02-17T07:05:25,user249,/api/settings,317,200
2026-02-17T09:15:30,user483,/api/analytics,471,200
2026-02-17T07:38:13,user364,/api/search,918,200
2026-02-17T11:23:12,user190,/api/users,240,502
2026-02-17T07:08:59,user96,/api/users,329,400
2026-02-17T21:20:18,user298,/api/login,383,200
2026-02-17T17:59:31,user170,/api/upload,3013,503
2026-02-17T08:53:01,user89,/api/logout,162,200
2026-02-17T18:20:20,user216,/api/orders,432,200
2026-02-17T01:08:57,user295,/api/logout,111,200
2026-02-17T07:35:13,user426,/api/search,1090,200
2026-02-17T00:47:01,user369,/api/orders,348,200
2026-02-17T06:11:08,user120,/api/orders,82,200
2026-02-17T01:33:55,user387,/api/dashboard,200,503
2026-02-17T19:44:52,user179,/api/settings,116,301
2026-02-17T22:05:19,user268,/api/logout,193,200
2026-02-17T17:46:22,user107,/api/analytics,746,502
2026-02-17T13:24:27,user211,/api/logout,315,200
2026-02-17T10:31:38,user245,/api/users,539,502
2026-02-17T13:32:16,user358,/api/download,2413,201
2026-02-17T08:58:01,user324,/api/login,132,502
2026-02-17T19:34:41,user156,/api/dashboard,520,200
2026-02-17T18:17:39,user285,/api/login,202,404
2026-02-17T22:25:51,user474,/api/notifications,512,404
2026-02-17T17:32:43,user137,/api/search,560,403
2026-02-17T21:10:59,user278,/api/settings,70,400
2026-02-17T17:34:09,user203,/api/search,1687,200
2026-02-17T15:43:32,user401,/api/profile,527,500
2026-02-17T23:18:37,user405,/api/analytics,1428,200
2026-02-17T16:42:09,user484,/api/settings,132,200
2026-02-17T17:11:06,user473,/api/logout,199,200
2026-02-17T22:11:06,user190,/api/logout,402,403
2026-02-17T04:35:30,user192,/api/download,2780,200
2026-02-17T09:20:53,user397,/api/download,1716,502
2026-02-17T16:43:05,user69,/api/search,218,200
2026-02-17T09:32:46,user316,/api/analytics,1343,502
2026-02-17T10:42:42,user137,/api/profile,308,401
2026-02-17T21:28:08,user33,/api/dashboard,505,200
2026-02-17T20:54:52,user58,/api/settings,113,500
2026-02-17T12:57:48,user335,/api/logout,82,404
2026-02-17T12:52:39,user164,/api/analytics,971,200
2026-02-17T20:31:20,user495,/api/upload,1644,200
2026-02-17T11:11:37,user495,/api/orders,430,200
2026-02-17T21:36:28,user78,/api/users,496,200
2026-02-17T00:33:23,user333,/api/dashboard,212,400
2026-02-17T10:18:07,user26,/api/login,158,301
2026-02-17T09:56:29,user126,/api/payments,169,200
2026-02-17T15:08:53,user116,/api/products,465,200
2026-02-17T23:54:09,user430,/api/profile,470,200
2026-02-17T18:33:34,user367,/api/products,524,502
2026-02-17T03:12:15,user369,/api/analytics,269,200
2026-02-17T17:02:31,user309,/api/profile,183,500
2026-02-17T21:32:45,user201,/api/search,232,502
2026-02-17T16:05:10,user221,/api/products,457,401
2026-02-17T01:40:43,user123,/api/download,760,403
2026-02-17T18:46:47,user148,/api/upload,1721,400
2026-02-17T18:59:35,user325,/api/payments,177,200
2026-02-17T18:09:24,user128,/api/dashboard,101,200
2026-02-17T01:26:45,user225,/api/reports,389,503
2026-02-17T04:40:22,user59,/api/payments,325,403
2026-02-17T18:46:53,user391,/api/download,1308,301
2026-02-17T19:37:21,user336,/api/profile,547,200
2026-02-17T14:44:45,user395,/api/payments,307,404
2026-02-17T17:11:03,user85,/api/profile,349,200
2026-02-17T01:20:41,user328,/api/products,280,503
2026-02-17T21:13:20,user199,/api/logout,518,200
2026-02-17T16:05:01,user214,/api/reports,130,500
2026-02-17T06:05:49,user409,/api/search,1305,404
2026-02-17T16:33:58,user152,/api/payments,81,200
2026-02-17T09:28:12,user339,/api/login,296,200
2026-02-17T14:43:10,user456,/api/download,830,502
2026-02-17T03:46:24,user63,/api/notifications,538,503
2026-02-17T19:34:15,user287,/api/products,210,200
2026-02-17T21:25:37,user137,/api/orders,108,201
2026-02-17T06:34:09,user265,/api/reports,219,201
2026-02-17T20:44:43,user332,/api/logout,347,403
2026-02-17T20:50:51,user188,/api/download,2070,200
2026-02-17T02:02:11,user139,/api/payments,443,200
2026-02-17T21:32:58,user133,/api/dashboard,190,500
2026-02-17T23:51:00,user464,/api/orders,118,200
2026-02-17T18:34:08,user131,/api/reports,67,200
2026-02-17T16:09:31,user224,/api/users,519,500
2026-02-17T10:38:31,user67,/api/login,292,200
2026-02-17T02:06:45,user377,/api/orders,98,502
2026-02-17T18:29:13,user137,/api/reports,325,503
2026-02-17T23:25:11,user370,/api/payments,284,200
2026-02-17T21:34:18,user372,/api/reports,251,404
2026-02-17T00:53:28,user248,/api/payments,472,200
2026-02-17T23:51:03,user367,/api/logout,103,503
2026-02-17T11:13:24,user350,/api/upload,2583,500
2026-02-17T22:19:20,user452,/api/dashboard,373,503
2026-02-17T00:15:10,user316,/api/orders,310,502
2026-02-17T21:39:48,user44,/api/logout,500,200
2026-02-17T20:37:39,user441,/api/logout,416,200
2026-02-17T00:03:06,user379,/api/products,88,400
2026-02-17T18:48:11,user326,/api/search,348,200
2026-02-17T17:15:23,user181,/api/login,187,401
2026-02-17T00:01:50,user55,/api/products,75,200
2026-02-17T20:48:51,user408,/api/search,306,301
2026-02-17T07:16:41,user399,/api/payments,486,502
2026-02-17T04:39:09,user269,/api/notifications,140,502
2026-02-17T14:39:25,user379,/api/login,510,200
2026-02-17T19:14:33,user56,/api/analytics,573,201
2026-02-17T03:54:16,user360,/api/dashboard,492,500
2026-02-17T05:54:05,user278,/api/login,367,503
2026-02-17T17:38:00,user162,/api/reports,181,404
2026-02-17T19:12:01,user329,/api/upload,3379,201
2026-02-17T01:24:23,user115,/api/users,155,200
2026-02-17T05:42:51,user383,/api/users,328,301
2026-02-17T06:41:55,user305,/api/notifications,391,200
2026-02-17T03:49:10,user70,/api/login,229,200
2026-02-17T11:09:25,user305,/api/payments,166,200
2026-02-17T22:23:27,user398,/api/logout,71,200
2026-02-17T11:50:29,user383,/api/notifications,201,404
2026-02-17T10:23:13,user219,/api/orders,185,200
2026-02-17T21:06:19,user81,/api/logout,228,200
2026-02-17T20:07:29,user401,/api/logout,312,502
2026-02-17T21:51:47,user409,/api/profile,453,200
2026-02-17T18:24:47,user18,/api/analytics,1356,400
2026-02-17T21:38:41,user145,/api/payments,97,403
2026-02-17T05:13:10,user102,/api/payments,50,200
2026-02-17T12:22:30,user465,/api/analytics,1053,200
2026-02-17T03:41:25,user45,/api/reports,480,201
2026-02-17T00:03:04,user84,/api/dashboard,304,503
2026-02-17T12:13:41,user113,/api/search,608,503
2026-02-17T06:26:48,user25,/api/upload,2896,200
2026-02-17T18:41:48,user18,/api/dashboard,397,503
2026-02-17T12:58:52,user117,/api/download,1990,200
2026-02-17T00:36:55,user15,/api/logout,519,200
2026-02-17T22:14:35,user71,/api/login,433,200
2026-02-17T16:02:33,user234,/api/products,144,500
2026-02-17T06:35:31,user39,/api/search,1681,503
2026-02-17T11:53:17,user176,/api/orders,238,503
2026-02-17T00:54:58,user54,/api/login,85,502
2026-02-17T23:07:32,user166,/api/login,362,502
2026-02-17T07:11:50,user443,/api/orders,142,200
2026-02-17T21:59:08,user488,/api/settings,231,200
2026-02-17T11:46:38,user297,/api/notifications,99,201
2026-02-17T00:25:22,user217,/api/logout,144,500
2026-02-17T08:32:54,user119,/api/login,440,200
2026-02-17T16:13:12,user212,/api/products,403,400
2026-02-17T01:23:59,user418,/api/login,462,200
2026-02-17T00:03:49,user399,/api/payments,400,200
2026-02-17T15:30:36,user418,/api/notifications,345,400
2026-02-17T22:20:07,user36,/api/dashboard,197,301
2026-02-17T15:37:57,user195,/api/analytics,1212,401
2026-02-17T01:54:43,user222,/api/upload,1173,201
2026-02-17T20:00:51,user220,/api/dashboard,82,301
2026-02-17T07:36:21,user390,/api/login,163,403
2026-02-17T05:58:09,user500,/api/download,2682,404
2026-02-17T21:10:22,user279,/api/dashboard,388,500
2026-02-17T04:37:15,user385,/api/settings,136,200
2026-02-17T06:31:28,user391,/api/analytics,1042,400
2026-02-17T02:53:32,user167,/api/notifications,155,403
2026-02-17T21:09:32,user287,/api/logout,59,404
2026-02-17T01:26:28,user191,/api/notifications,525,503
2026-02-17T02:55:01,user77,/api/users,439,200
2026-02-17T22:35:26,user132,/api/search,307,500
2026-02-17T08:21:32,user469,/api/orders,140,200
2026-02-17T04:49:16,user340,/api/reports,104,201
2026-02-17T01:32:30,user397,/api/notifications,343,200
2026-02-17T19:07:04,user98,/api/settings,239,200
2026-02-17T08:28:53,user28,/api/payments,86,503
2026-02-17T00:27:45,user265,/api/upload,1039,401
2026-02-17T16:35:24,user361,/api/users,482,500
2026-02-17T02:41:49,user52,/api/login,107,401
2026-02-17T15:45:39,user6,/api/search,519,301
2026-02-17T04:56:39,user51,/api/dashboard,229,401
2026-02-17T07:57:21,user382,/api/products,172,201
2026-02-17T15:57:43,user470,/api/settings,491,301
2026-02-17T06:58:26,user321,/api/logout,433,200
2026-02-17T04:28:30,user213,/api/notifications,212,404
2026-02-17T01:26:14,user369,/api/products,282,301
2026-02-17T17:02:18,user32,/api/notifications,516,500
2026-02-17T14:54:04,user237,/api/search,1052,500
2026-02-17T21:14:32,user392,/api/search,1407,404
2026-02-17T00:33:03,user161,/api/profile,295,200
2026-02-17T00:19:05,user16,/api/orders,377,200
2026-02-17T01:39:23,user175,/api/reports,225,200
2026-02-17T20:09:23,user456,/api/payments,355,200
2026-02-17T22:34:17,user267,/api/profile,435,403
2026-02-17T12:23:27,user424,/api/payments,89,503
2026-02-17T00:56:25,user500,/api/analytics,397,403
2026-02-17T01:19:38,user448,/api/upload,840,200
2026-02-17T07:53:01,user389,/api/profile,319,200
2026-02-17T15:12:26,user18,/api/upload,1066,200
2026-02-17T16:09:24,user411,/api/notifications,421,503
2026-02-17T05:50:26,user281,/api/download,2746,200
2026-02-17T04:19:00,user347,/api/notifications,172,200
2026-02-17T07:24:18,user148,/api/logout,545,200
2026-02-17T22:09:49,user22,/api/orders,464,200
2026-02-17T13:18:47,user456,/api/profile,322,401
2026-02-17T10:46:46,user24,/api/upload,1527,503
2026-02-17T20:52:52,user401,/api/dashboard,310,503
2026-02-17T23:23:38,user311,/api/payments,384,401
2026-02-17T01:08:53,user369,/api/upload,2414,500
2026-02-17T00:08:59,user185,/api/dashboard,184,201
2026-02-17T17:35:12,user21,/api/notifications,250,200
2026-02-17T21:28:11,user352,/api/login,312,401
2026-02-17T05:49:06,user44,/api/analytics,1683,200
2026-02-17T23:04:30,user392,/api/download,2839,201
2026-02-17T09:04:22,user430,/api/analytics,846,400
2026-02-17T20:25:54,user331,/api/upload,1990,200
2026-02-17T11:19:26,user463,/api/settings,173,403
2026-02-17T03:31:37,user228,/api/dashboard,183,200
2026-02-17T00:57:54,user292,/api/logout,113,401
2026-02-17T04:37:15,user364,/api/orders,367,200
2026-02-17T12:42:02,user15,/api/orders,252,401
2026-02-17T23:15:43,user57,/api/search,349,201
2026-02-17T11:42:20,user435,/api/users,499,200
2026-02-17T07:22:59,user386,/api/orders,436,201
2026-02-17T01:56:33,user448,/api/login,223,200
2026-02-17T14:06:52,user392,/api/payments,359,201
2026-02-17T06:37:11,user116,/api/login,124,200
2026-02-17T01:53:29,user122,/api/login,53,503
2026-02-17T17:07:57,user267,/api/products,270,400
2026-02-17T21:50:18,user261,/api/login,412,401
2026-02-17T09:56:28,user185,/api/download,753,200
2026-02-17T23:11:55,user400,/api/login,135,503
2026-02-17T17:23:55,user394,/api/notifications,530,503
2026-02-17T05:52:53,user17,/api/dashboard,64,503
2026-02-17T07:03:40,user275,/api/orders,486,200
2026-02-17T17:51:40,user482,/api/payments,270,400
2026-02-17T19:24:38,user103,/api/analytics,880,201
2026-02-17T06:58:33,user51,/api/dashboard,279,200
2026-02-17T19:49:19,user174,/api/products,278,200
2026-02-17T02:42:15,user342,/api/products,256,403
2026-02-17T21:45:38,user283,/api/analytics,802,502
2026-02-17T14:38:57,user106,/api/notifications,81,200
2026-02-17T16:53:45,user353,/api/logout,392,404
2026-02-17T00:38:36,user147,/api/analytics,1338,200
2026-02-17T15:39:08,user152,/api/download,2459,404
2026-02-17T09:38:17,user78,/api/search,1143,400
2026-02-17T21:01:07,user248,/api/search,854,403
2026-02-17T21:28:19,user338,/api/search,923,503
2026-02-17T07:02:46,user22,/api/upload,1560,502
2026-02-17T02:15:41,user168,/api/analytics,1684,200
2026-02-17T02:38:45,user121,/api/logout,417,200
2026-02-17T11:56:01,user312,/api/products,84,400
2026-02-17T13:37:54,user254,/api/search,633,200
2026-02-17T07:49:04,user351,/api/reports,191,403
2026-02-17T18:35:56,user463,/api/notifications,459,200
2026-02-17T14:36:06,user184,/api/reports,540,301
2026-02-17T06:43:35,user180,/api/payments,435,503
2026-02-17T02:21:55,user105,/api/orders,504,400
2026-02-17T06:41:18,user2,/api/notifications,261,400
2026-02-17T04:17:37,user187,/api/dashboard,325,400
2026-02-17T00:05:41,user470,/api/reports,442,500
2026-02-17T18:10:26,user283,/api/orders,451,201
2026-02-17T02:17:11,user401,/api/settings,311,201
2026-02-17T16:06:40,user154,/api/upload,1495,200
2026-02-17T01:27:25,user50,/api/notifications,477,200
2026-02-17T02:45:34,user310,/api/dashboard,228,200
2026-02-17T00:25:16,user78,/api/products,352,404
2026-02-17T12:43:16,user37,/api/profile,276,400
2026-02-17T03:03:01,user169,/api/payments,116,200
2026-02-17T09:29:51,user315,/api/download,1737,200
2026-02-17T06:38:26,user399,/api/search,1159,200
2026-02-17T21:53:22,user390,/api/payments,418,200
2026-02-17T23:52:28,user208,/api/orders,330,200
2026-02-17T15:08:21,user190,/api/reports,172,200
2026-02-17T12:54:34,user367,/api/notifications,131,301
2026-02-17T17:33:13,user241,/api/analytics,1521,401
2026-02-17T05:49:41,user28,/api/profile,311,400
2026-02-17T17:16:41,user431,/api/profile,146,200
2026-02-17T15:21:23,user476,/api/upload,2177,502
2026-02-17T04:38:19,user275,/api/reports,79,500
2026-02-17T14:05:58,user490,/api/users,419,401
2026-02-17T11:29:29,user165,/api/reports,361,200
2026-02-17T12:33:08,user249,/api/orders,216,502
2026-02-17T09:29:02,user113,/api/notifications,183,503
2026-02-17T06:56:43,user497,/api/search,1068,503
2026-02-17T04:08:01,user112,/api/profile,169,200
2026-02-17T03:51:49,user36,/api/notifications,81,503
2026-02-17T11:59:04,user377,/api/settings,436,200
2026-02-17T09:00:40,user251,/api/login,366,200
2026-02-17T07:25:10,user319,/api/upload,2131,403
2026-02-17T09:50:08,user200,/api/reports,397,200
2026-02-17T19:34:39,user196,/api/settings,399,403
2026-02-17T00:54:57,user428,/api/orders,488,200
2026-02-17T20:49:50,user291,/api/users,336,502
2026-02-17T00:36:19,user325,/api/logout,436,403
2026-02-17T13:50:07,user154,/api/orders,399,403
2026-02-17T08:36:14,user493,/api/reports,304,404
2026-02-17T22:36:53,user211,/api/analytics,1417,400
2026-02-17T22:04:45,user125,/api/reports,423,503
2026-02-17T03:58:50,user194,/api/search,1385,200
2026-02-17T16:35:36,user369,/api/users,519,503
2026-02-17T07:59:14,user432,/api/settings,95,200
2026-02-17T16:43:45,user144,/api/dashboard,310,200
2026-02-17T04:36:02,user270,/api/search,1570,200
2026-02-17T21:19:59,user18,/api/payments,425,500
2026-02-17T07:29:30,user300,/api/profile,306,400
2026-02-17T01:43:36,user144,/api/reports,54,200
2026-02-17T14:46:02,user256,/api/logout,215,301
2026-02-17T11:51:32,user471,/api/search,499,301
2026-02-17T19:20:23,user428,/api/logout,106,201
2026-02-17T04:52:41,user207,/api/notifications,326,301
2026-02-17T06:31:39,user412,/api/reports,355,401
2026-02-17T02:40:50,user251,/api/search,1255,404
2026-02-17T02:11:10,user348,/api/payments,535,401
2026-02-17T18:11:36,user218,/api/search,216,404
2026-02-17T00:58:59,user179,/api/search,1212,301
2026-02-17T18:49:10,user65,/api/orders,441,301
2026-02-17T02:39:02,user412,/api/reports,522,200
2026-02-17T09:20:15,user294,/api/notifications,518,403
2026-02-17T11:05:00,user371,/api/analytics,1436,201
2026-02-17T05:32:29,user483,/api/users,320,403
2026-02-17T16:19:40,user204,/api/dashboard,258,200
2026-02-17T11:09:10,user195,/api/dashboard,158,200
2026-02-17T04:42:55,user493,/api/profile,331,503
2026-02-17T15:33:15,user233,/api/logout,341,500
2026-02-17T22:29:08,user36,/api/payments,307,502
2026-02-17T22:15:58,user473,/api/notifications,411,404
2026-02-17T19:43:56,user407,/api/download,1026,403
2026-02-17T12:59:41,user459,/api/users,392,500
2026-02-17T22:51:07,user166,/api/dashboard,169,502
2026-02-17T22:00:45,user135,/api/settings,511,201
2026-02-17T03:44:05,user383,/api/profile,484,401
2026-02-17T23:29:50,user128,/api/dashboard,516,400
2026-02-17T12:54:16,user433,/api/dashboard,432,502
2026-02-17T05:36:22,user307,/api/dashboard,371,200
2026-02-17T11:55:43,user486,/api/search,1002,200
2026-02-17T10:19:59,user314,/api/products,229,500
2026-02-17T17:47:01,user444,/api/notifications,530,503
2026-02-17T11:19:55,user404,/api/products,140,503
2026-02-17T02:52:32,user478,/api/upload,2041,200
2026-02-17T06:46:30,user475,/api/analytics,986,200
2026-02-17T19:21:37,user336,/api/logout,490,200
2026-02-17T14:03:49,user23,/api/dashboard,56,200
2026-02-17T15:55:12,user353,/api/logout,236,200
2026-02-17T16:58:51,user253,/api/reports,235,200
2026-02-17T10:03:28,user491,/api/dashboard,397,200
2026-02-17T08:59:47,user365,/api/products,383,503
2026-02-17T07:11:00,user137,/api/download,2750,200
2026-02-17T06:46:34,user466,/api/search,625,400
2026-02-17T21:07:07,user254,/api/users,270,403
2026-02-17T16:56:31,user206,/api/logout,182,503
2026-02-17T08:29:08,user388,/api/products,291,200
2026-02-17T21:07:36,user247,/api/notifications,385,500
2026-02-17T02:11:03,user246,/api/payments,236,502
2026-02-17T07:18:46,user119,/api/dashboard,121,200
2026-02-17T02:42:06,user385,/api/download,1456,403
2026-02-17T09:06:44,user442,/api/users,257,301
2026-02-17T19:19:14,user74,/api/payments,399,400
2026-02-17T17:51:19,user349,/api/products,100,401
2026-02-17T06:05:19,user66,/api/settings,109,200
2026-02-17T00:00:22,user457,/api/search,1252,400
2026-02-17T13:19:24,user357,/api/download,1857,400
2026-02-17T04:40:23,user290,/api/orders,360,401
2026-02-17T15:09:22,user243,/api/users,210,200
2026-02-17T11:20:28,user142,/api/settings,299,200
2026-02-17T04:17:44,user171,/api/orders,342,401
2026-02-17T17:33:47,user430,/api/download,1678,200
2026-02-17T21:47:52,user71,/api/upload,1376,500
2026-02-17T01:52:17,user285,/api/payments,411,404
2026-02-17T10:52:50,user402,/api/notifications,133,502
2026-02-17T13:58:43,user295,/api/payments,319,400
2026-02-17T09:04:47,user73,/api/upload,1249,404
2026-02-17T09:12:27,user116,/api/reports,423,503
2026-02-17T05:20:17,user12,/api/reports,223,503
2026-02-17T11:44:48,user190,/api/login,182,500
2026-02-17T19:18:12,user444,/api/logout,199,503
2026-02-17T04:00:03,user93,/api/search,1359,503
2026-02-17T15:58:14,user448,/api/users,145,502
2026-02-17T17:30:54,user262,/api/orders,419,200
2026-02-17T15:50:20,user61,/api/profile,129,301
2026-02-17T13:47:25,user439,/api/orders,362,500
2026-02-17T17:02:33,user379,/api/notifications,289,201
2026-02-17T04:17:21,user287,/api/settings,544,201
2026-02-17T14:23:15,user444,/api/reports,198,404
2026-02-17T15:36:15,user167,/api/analytics,1500,200
2026-02-17T08:20:13,user368,/api/reports,542,200
2026-02-17T18:36:16,user179,/api/analytics,788,301
2026-02-17T02:57:11,user322,/api/payments,210,500
2026-02-17T17:05:35,user227,/api/profile,143,200
2026-02-17T01:17:15,user43,/api/logout,334,200
2026-02-17T19:57:11,user494,/api/upload,2592,200
2026-02-17T09:24:52,user270,/api/reports,357,500
2026-02-17T07:19:57,user253,/api/download,1473,200
2026-02-17T00:08:55,user390,/api/logout,68,200
2026-02-17T12:53:58,user96,/api/notifications,130,400
2026-02-17T11:16:05,user341,/api/payments,173,404
2026-02-17T00:13:14,user78,/api/users,503,200
2026-02-17T03:33:02,user222,/api/login,381,500
2026-02-17T00:58:44,user496,/api/reports,118,401
2026-02-17T15:26:15,user96,/api/search,1169,403
2026-02-17T08:33:39,user321,/api/products,250,200
2026-02-17T05:13:20,user447,/api/download,3400,301
2026-02-17T04:22:56,user172,/api/login,74,201
2026-02-17T16:46:34,user182,/api/upload,1669,200
2026-02-17T17:43:50,user19,/api/download,2530,403
2026-02-17T13:36:47,user212,/api/download,545,502
2026-02-17T06:17:53,user364,/api/dashboard,260,200
2026-02-17T05:13:29,user320,/api/profile,308,201
2026-02-17T10:19:08,user189,/api/analytics,874,200
2026-02-17T14:12:02,user162,/api/dashboard,359,201
2026-02-17T18:28:05,user124,/api/upload,1524,502
2026-02-17T22:01:12,user482,/api/reports,253,200
2026-02-17T20:14:37,user321,/api/notifications,440,200
2026-02-17T18:51:11,user374,/api/orders,479,403
2026-02-17T02:13:23,user257,/api/orders,445,500
2026-02-17T19:07:09,user370,/api/analytics,491,301
2026-02-17T21:21:28,user47,/api/users,358,200
2026-02-17T23:32:39,user353,/api/download,2859,200
2026-02-17T08:03:30,user189,/api/search,956,200
2026-02-17T22:08:47,user335,/api/products,121,200
2026-02-17T03:59:06,user55,/api/upload,1331,503
2026-02-17T18:26:04,user113,/api/settings,471,200
2026-02-17T10:23:40,user475,/api/search,1392,200
2026-02-17T02:33:35,user399,/api/notifications,293,503
2026-02-17T15:35:14,user488,/api/notifications,78,403
2026-02-17T02:54:34,user63,/api/search,659,400
2026-02-17T01:30:19,user158,/api/login,362,404
2026-02-17T11:02:49,user83,/api/reports,549,404
2026-02-17T19:34:11,user200,/api/profile,278,404
2026-02-17T05:52:55,user149,/api/payments,401,404
2026-02-17T15:31:32,user449,/api/profile,169,200
2026-02-17T05:42:35,user202,/api/reports,487,500
2026-02-17T09:47:39,user212,/api/dashboard,238,200
2026-02-17T14:14:53,user197,/api/upload,2311,200
2026-02-17T03:13:05,user84,/api/logout,521,400
2026-02-17T17:29:02,user437,/api/upload,1721,401
2026-02-17T01:51:48,user87,/api/users,545,401
2026-02-17T23:01:13,user187,/api/profile,303,200
2026-02-17T03:24:13,user167,/api/orders,341,403
2026-02-17T10:31:29,user354,/api/payments,347,200
2026-02-17T06:52:57,user434,/api/search,921,200
2026-02-17T11:17:10,user209,/api/upload,2335,500
2026-02-17T22:04:16,user264,/api/profile,260,200
2026-02-17T23:56:35,user59,/api/notifications,196,200
2026-02-17T14:57:26,user231,/api/profile,329,400
2026-02-17T04:23:57,user17,/api/settings,400,502
2026-02-17T20:35:23,user33,/api/reports,324,503
2026-02-17T17:41:58,user254,/api/users,505,200
2026-02-17T04:12:21,user295,/api/payments,385,502
2026-02-17T10:34:41,user380,/api/logout,280,500
2026-02-17T12:49:35,user307,/api/orders,471,500
2026-02-17T12:59:38,user279,/api/download,668,403
2026-02-17T04:07:30,user427,/api/download,2851,404
2026-02-17T20:03:47,user153,/api/notifications,85,200
2026-02-17T00:55:49,user316,/api/search,945,200
2026-02-17T19:07:12,user278,/api/payments,253,200
2026-02-17T10:01:14,user439,/api/settings,464,201
2026-02-17T08:21:59,user343,/api/download,2915,400
2026-02-17T16:44:55,user243,/api/notifications,150,404
2026-02-17T04:02:18,user335,/api/download,1509,200
2026-02-17T07:29:28,user113,/api/reports,394,401
2026-02-17T14:50:26,user213,/api/dashboard,130,502
2026-02-17T08:28:51,user262,/api/orders,104,403
2026-02-17T19:42:04,user240,/api/products,246,500
2026-02-17T01:34:56,user304,/api/upload,2093,404
2026-02-17T18:35:59,user218,/api/notifications,519,201
2026-02-17T23:47:20,user8,/api/download,526,503
2026-02-17T19:50:46,user162,/api/logout,416,200
2026-02-17T05:18:09,user493,/api/notifications,79,201
2026-02-17T08:48:09,user242,/api/upload,1393,200
2026-02-17T23:51:39,user145,/api/dashboard,529,400
2026-02-17T14:35:18,user40,/api/profile,247,301
2026-02-17T20:10:18,user117,/api/orders,462,400
2026-02-17T17:29:03,user333,/api/login,214,500
2026-02-17T18:55:22,user114,/api/notifications,341,401
2026-02-17T06:45:46,user37,/api/search,1672,200
2026-02-17T07:03:45,user26,/api/notifications,383,400
2026-02-17T03:57:24,user473,/api/reports,148,200
2026-02-17T08:42:41,user117,/api/download,3392,502
2026-02-17T13:06:54,user325,/api/users,333,502
2026-02-17T09:14:33,user411,/api/dashboard,344,200
2026-02-17T14:49:18,user282,/api/logout,79,500
2026-02-17T11:23:50,user90,/api/notifications,270,301
2026-02-17T08:17:31,user328,/api/payments,145,200
2026-02-17T23:13:14,user342,/api/payments,168,503
2026-02-17T02:31:42,user250,/api/profile,493,401
2026-02-17T11:39:27,user110,/api/reports,474,404
2026-02-17T17:06:31,user266,/api/upload,3231,200
2026-02-17T06:05:03,user460,/api/login,460,201
2026-02-17T14:33:03,user86,/api/reports,277,500
2026-02-17T04:15:16,user237,/api/products,63,502
2026-02-17T09:49:25,user455,/api/orders,237,301
2026-02-17T09:13:28,user388,/api/notifications,156,200
2026-02-17T02:53:35,user254,/api/dashboard,396,403
2026-02-17T01:57:38,user138,/api/users,191,400
2026-02-17T04:06:22,user379,/api/download,2925,200
2026-02-17T04:10:38,user323,/api/payments,494,404
2026-02-17T05:24:35,user473,/api/payments,187,201
2026-02-17T20:41:52,user173,/api/reports,514,401
2026-02-17T23:45:15,user485,/api/profile,480,503
2026-02-17T18:14:00,user169,/api/products,402,400
2026-02-17T02:36:46,user425,/api/notifications,406,200
2026-02-17T12:40:52,user189,/api/analytics,1475,403
2026-02-17T21:35:18,user258,/api/payments,176,404
2026-02-17T00:35:19,user224,/api/analytics,1503,200
2026-02-17T13:12:45,user210,/api/notifications,287,200
2026-02-17T18:36:13,user18,/api/search,572,200
2026-02-17T00:38:12,user261,/api/orders,528,400
2026-02-17T04:16:22,user205,/api/upload,2134,500
2026-02-17T03:02:11,user69,/api/profile,515,201
2026-02-17T09:48:56,user35,/api/products,79,200
2026-02-17T03:56:41,user86,/api/payments,158,400
2026-02-17T06:27:44,user43,/api/search,1528,502
2026-02-17T07:15:20,user252,/api/search,457,200
2026-02-17T00:03:17,user422,/api/settings,240,400
2026-02-17T12:03:22,user420,/api/dashboard,354,500
2026-02-17T01:58:24,user473,/api/payments,249,200
2026-02-17T15:26:17,user145,/api/payments,180,503
2026-02-17T22:49:26,user303,/api/upload,1065,403
2026-02-17T15:26:04,user304,/api/search,738,200
2026-02-17T13:11:55,user380,/api/logout,254,301
2026-02-17T06:06:29,user105,/api/upload,1113,301
2026-02-17T18:37:07,user258,/api/payments,85,500
2026-02-17T14:07:02,user29,/api/users,121,503
2026-02-17T12:15:40,user38,/api/logout,204,500
2026-02-17T05:08:22,user407,/api/reports,54,401
2026-02-17T05:22:08,user401,/api/search,241,500
2026-02-17T13:38:49,user194,/api/reports,531,200
2026-02-17T22:39:01,user155,/api/upload,2920,503
2026-02-17T02:25:25,user130,/api/products,334,401
2026-02-17T21:10:48,user58,/api/login,125,200
2026-02-17T11:41:48,user94,/api/analytics,659,301
2026-02-17T19:26:42,user146,/api/upload,1115,500
2026-02-17T10:18:25,user495,/api/upload,1320,200
2026-02-17T16:05:39,user436,/api/reports,117,400
2026-02-17T11:06:51,user275,/api/logout,204,200
2026-02-17T22:25:21,user468,/api/orders,537,200
2026-02-17T10:02:51,user244,/api/payments,442,201
2026-02-17T10:51:03,user412,/api/analytics,211,200
2026-02-17T16:23:14,user309,/api/logout,193,201
2026-02-17T08:41:45,user137,/api/dashboard,350,200
2026-02-17T16:12:38,user487,/api/settings,72,200
2026-02-17T11:08:12,user199,/api/analytics,391,200
2026-02-17T23:29:31,user122,/api/notifications,308,400
2026-02-17T16:46:19,user15,/api/upload,1717,301
2026-02-17T08:58:13,user103,/api/users,384,200
2026-02-17T17:41:42,user230,/api/notifications,123,404
2026-02-17T06:49:37,user284,/api/notifications,546,301
2026-02-17T12:00:33,user307,/api/products,198,200
2026-02-17T17:29:02,user230,/api/notifications,104,200
2026-02-17T21:23:40,user137,/api/analytics,766,502
2026-02-17T11:11:43,user399,/api/login,178,500
2026-02-17T12:23:25,user220,/api/notifications,494,502
2026-02-17T15:52:35,user170,/api/settings,374,200
2026-02-17T06:33:44,user167,/api/logout,169,301
2026-02-17T16:15:04,user110,/api/users,537,200
2026-02-17T04:14:44,user167,/api/profile,149,403
2026-02-17T03:44:24,user201,/api/notifications,338,200
2026-02-17T16:35:42,user408,/api/reports,540,200
2026-02-17T18:59:17,user145,/api/settings,186,401
2026-02-17T11:00:30,user274,/api/download,3017,200
2026-02-17T22:30:08,user301,/api/analytics,1633,403
2026-02-17T16:23:45,user221,/api/search,1422,401
2026-02-17T10:55:02,user257,/api/payments,346,400
2026-02-17T13:43:07,user308,/api/dashboard,62,200
2026-02-17T12:09:12,user101,/api/users,458,403
2026-02-17T21:24:20,user376,/api/dashboard,164,502
2026-02-17T19:01:40,user443,/api/settings,417,502
2026-02-17T17:06:18,user98,/api/download,2035,503
2026-02-17T13:22:07,user148,/api/login,267,502
2026-02-17T13:06:06,user435,/api/users,99,200
2026-02-17T02:29:39,user454,/api/profile,329,401
2026-02-17T08:33:29,user221,/api/download,2753,200
2026-02-17T22:46:29,user220,/api/search,247,503
2026-02-17T02:17:06,user407,/api/analytics,577,301
2026-02-17T20:28:56,user336,/api/users,146,200
2026-02-17T19:32:52,user127,/api/users,227,201
2026-02-17T05:35:42,user126,/api/profile,80,200
2026-02-17T16:20:23,user347,/api/logout,404,201
2026-02-17T17:50:25,user28,/api/analytics,245,200
2026-02-17T07:14:52,user313,/api/products,373,400
2026-02-17T03:32:39,user456,/api/users,498,500
2026-02-17T05:43:39,user108,/api/settings,332,200
2026-02-17T07:53:32,user384,/api/profile,425,500
2026-02-17T15:28:05,user358,/api/users,521,200
2026-02-17T03:42:07,user279,/api/download,1629,400
2026-02-17T04:01:23,user368,/api/payments,389,400
2026-02-17T10:59:16,user482,/api/dashboard,423,200
2026-02-17T06:18:44,user262,/api/users,481,301
2026-02-17T16:15:56,user132,/api/download,1136,200
2026-02-17T14:41:15,user233,/api/products,361,200
2026-02-17T23:03:34,user5,/api/users,131,500
2026-02-17T15:26:35,user442,/api/reports,486,200
2026-02-17T12:35:13,user390,/api/analytics,1208,201
2026-02-17T22:52:44,user27,/api/products,327,200
2026-02-17T00:31:37,user169,/api/download,2133,400
2026-02-17T11:56:26,user252,/api/orders,279,200
2026-02-17T21:14:25,user103,/api/upload,3263,200
2026-02-17T17:51:08,user255,/api/notifications,415,200
2026-02-17T18:54:04,user103,/api/profile,396,503
2026-02-17T15:46:32,user372,/api/users,205,403
2026-02-17T17:22:27,user109,/api/settings,469,503
2026-02-17T00:14:08,user9,/api/analytics,503,200
2026-02-17T02:28:08,user88,/api/products,468,301
2026-02-17T15:44:39,user222,/api/login,535,400
2026-02-17T17:13:21,user491,/api/users,472,404
2026-02-17T10:49:33,user325,/api/logout,147,401
2026-02-17T07:53:56,user64,/api/payments,57,200
2026-02-17T10:17:21,user371,/api/notifications,79,200
2026-02-17T03:42:34,user409,/api/download,947,404
2026-02-17T01:49:10,user449,/api/login,276,502
2026-02-17T01:43:28,user20,/api/upload,2321,200
2026-02-17T04:09:19,user74,/api/download,2821,400
2026-02-17T01:13:51,user404,/api/login,378,404
2026-02-17T08:20:43,user354,/api/dashboard,337,200
2026-02-17T08:57:59,user278,/api/settings,527,503
2026-02-17T02:43:44,user496,/api/download,2551,200
2026-02-17T07:42:58,user55,/api/upload,1954,200
2026-02-17T23:21:08,user69,/api/orders,154,500
2026-02-17T16:12:17,user453,/api/download,3212,200
2026-02-17T05:31:03,user76,/api/download,580,400
2026-02-17T09:01:43,user471,/api/settings,424,200
2026-02-17T20:34:27,user499,/api/search,1093,404
2026-02-17T00:04:16,user169,/api/dashboard,199,201
2026-02-17T14:05:30,user205,/api/search,307,403
2026-02-17T17:51:56,user302,/api/products,248,200
2026-02-17T22:20:31,user292,/api/download,2280,401
2026-02-17T17:00:08,user180,/api/login,160,401
2026-02-17T02:49:12,user38,/api/reports,481,200
2026-02-17T15:48:20,user401,/api/analytics,387,503
2026-02-17T23:45:10,user236,/api/dashboard,129,502
2026-02-17T20:47:53,user370,/api/analytics,458,200
2026-02-17T18:47:10,user124,/api/products,361,200
2026-02-17T11:08:36,user39,/api/settings,392,404
2026-02-17T06:14:39,user80,/api/payments,453,404
2026-02-17T05:28:57,user267,/api/notifications,502,200
2026-02-17T09:50:34,user19,/api/profile,492,401
2026-02-17T22:36:09,user465,/api/settings,378,401
2026-02-17T00:59:22,user493,/api/download,2923,201
2026-02-17T12:28:15,user123,/api/dashboard,85,502
2026-02-17T19:17:28,user179,/api/settings,142,200
2026-02-17T06:51:39,user192,/api/settings,183,201
2026-02-17T09:11:56,user288,/api/download,1483,401
2026-02-17T11:24:58,user416,/api/logout,149,502
2026-02-17T15:27:43,user19,/api/orders,508,503
2026-02-17T15:14:43,user74,/api/dashboard,228,502
2026-02-17T04:13:30,user209,/api/download,769,200
2026-02-17T18:37:33,user497,/api/logout,445,401
2026-02-17T16:56:28,user336,/api/dashboard,256,502
2026-02-17T14:42:24,user450,/api/users,177,400
2026-02-17T19:14:58,user489,/api/reports,109,403
2026-02-17T06:53:48,user183,/api/upload,1077,401
2026-02-17T14:02:18,user328,/api/analytics,459,200
2026-02-17T16:13:23,user407,/api/notifications,438,503
2026-02-17T04:15:35,user299,/api/payments,337,301
2026-02-17T08:17:19,user309,/api/logout,105,301
2026-02-17T11:53:02,user162,/api/download,1469,200
2026-02-17T09:40:09,user219,/api/dashboard,156,400
2026-02-17T18:59:07,user164,/api/search,1111,200
2026-02-17T02:39:03,user340,/api/products,262,200
2026-02-17T20:46:25,user309,/api/profile,340,301
2026-02-17T23:03:27,user94,/api/products,228,404
2026-02-17T04:13:50,user76,/api/products,131,201
2026-02-17T13:30:26,user296,/api/notifications,414,404
2026-02-17T23:35:12,user500,/api/orders,50,201
2026-02-17T22:29:13,user410,/api/orders,485,200
2026-02-17T04:23:33,user133,/api/products,488,200
2026-02-17T22:12:49,user134,/api/search,917,400
2026-02-17T19:20:35,user381,/api/reports,344,503
2026-02-17T23:36:29,user446,/api/orders,52,401
2026-02-17T22:23:44,user185,/api/notifications,534,502
2026-02-17T07:58:17,user228,/api/dashboard,129,500
2026-02-17T17:44:43,user68,/api/search,522,200
2026-02-17T01:42:19,user255,/api/reports,333,200
2026-02-17T04:59:53,user60,/api/analytics,1523,200
2026-02-17T18:32:42,user216,/api/settings,193,201
2026-02-17T12:15:15,user307,/api/products,239,200
2026-02-17T09:55:57,user317,/api/logout,475,200
2026-02-17T12:48:39,user352,/api/products,167,200
2026-02-17T00:51:28,user22,/api/download,3256,400
2026-02-17T15:35:19,user380,/api/upload,1296,200
2026-02-17T12:39:00,user288,/api/orders,333,200
2026-02-17T14:36:15,user489,/api/profile,348,503
2026-02-17T09:44:36,user295,/api/logout,544,400
2026-02-17T04:29:48,user314,/api/products,325,500
2026-02-17T18:43:34,user156,/api/profile,445,401
2026-02-17T20:45:46,user258,/api/logout,344,201
2026-02-17T20:30:35,user134,/api/download,3008,502
2026-02-17T12:02:55,user60,/api/dashboard,385,200
2026-02-17T22:36:12,user191,/api/reports,271,403
2026-02-17T22:42:16,user59,/api/products,296,404
2026-02-17T06:24:03,user38,/api/orders,467,404
2026-02-17T16:36:12,user66,/api/login,535,200
2026-02-17T10:24:12,user130,/api/logout,115,201
2026-02-17T18:57:29,user438,/api/analytics,1314,200
2026-02-17T08:13:39,user82,/api/products,230,500
2026-02-17T02:07:34,user162,/api/reports,427,200
2026-02-17T07:30:04,user262,/api/analytics,397,201
2026-02-17T22:20:23,user35,/api/search,1305,200
2026-02-17T09:45:44,user147,/api/products,472,200
2026-02-17T17:57:26,user27,/api/profile,540,200
2026-02-17T17:28:30,user214,/api/products,292,200
2026-02-17T18:52:55,user219,/api/settings,174,201
2026-02-17T20:17:10,user204,/api/payments,502,200
2026-02-17T07:05:33,user240,/api/download,1507,401
2026-02-17T01:11:07,user418,/api/dashboard,155,400
2026-02-17T22:44:57,user472,/api/orders,243,301
2026-02-17T10:44:29,user116,/api/upload,1665,200
2026-02-17T00:13:44,user143,/api/logout,490,200
2026-02-17T03:11:43,user402,/api/search,975,200
2026-02-17T20:32:31,user368,/api/upload,1363,502
2026-02-17T08:34:45,user36,/api/search,233,400
2026-02-17T18:51:19,user494,/api/upload,732,200
2026-02-17T22:14:20,user309,/api/search,1390,503
2026-02-17T18:46:22,user293,/api/search,1370,301
2026-02-17T04:09:58,user119,/api/settings,187,200
2026-02-17T11:07:34,user488,/api/profile,500,404
2026-02-17T19:20:51,user221,/api/search,1351,400
2026-02-17T23:30:41,user353,/api/products,403,200
2026-02-17T00:35:37,user263,/api/dashboard,186,404
2026-02-17T03:43:25,user457,/api/download,3391,200
2026-02-17T07:13:32,user101,/api/reports,332,502
2026-02-17T16:41:46,user236,/api/dashboard,263,301
2026-02-17T10:18:36,user495,/api/notifications,165,401
2026-02-17T07:45:30,user228,/api/search,1125,200
2026-02-17T02:10:18,user42,/api/download,1260,500
2026-02-17T14:32:23,user66,/api/download,1383,502
2026-02-17T03:15:03,user160,/api/reports,211,200
2026-02-17T23:55:12,user33,/api/notifications,317,201
2026-02-17T10:17:59,user467,/api/search,856,401
2026-02-17T07:34:01,user479,/api/orders,136,301
2026-02-17T11:19:39,user141,/api/settings,475,200
2026-02-17T05:01:54,user194,/api/notifications,392,502
2026-02-17T00:20:18,user224,/api/analytics,341,200
2026-02-17T15:52:44,user82,/api/search,1122,200
2026-02-17T22:03:46,user210,/api/login,76,400
2026-02-17T03:18:23,user12,/api/settings,458,200
2026-02-17T17:46:59,user130,/api/profile,294,400
2026-02-17T02:47:24,user169,/api/payments,150,404
2026-02-17T00:39:02,user444,/api/dashboard,387,200
2026-02-17T07:05:54,user135,/api/login,83,404
2026-02-17T01:34:08,user385,/api/notifications,529,502
2026-02-17T00:01:52,user336,/api/users,376,200
2026-02-17T12:42:57,user399,/api/products,208,200
2026-02-17T20:14:06,user168,/api/login,264,200
2026-02-17T08:57:50,user113,/api/payments,127,500
2026-02-17T20:37:18,user429,/api/analytics,460,502
2026-02-17T11:14:13,user265,/api/users,74,503
2026-02-17T16:13:56,user31,/api/users,228,200
2026-02-17T00:51:07,user15,/api/notifications,114,301
2026-02-17T01:51:27,user320,/api/orders,231,404
2026-02-17T08:28:19,user269,/api/reports,181,502
2026-02-17T14:41:52,user60,/api/search,239,200
2026-02-17T22:53:39,user425,/api/notifications,199,201
2026-02-17T10:55:13,user304,/api/users,87,400
2026-02-17T16:34:33,user393,/api/upload,2397,200
2026-02-17T16:16:42,user280,/api/login,408,301
2026-02-17T21:33:18,user6,/api/logout,522,500
2026-02-17T05:34:22,user44,/api/orders,189,201
2026-02-17T16:57:36,user272,/api/dashboard,134,503
2026-02-17T02:11:07,user412,/api/search,1348,400
2026-02-17T18:59:59,user54,/api/notifications,411,200
2026-02-17T20:40:59,user466,/api/search,1443,401
2026-02-17T07:49:34,user291,/api/analytics,1508,401
2026-02-17T21:05:29,user286,/api/settings,84,200
2026-02-17T17:29:16,user221,/api/orders,53,500
2026-02-17T17:06:10,user270,/api/search,634,401
2026-02-17T18:47:18,user202,/api/reports,514,200
2026-02-17T15:33:35,user364,/api/dashboard,470,500
2026-02-17T05:47:07,user185,/api/search,1531,200
2026-02-17T05:12:18,user283,/api/users,492,404
2026-02-17T15:51:14,user243,/api/notifications,66,200
2026-02-17T19:48:56,user358,/api/upload,1625,401
2026-02-17T15:33:17,user277,/api/profile,534,502
2026-02-17T04:18:54,user340,/api/login,129,401
2026-02-17T01:08:22,user184,/api/search,1290,200
2026-02-17T03:06:11,user25,/api/login,436,401
2026-02-17T21:57:11,user493,/api/profile,373,200
2026-02-17T07:00:32,user61,/api/dashboard,224,200
2026-02-17T10:37:02,user283,/api/login,375,200
2026-02-17T22:29:34,user57,/api/upload,3372,200
2026-02-17T03:36:00,user274,/api/search,1046,200
2026-02-17T14:37:52,user241,/api/settings,355,403
2026-02-17T07:05:38,user387,/api/users,354,400
2026-02-17T23:04:49,user161,/api/download,798,201
2026-02-17T15:53:19,user80,/api/analytics,235,404
2026-02-17T08:25:12,user435,/api/users,394,401
2026-02-17T14:11:30,user433,/api/login,333,500
2026-02-17T20:10:06,user93,/api/payments,274,502
2026-02-17T21:54:54,user230,/api/products,388,503
2026-02-17T10:42:48,user61,/api/logout,357,401
2026-02-17T11:09:41,user132,/api/dashboard,255,404
2026-02-17T15:10:54,user273,/api/notifications,392,200
2026-02-17T19:00:08,user25,/api/settings,337,201
2026-02-17T01:40:49,user173,/api/notifications,296,200
2026-02-17T09:32:44,user178,/api/logout,396,503
2026-02-17T21:12:52,user398,/api/users,479,500
2026-02-17T06:30:09,user232,/api/upload,983,400
2026-02-17T05:18:38,user156,/api/dashboard,380,201
2026-02-17T12:37:40,user81,/api/login,521,400
2026-02-17T00:10:03,user201,/api/products,361,200
2026-02-17T03:01:42,user165,/api/settings,92,401
2026-02-17T10:41:26,user194,/api/reports,75,403
2026-02-17T03:46:16,user275,/api/settings,51,403
2026-02-17T19:09:39,user484,/api/products,270,200
2026-02-17T01:55:49,user155,/api/payments,146,403
2026-02-17T05:33:56,user292,/api/payments,343,500
2026-02-17T03:14:09,user190,/api/profile,432,200
2026-02-17T01:44:51,user500,/api/users,158,200
2026-02-17T10:26:46,user108,/api/analytics,1504,301
2026-02-17T00:03:13,user500,/api/orders,88,200
2026-02-17T22:51:12,user295,/api/upload,3115,200
2026-02-17T18:10:55,user170,/api/dashboard,322,400
2026-02-17T01:48:44,user149,/api/orders,355,200
2026-02-17T10:26:37,user110,/api/reports,544,200
2026-02-17T03:59:58,user450,/api/download,3287,201
2026-02-17T19:31:10,user343,/api/download,2361,200
2026-02-17T15:17:56,user164,/api/download,1123,200
2026-02-17T00:54:01,user268,/api/search,295,404
2026-02-17T07:11:12,user167,/api/orders,63,200
2026-02-17T09:13:47,user368,/api/upload,843,400
2026-02-17T08:05:44,user145,/api/search,409,200
2026-02-17T01:42:41,user112,/api/reports,261,201
2026-02-17T18:49:02,user368,/api/notifications,313,200
2026-02-17T02:29:52,user471,/api/search,612,200
2026-02-17T10:28:29,user114,/api/logout,149,201
2026-02-17T17:02:02,user103,/api/login,411,301
2026-02-17T13:35:33,user131,/api/notifications,121,404
2026-02-17T16:10:30,user114,/api/download,2336,502
2026-02-17T05:28:43,user162,/api/notifications,121,200
2026-02-17T13:48:55,user355,/api/search,999,404
2026-02-17T08:33:29,user199,/api/login,81,502
2026-02-17T10:03:09,user293,/api/products,144,200
2026-02-17T20:34:21,user353,/api/logout,184,301
2026-02-17T22:29:38,user194,/api/users,109,500
2026-02-17T00:48:49,user330,/api/users,129,500
2026-02-17T08:28:35,user394,/api/search,961,403
2026-02-17T11:57:52,user99,/api/products,79,404
2026-02-17T05:53:30,user152,/api/payments,162,401
2026-02-17T13:06:43,user26,/api/payments,96,200
2026-02-17T11:27:56,user339,/api/orders,71,400
2026-02-17T10:24:17,user330,/api/users,59,400
2026-02-17T11:36:19,user295,/api/download,2139,502
2026-02-17T02:03:12,user474,/api/analytics,1567,200
2026-02-17T07:04:47,user370,/api/upload,1577,400
2026-02-17T07:30:35,user429,/api/profile,394,200
2026-02-17T02:56:37,user474,/api/profile,154,201
2026-02-17T06:41:32,user321,/api/logout,416,500
2026-02-17T14:28:01,user132,/api/logout,376,503
2026-02-17T02:41:56,user390,/api/logout,420,201
2026-02-17T12:26:06,user233,/api/notifications,336,301
2026-02-17T16:15:27,user255,/api/users,190,200
2026-02-17T18:44:56,user384,/api/dashboard,336,200
2026-02-17T00:25:23,user116,/api/logout,522,400
2026-02-17T22:49:32,user5,/api/analytics,1630,502
2026-02-17T07:11:31,user455,/api/payments,521,403
2026-02-17T07:12:51,user345,/api/payments,169,201
2026-02-17T19:51:20,user324,/api/upload,3340,200
2026-02-17T09:35:32,user471,/api/upload,1615,403
2026-02-17T08:23:47,user80,/api/settings,85,200
2026-02-17T18:40:29,user471,/api/search,975,400
2026-02-17T00:02:32,user267,/api/download,2306,500
2026-02-17T07:16:46,user367,/api/search,567,200
2026-02-17T01:56:57,user166,/api/dashboard,233,301
2026-02-17T09:54:23,user489,/api/products,370,200
2026-02-17T15:16:08,user133,/api/payments,385,201
2026-02-17T05:38:32,user118,/api/notifications,441,201
2026-02-17T19:18:13,user22,/api/logout,418,200
2026-02-17T08:34:20,user184,/api/profile,155,503
2026-02-17T17:34:06,user368,/api/profile,326,200
2026-02-17T18:54:53,user373,/api/reports,368,401
2026-02-17T12:19:10,user371,/api/orders,523,503
2026-02-17T06:13:20,user489,/api/notifications,402,201
2026-02-17T02:38:46,user299,/api/dashboard,207,200
2026-02-17T03:48:31,user498,/api/payments,218,400
2026-02-17T02:30:29,user1,/api/login,257,301
2026-02-17T10:16:20,user491,/api/settings,427,200
2026-02-17T15:11:51,user137,/api/payments,99,404
2026-02-17T17:41:05,user93,/api/download,3334,502
2026-02-17T13:11:58,user460,/api/notifications,501,400
2026-02-17T12:45:37,user323,/api/login,450,403
2026-02-17T19:57:37,user203,/api/upload,1727,403
2026-02-17T16:03:41,user88,/api/settings,411,503
2026-02-17T12:30:38,user392,/api/products,68,503
2026-02-17T12:07:43,user442,/api/login,100,200
2026-02-17T03:18:08,user115,/api/upload,691,200
2026-02-17T14:39:13,user213,/api/analytics,552,200
2026-02-17T07:49:40,user329,/api/users,339,200
2026-02-17T09:11:06,user293,/api/reports,491,500
2026-02-17T09:28:55,user35,/api/search,679,401
2026-02-17T13:59:29,user132,/api/profile,441,503
2026-02-17T13:20:19,user198,/api/dashboard,469,200
2026-02-17T08:12:42,user361,/api/login,420,403
2026-02-17T13:00:11,user450,/api/payments,461,200
2026-02-17T13:46:45,user292,/api/settings,80,200
2026-02-17T20:52:53,user432,/api/logout,210,200
2026-02-17T17:40:52,user234,/api/reports,211,503
2026-02-17T22:32:43,user166,/api/users,153,503
2026-02-17T11:40:42,user199,/api/products,115,301
2026-02-17T15:00:15,user161,/api/users,541,502
2026-02-17T23:46:53,user157,/api/reports,450,201
2026-02-17T07:38:32,user227,/api/reports,155,200
2026-02-17T07:20:20,user294,/api/download,1196,503
2026-02-17T12:48:08,user454,/api/profile,190,502
2026-02-17T12:52:09,user338,/api/upload,2222,401
2026-02-17T14:42:34,user55,/api/notifications,179,200
2026-02-17T13:50:09,user232,/api/notifications,225,500
2026-02-17T19:04:08,user482,/api/search,684,500
2026-02-17T05:09:00,user192,/api/download,3342,502
2026-02-17T23:54:46,user79,/api/download,2306,200
2026-02-17T18:59:36,user316,/api/upload,1240,503
2026-02-17T19:21:25,user196,/api/settings,317,301
2026-02-17T09:03:14,user328,/api/reports,149,200
2026-02-17T14:40:20,user82,/api/analytics,986,500
2026-02-17T18:18:00,user110,/api/download,1957,201
2026-02-17T07:54:10,user476,/api/profile,151,200
2026-02-17T02:55:57,user317,/api/profile,145,502
2026-02-17T20:48:18,user229,/api/search,1017,200
2026-02-17T11:04:29,user226,/api/products,388,500
2026-02-17T14:58:05,user243,/api/upload,1628,503
2026-02-17T22:10:22,user226,/api/orders,498,200
2026-02-17T08:49:47,user420,/api/payments,417,200
2026-02-17T00:13:19,user135,/api/orders,541,200
2026-02-17T08:22:04,user81,/api/orders,483,502
2026-02-17T05:08:32,user139,/api/dashboard,514,201
2026-02-17T14:43:45,user164,/api/orders,478,404
2026-02-17T05:06:03,user187,/api/notifications,81,500
2026-02-17T13:55:27,user229,/api/users,275,403
2026-02-17T14:41:40,user278,/api/download,2154,200
2026-02-17T21:10:41,user334,/api/download,1917,503
2026-02-17T03:36:14,user421,/api/orders,178,503
2026-02-17T08:02:35,user372,/api/products,495,500
2026-02-17T07:24:10,user178,/api/logout,64,403
2026-02-17T17:30:53,user483,/api/settings,438,200
2026-02-17T00:59:23,user96,/api/download,2377,200
2026-02-17T17:20:43,user6,/api/download,3087,301
2026-02-17T10:33:45,user181,/api/dashboard,55,401
2026-02-17T16:38:01,user106,/api/profile,262,502
2026-02-17T13:31:21,user219,/api/dashboard,305,500
2026-02-17T08:24:41,user290,/api/upload,1695,301
2026-02-17T23:03:08,user447,/api/profile,435,200
2026-02-17T17:52:11,user184,/api/upload,2297,500
2026-02-17T03:00:23,user218,/api/products,129,200
2026-02-17T14:31:46,user476,/api/dashboard,503,503
2026-02-17T09:10:32,user95,/api/upload,1788,200
2026-02-17T09:12:57,user355,/api/upload,1740,200
2026-02-17T04:34:32,user387,/api/notifications,218,200
2026-02-17T21:04:22,user30,/api/payments,86,200
2026-02-17T17:50:18,user426,/api/products,347,400
2026-02-17T22:20:33,user251,/api/reports,222,200
2026-02-17T19:52:15,user38,/api/reports,238,404
2026-02-17T00:18:18,user300,/api/dashboard,63,200
2026-02-17T00:36:45,user76,/api/users,454,403
2026-02-17T05:04:08,user473,/api/products,470,502
2026-02-17T15:09:44,user112,/api/payments,103,200
2026-02-17T22:40:35,user85,/api/logout,325,200
2026-02-17T21:32:48,user414,/api/payments,433,200
2026-02-17T01:06:08,user185,/api/logout,269,201
2026-02-17T02:08:05,user71,/api/reports,521,503
2026-02-17T08:44:09,user272,/api/analytics,428,500
2026-02-17T12:49:00,user447,/api/payments,295,200
2026-02-17T17:51:36,user383,/api/reports,152,403
2026-02-17T18:54:37,user187,/api/settings,456,403
2026-02-17T02:11:46,user315,/api/upload,1912,500
2026-02-17T07:01:45,user486,/api/products,273,200
2026-02-17T03:29:29,user494,/api/upload,2045,200
2026-02-17T01:15:03,user370,/api/search,954,400
2026-02-17T23:04:45,user487,/api/notifications,415,200
2026-02-17T11:27:27,user440,/api/payments,373,500
2026-02-17T07:08:06,user33,/api/logout,97,400
2026-02-17T22:30:35,user41,/api/download,863,201
2026-02-17T13:43:59,user153,/api/notifications,61,404
2026-02-17T17:42:23,user264,/api/login,131,403
2026-02-17T11:56:51,user475,/api/download,556,400
2026-02-17T23:54:01,user95,/api/products,69,200
2026-02-17T16:22:47,user217,/api/products,392,403
2026-02-17T00:25:12,user408,/api/search,1014,400
2026-02-17T05:28:48,user174,/api/users,510,200
2026-02-17T10:21:46,user86,/api/products,217,301
2026-02-17T03:12:27,user129,/api/profile,469,201
2026-02-17T19:50:17,user281,/api/upload,3156,200
2026-02-17T07:10:53,user465,/api/login,156,502
2026-02-17T00:47:08,user405,/api/notifications,291,404
2026-02-17T01:02:31,user329,/api/notifications,458,200
2026-02-17T05:02:33,user319,/api/download,1531,200
2026-02-17T20:27:13,user340,/api/settings,469,301
2026-02-17T14:28:49,user430,/api/settings,185,404
2026-02-17T10:23:19,user6,/api/orders,366,200
2026-02-17T21:10:58,user373,/api/download,2561,503
2026-02-17T00:14:39,user216,/api/upload,1961,200
2026-02-17T00:13:09,user408,/api/reports,212,200
2026-02-17T17:43:29,user461,/api/settings,201,403
2026-02-17T07:43:02,user71,/api/upload,692,200
2026-02-17T05:45:46,user415,/api/settings,270,200
2026-02-17T03:13:31,user163,/api/reports,368,401
2026-02-17T10:24:20,user362,/api/analytics,502,200
2026-02-17T00:35:28,user394,/api/download,926,200
2026-02-17T01:04:33,user269,/api/upload,2372,200
2026-02-17T14:28:35,user44,/api/download,2290,201
2026-02-17T01:29:48,user346,/api/payments,517,400
2026-02-17T05:20:51,user310,/api/login,249,200
2026-02-17T13:18:59,user307,/api/users,143,404
2026-02-17T21:29:10,user355,/api/profile,307,200
2026-02-17T07:17:34,user382,/api/reports,426,503
2026-02-17T18:03:14,user264,/api/search,332,200
2026-02-17T08:06:44,user322,/api/profile,546,403
2026-02-17T19:28:42,user71,/api/settings,381,200
2026-02-17T22:56:38,user186,/api/reports,444,400
2026-02-17T02:10:16,user23,/api/orders,75,403
2026-02-17T08:31:52,user204,/api/download,1971,200
2026-02-17T10:23:00,user413,/api/reports,321,400
2026-02-17T12:37:16,user423,/api/login,440,401
2026-02-17T15:51:19,user469,/api/dashboard,281,403
2026-02-17T18:24:27,user442,/api/orders,175,403
2026-02-17T00:05:31,user213,/api/analytics,741,502
2026-02-17T20:36:24,user489,/api/download,1592,200
2026-02-17T23:28:20,user99,/api/orders,257,301
2026-02-17T08:36:51,user307,/api/reports,541,502
2026-02-17T08:54:51,user223,/api/analytics,572,200
2026-02-17T16:38:01,user188,/api/dashboard,154,200
2026-02-17T16:12:25,user105,/api/search,207,200
2026-02-17T01:34:14,user238,/api/settings,168,400
2026-02-17T12:07:23,user203,/api/logout,400,500
2026-02-17T03:12:08,user241,/api/dashboard,168,301
2026-02-17T02:32:28,user260,/api/logout,105,401
2026-02-17T14:08:31,user380,/api/users,468,502
2026-02-17T11:46:56,user107,/api/upload,1572,201
2026-02-17T11:00:40,user349,/api/products,247,201
2026-02-17T08:40:59,user37,/api/products,139,200
2026-02-17T00:02:51,user367,/api/login,239,403
2026-02-17T04:14:12,user314,/api/users,189,400
2026-02-17T04:28:22,user322,/api/payments,270,401
2026-02-17T19:54:22,user439,/api/logout,100,200
2026-02-17T06:54:30,user443,/api/profile,104,200
2026-02-17T22:04:48,user357,/api/dashboard,250,503
2026-02-17T00:53:55,user103,/api/products,104,301
2026-02-17T11:17:53,user99,/api/settings,414,503
2026-02-17T03:11:48,user66,/api/payments,459,201
2026-02-17T09:49:46,user371,/api/reports,298,400
2026-02-17T12:35:49,user299,/api/orders,502,200
2026-02-17T18:27:18,user332,/api/orders,79,201
2026-02-17T14:54:02,user491,/api/download,1300,500
2026-02-17T14:29:23,user330,/api/orders,404,500
2026-02-17T12:20:42,user258,/api/profile,247,401
2026-02-17T07:00:51,user258,/api/notifications,329,502
2026-02-17T02:53:06,user39,/api/products,329,200
2026-02-17T22:58:44,user488,/api/logout,311,200
2026-02-17T14:54:01,user364,/api/search,666,404
2026-02-17T11:54:44,user275,/api/login,541,500
2026-02-17T14:44:10,user60,/api/payments,302,401
2026-02-17T18:50:36,user117,/api/reports,382,301
2026-02-17T20:30:20,user346,/api/logout,153,500
2026-02-17T11:01:58,user477,/api/profile,166,404
2026-02-17T22:30:30,user407,/api/notifications,541,503
2026-02-17T16:31:06,user363,/api/logout,208,403
2026-02-17T03:35:31,user403,/api/notifications,320,404
2026-02-17T03:24:09,user76,/api/products,166,403
2026-02-17T16:14:05,user85,/api/download,3149,201
2026-02-17T22:36:52,user200,/api/upload,1144,503
2026-02-17T09:36:50,user427,/api/analytics,379,200
2026-02-17T19:24:03,user44,/api/logout,516,200
2026-02-17T18:07:45,user358,/api/logout,330,200
2026-02-17T22:09:33,user392,/api/payments,111,500
2026-02-17T12:15:13,user160,/api/settings,272,301
2026-02-17T16:22:30,user283,/api/upload,3379,200
2026-02-17T15:34:04,user499,/api/users,301,401
2026-02-17T12:20:07,user450,/api/login,278,404
2026-02-17T22:08:38,user131,/api/logout,443,502
2026-02-17T18:44:43,user408,/api/notifications,324,200
2026-02-17T02:18:11,user342,/api/users,329,404
2026-02-17T23:47:55,user6,/api/search,257,200
2026-02-17T05:26:18,user469,/api/profile,287,200
2026-02-17T21:17:45,user271,/api/profile,461,200
2026-02-17T02:26:43,user421,/api/orders,289,403
2026-02-17T02:42:06,user454,/api/upload,2293,404
2026-02-17T15:52:24,user407,/api/dashboard,99,200
2026-02-17T23:45:42,user449,/api/upload,1948,301
2026-02-17T05:22:50,user471,/api/dashboard,51,200
2026-02-17T07:46:00,user462,/api/analytics,705,500
2026-02-17T03:02:46,user143,/api/login,99,400
2026-02-17T13:55:32,user21,/api/dashboard,138,502
2026-02-17T01:51:18,user138,/api/analytics,739,200
2026-02-17T08:25:37,user421,/api/notifications,301,404
2026-02-17T03:11:30,user82,/api/reports,68,502
2026-02-17T09:05:25,user102,/api/download,1834,403
2026-02-17T21:55:02,user30,/api/notifications,207,404
2026-02-17T10:25:10,user160,/api/login,114,500
2026-02-17T21:32:48,user107,/api/payments,417,401
2026-02-17T20:47:21,user33,/api/notifications,323,200
2026-02-17T06:18:50,user291,/api/reports,410,200
2026-02-17T23:48:27,user194,/api/products,496,400
2026-02-17T09:36:59,user402,/api/logout,293,401
2026-02-17T20:49:04,user334,/api/download,2685,400
2026-02-17T20:56:15,user491,/api/profile,274,200
2026-02-17T07:45:43,user263,/api/search,1217,200
2026-02-17T13:12:07,user215,/api/download,2326,401
2026-02-17T10:20:05,user94,/api/orders,316,500
2026-02-17T04:19:21,user383,/api/notifications,277,502
2026-02-17T04:16:41,user492,/api/dashboard,542,404
2026-02-17T21:49:50,user169,/api/settings,388,200
2026-02-17T10:09:13,user23,/api/orders,236,400
2026-02-17T08:11:59,user208,/api/upload,578,400
2026-02-17T08:05:30,user200,/api/dashboard,244,200
2026-02-17T22:37:03,user439,/api/products,167,400
2026-02-17T16:27:05,user200,/api/notifications,460,200
2026-02-17T09:17:40,user17,/api/notifications,167,503
2026-02-17T19:11:07,user344,/api/profile,379,201
2026-02-17T02:54:55,user398,/api/profile,426,200
2026-02-17T03:50:16,user238,/api/products,299,404
2026-02-17T22:25:23,user371,/api/logout,189,200
2026-02-17T05:21:50,user465,/api/profile,162,200
2026-02-17T22:54:19,user133,/api/login,369,403
2026-02-17T01:04:17,user320,/api/login,194,200
2026-02-17T14:17:23,user302,/api/notifications,50,502
2026-02-17T21:14:37,user119,/api/orders,322,200
2026-02-17T00:00:27,user326,/api/download,1987,400
2026-02-17T07:17:49,user267,/api/reports,273,401
2026-02-17T09:20:34,user356,/api/analytics,843,200
2026-02-17T21:17:40,user202,/api/orders,270,404
2026-02-17T21:20:21,user254,/api/profile,483,200
2026-02-17T10:13:04,user33,/api/profile,211,200
2026-02-17T12:28:36,user312,/api/reports,394,200
2026-02-17T03:53:01,user72,/api/products,516,200
2026-02-17T22:40:39,user257,/api/analytics,661,201
2026-02-17T23:09:02,user316,/api/orders,74,200
2026-02-17T03:12:23,user250,/api/payments,501,500
2026-02-17T13:50:01,user142,/api/dashboard,124,403
2026-02-17T19:42:27,user451,/api/download,2531,200
2026-02-17T03:12:10,user256,/api/reports,205,500
2026-02-17T16:25:20,user433,/api/payments,245,201
2026-02-17T18:37:12,user361,/api/download,1534,200
2026-02-17T15:14:08,user11,/api/analytics,707,502
2026-02-17T00:50:03,user485,/api/products,70,301
2026-02-17T16:03:42,user177,/api/dashboard,160,200
2026-02-17T07:23:45,user26,/api/payments,203,401
2026-02-17T11:28:34,user174,/api/reports,241,200
2026-02-17T21:43:58,user267,/api/upload,3466,404
2026-02-17T06:44:48,user235,/api/search,1566,200
2026-02-17T13:24:21,user334,/api/dashboard,410,200
2026-02-17T16:46:55,user239,/api/download,2648,200
2026-02-17T08:19:24,user216,/api/settings,438,200
2026-02-17T01:34:02,user15,/api/products,311,502
2026-02-17T06:35:55,user3,/api/products,505,200
2026-02-17T05:13:41,user403,/api/users,323,401
2026-02-17T19:17:29,user16,/api/users,475,301
2026-02-17T00:02:28,user214,/api/search,309,502
2026-02-17T06:14:34,user358,/api/notifications,159,201
2026-02-17T15:50:00,user296,/api/notifications,510,404
2026-02-17T00:44:35,user397,/api/analytics,1660,200
2026-02-17T06:02:10,user493,/api/payments,526,200
2026-02-17T13:52:07,user54,/api/upload,963,200
2026-02-17T14:30:13,user495,/api/profile,473,200
2026-02-17T10:01:58,user238,/api/orders,267,400
2026-02-17T07:39:29,user130,/api/reports,518,200
2026-02-17T14:32:01,user372,/api/users,294,301
2026-02-17T04:31:49,user55,/api/orders,180,301
2026-02-17T17:07:20,user417,/api/download,2145,301
2026-02-17T09:56:23,user26,/api/dashboard,525,301
2026-02-17T04:40:35,user206,/api/dashboard,75,401
2026-02-17T17:09:17,user1,/api/payments,165,200
2026-02-17T09:05:28,user309,/api/upload,2435,200
2026-02-17T23:44:18,user374,/api/reports,504,301
2026-02-17T09:35:33,user18,/api/logout,183,503
2026-02-17T18:28:31,user383,/api/orders,188,301
2026-02-17T07:14:08,user270,/api/login,81,200
2026-02-17T08:33:23,user268,/api/download,1303,201
2026-02-17T02:16:19,user295,/api/search,655,200
2026-02-17T16:59:37,user121,/api/users,58,403
2026-02-17T09:27:29,user265,/api/logout,94,201
2026-02-17T14:39:53,user87,/api/logout,298,502
2026-02-17T20:08:47,user126,/api/download,1832,200
2026-02-17T13:47:43,user194,/api/download,776,201
2026-02-17T02:09:51,user107,/api/dashboard,245,200
2026-02-17T18:15:38,user419,/api/users,269,502
2026-02-17T12:01:34,user123,/api/login,523,403
2026-02-17T02:40:26,user480,/api/upload,2490,503
2026-02-17T23:54:21,user265,/api/logout,97,301
2026-02-17T12:42:10,user476,/api/profile,415,404
2026-02-17T07:56:47,user287,/api/search,757,400
2026-02-17T20:09:04,user138,/api/users,170,403
2026-02-17T00:14:31,user423,/api/payments,99,404
2026-02-17T15:44:43,user472,/api/products,406,500
2026-02-17T22:00:15,user295,/api/dashboard,143,403
2026-02-17T13:58:55,user323,/api/dashboard,168,502
2026-02-17T06:04:16,user307,/api/payments,190,301
2026-02-17T11:49:57,user451,/api/analytics,892,502
2026-02-17T04:28:21,user212,/api/dashboard,94,404
2026-02-17T16:26:10,user461,/api/dashboard,206,403
2026-02-17T05:56:27,user182,/api/logout,271,200
2026-02-17T03:55:22,user304,/api/users,391,200
2026-02-17T06:24:38,user465,/api/dashboard,400,500
2026-02-17T12:14:36,user408,/api/products,409,503
2026-02-17T06:00:50,user5,/api/upload,1725,200
2026-02-17T22:07:16,user147,/api/dashboard,458,201
2026-02-17T22:09:12,user90,/api/settings,527,301
2026-02-17T17:38:40,user378,/api/orders,120,200
2026-02-17T20:46:57,user181,/api/reports,230,200
2026-02-17T03:38:14,user191,/api/login,395,200
2026-02-17T21:06:17,user87,/api/products,169,502
2026-02-17T01:27:14,user380,/api/products,178,404
2026-02-17T08:36:28,user356,/api/payments,293,200
2026-02-17T13:46:52,user421,/api/payments,287,503
2026-02-17T03:11:15,user321,/api/products,525,502
2026-02-17T06:55:39,user471,/api/login,50,502
2026-02-17T03:47:37,user269,/api/dashboard,381,502
2026-02-17T21:35:20,user218,/api/login,474,200
2026-02-17T05:01:11,user45,/api/search,403,200
2026-02-17T10:41:07,user304,/api/products,418,500
2026-02-17T16:55:10,user480,/api/products,206,502
2026-02-17T22:01:09,user418,/api/users,447,502
2026-02-17T19:21:39,user66,/api/analytics,1688,404
2026-02-17T12:53:16,user417,/api/payments,449,502
2026-02-17T20:56:32,user206,/api/login,287,500
2026-02-17T18:26:08,user466,/api/payments,436,200
2026-02-17T12:30:33,user285,/api/upload,2761,200
2026-02-17T06:44:37,user241,/api/upload,965,301
2026-02-17T19:58:40,user155,/api/logout,268,404
2026-02-17T03:48:50,user169,/api/payments,95,200
2026-02-17T00:26:55,user305,/api/users,244,200
2026-02-17T04:16:41,user464,/api/orders,339,201
2026-02-17T23:55:03,user219,/api/analytics,1328,200
2026-02-17T06:17:17,user159,/api/profile,524,201
2026-02-17T00:28:17,user25,/api/analytics,292,401
2026-02-17T16:31:42,user325,/api/analytics,707,503
2026-02-17T23:33:21,user16,/api/download,1845,401
2026-02-17T09:16:47,user295,/api/reports,108,502
2026-02-17T04:52:01,user391,/api/logout,424,502
2026-02-17T01:58:14,user156,/api/reports,53,200
2026-02-17T10:44:45,user195,/api/orders,57,200
2026-02-17T13:13:24,user311,/api/payments,501,301
2026-02-17T10:48:38,user462,/api/dashboard,228,404
2026-02-17T01:38:00,user304,/api/users,276,200
2026-02-17T06:06:37,user297,/api/settings,317,200
2026-02-17T22:45:17,user422,/api/payments,451,301
2026-02-17T15:14:55,user415,/api/logout,193,301
2026-02-17T06:15:44,user350,/api/products,490,400
2026-02-17T02:50:46,user91,/api/login,310,401
2026-02-17T06:27:18,user269,/api/payments,400,401
2026-02-17T04:20:15,user182,/api/upload,3044,403
2026-02-17T17:38:09,user148,/api/payments,266,500
2026-02-17T20:59:55,user103,/api/upload,2938,200
2026-02-17T01:55:49,user454,/api/users,261,400
2026-02-17T23:48:12,user303,/api/products,396,200
2026-02-17T02:17:20,user349,/api/orders,207,403
2026-02-17T07:37:39,user346,/api/login,448,200
2026-02-17T10:45:02,user127,/api/login,114,301
2026-02-17T04:55:25,user237,/api/logout,269,200
2026-02-17T05:48:46,user162,/api/settings,179,401
2026-02-17T21:19:20,user480,/api/analytics,1107,200
2026-02-17T20:05:42,user327,/api/search,1322,200
2026-02-17T14:21:25,user302,/api/notifications,356,200
2026-02-17T22:58:23,user14,/api/orders,338,403
2026-02-17T12:48:39,user286,/api/analytics,406,404
2026-02-17T12:07:23,user364,/api/products,462,400
2026-02-17T23:33:36,user114,/api/dashboard,225,403
2026-02-17T16:54:18,user207,/api/notifications,368,401
2026-02-17T08:24:38,user266,/api/products,301,200
2026-02-17T03:30:42,user438,/api/login,545,401
2026-02-17T17:59:36,user19,/api/users,422,403
2026-02-17T04:09:34,user285,/api/login,315,404
2026-02-17T05:11:34,user135,/api/reports,334,200
2026-02-17T01:03:48,user495,/api/search,959,200
2026-02-17T07:46:15,user345,/api/logout,345,301
2026-02-17T06:50:42,user500,/api/upload,3287,404
2026-02-17T23:04:27,user380,/api/products,210,401
2026-02-17T21:15:16,user264,/api/notifications,285,200
2026-02-17T03:53:01,user187,/api/login,85,200
2026-02-17T09:30:10,user110,/api/login,435,200
2026-02-17T00:00:33,user264,/api/products,167,200
2026-02-17T01:25:46,user419,/api/download,2924,200
2026-02-17T22:26:34,user301,/api/login,331,502
2026-02-17T18:41:22,user47,/api/login,116,404
2026-02-17T13:15:04,user339,/api/notifications,314,403
2026-02-17T09:23:14,user3,/api/reports,540,200
2026-02-17T23:10:44,user146,/api/users,261,400
2026-02-17T03:05:27,user430,/api/users,236,200
2026-02-17T13:49:28,user246,/api/analytics,1342,200
2026-02-17T11:24:19,user246,/api/users,210,200
2026-02-17T00:53:09,user418,/api/payments,134,500
2026-02-17T14:10:01,user329,/api/download,2194,201
2026-02-17T23:02:11,user221,/api/reports,449,401
2026-02-17T17:16:38,user333,/api/orders,190,500
2026-02-17T04:02:33,user29,/api/reports,198,200
2026-02-17T18:36:51,user336,/api/products,431,400
2026-02-17T15:51:28,user238,/api/users,164,403
2026-02-17T11:28:40,user419,/api/orders,326,403
2026-02-17T14:59:44,user218,/api/orders,54,400
2026-02-17T10:22:36,user462,/api/reports,531,401
2026-02-17T05:41:02,user415,/api/login,294,503
2026-02-17T17:08:55,user60,/api/orders,53,200
2026-02-17T22:46:33,user247,/api/payments,325,502
2026-02-17T00:47:03,user469,/api/analytics,1621,301
2026-02-17T02:27:30,user430,/api/products,280,403
2026-02-17T05:47:18,user340,/api/search,1323,200
2026-02-17T14:08:59,user331,/api/analytics,1420,200
2026-02-17T02:42:58,user65,/api/login,461,404
2026-02-17T15:20:18,user426,/api/profile,153,503
2026-02-17T07:38:20,user401,/api/dashboard,205,201
2026-02-17T05:51:11,user379,/api/download,1422,401
2026-02-17T03:30:36,user421,/api/logout,259,403
2026-02-17T19:39:54,user173,/api/download,2412,301
2026-02-17T10:25:59,user57,/api/analytics,1609,403
2026-02-17T13:08:46,user286,/api/users,187,401
2026-02-17T11:12:31,user34,/api/upload,1917,403
2026-02-17T09:07:49,user492,/api/orders,221,200
2026-02-17T11:43:15,user45,/api/reports,281,503
2026-02-17T06:47:45,user262,/api/download,1331,200
2026-02-17T17:47:34,user260,/api/upload,827,201
2026-02-17T03:00:02,user182,/api/upload,3182,200
2026-02-17T17:52:53,user280,/api/users,138,201
2026-02-17T06:26:16,user108,/api/search,512,500
2026-02-17T20:39:24,user78,/api/users,474,404
2026-02-17T15:37:09,user366,/api/download,1615,400
2026-02-17T07:50:30,user92,/api/orders,376,404
2026-02-17T12:56:48,user108,/api/users,334,401
2026-02-17T18:13:02,user38,/api/users,510,403
2026-02-17T05:04:14,user77,/api/reports,191,200
2026-02-17T13:53:40,user371,/api/settings,88,400
2026-02-17T17:39:37,user239,/api/dashboard,329,301
2026-02-17T08:15:48,user79,/api/settings,513,200
2026-02-17T10:35:24,user432,/api/settings,453,201
2026-02-17T06:04:40,user417,/api/download,1127,200
2026-02-17T02:22:44,user471,/api/logout,209,301
2026-02-17T17:31:46,user300,/api/login,163,500
2026-02-17T04:08:37,user459,/api/logout,205,200
2026-02-17T12:57:35,user474,/api/logout,242,503
2026-02-17T21:34:02,user40,/api/users,207,500
2026-02-17T01:02:31,user14,/api/upload,1077,503
2026-02-17T02:52:26,user33,/api/login,193,301
2026-02-17T16:49:07,user500,/api/download,806,503
2026-02-17T22:53:26,user145,/api/users,320,200
2026-02-17T09:36:34,user469,/api/logout,452,502
2026-02-17T14:54:07,user337,/api/settings,165,200
2026-02-17T05:50:54,user91,/api/profile,380,200
2026-02-17T22:40:41,user357,/api/search,469,201
2026-02-17T06:46:33,user140,/api/orders,100,201
2026-02-17T02:35:58,user442,/api/profile,271,400
2026-02-17T18:45:57,user365,/api/users,403,301
2026-02-17T01:10:29,user421,/api/upload,3462,502
2026-02-17T18:29:16,user259,/api/search,1366,502
2026-02-17T13:47:30,user159,/api/upload,2997,200
2026-02-17T08:56:31,user44,/api/settings,336,200
2026-02-17T17:28:39,user39,/api/users,368,401
2026-02-17T12:54:14,user274,/api/download,3178,401
2026-02-17T08:26:02,user159,/api/payments,176,404
2026-02-17T17:16:46,user154,/api/profile,450,200
2026-02-17T18:40:42,user272,/api/orders,545,503
2026-02-17T04:26:08,user448,/api/settings,427,503
2026-02-17T17:12:36,user392,/api/search,603,500
2026-02-17T08:17:12,user270,/api/payments,499,200
2026-02-17T04:35:53,user76,/api/reports,405,301
2026-02-17T15:13:46,user281,/api/reports,127,200
2026-02-17T18:55:11,user239,/api/notifications,291,500
2026-02-17T15:04:35,user169,/api/search,1247,200
2026-02-17T07:59:29,user19,/api/settings,502,404
2026-02-17T09:50:26,user342,/api/products,245,403
2026-02-17T16:19:21,user391,/api/notifications,503,404
2026-02-17T10:42:38,user48,/api/download,1962,500
2026-02-17T23:16:21,user77,/api/reports,481,301
2026-02-17T09:06:13,user407,/api/notifications,392,200
2026-02-17T11:57:07,user86,/api/settings,462,502
2026-02-17T03:47:27,user457,/api/dashboard,333,500
2026-02-17T21:58:42,user134,/api/dashboard,400,301
2026-02-17T06:27:26,user352,/api/profile,401,500
2026-02-17T06:06:02,user357,/api/reports,193,200
2026-02-17T14:00:49,user36,/api/reports,318,503
2026-02-17T14:07:39,user367,/api/analytics,513,500
2026-02-17T08:15:14,user201,/api/analytics,1184,400
2026-02-17T05:39:08,user289,/api/upload,3012,200
2026-02-17T20:22:20,user381,/api/reports,519,401
2026-02-17T03:23:49,user401,/api/settings,170,201
2026-02-17T09:55:53,user282,/api/analytics,849,200
2026-02-17T06:45:07,user269,/api/orders,411,200
2026-02-17T20:29:46,user128,/api/upload,1407,301
2026-02-17T05:53:08,user272,/api/reports,141,201
2026-02-17T18:54:55,user116,/api/upload,2680,502
2026-02-17T13:45:06,user239,/api/users,111,400
2026-02-17T20:05:49,user165,/api/profile,297,200
2026-02-17T04:22:15,user9,/api/logout,349,403
2026-02-17T19:31:40,user162,/api/notifications,419,200
2026-02-17T16:42:15,user202,/api/download,3368,500
2026-02-17T14:36:26,user69,/api/download,3019,200
2026-02-17T03:32:31,user125,/api/notifications,483,503
2026-02-17T03:28:22,user145,/api/products,385,503
2026-02-17T11:33:21,user473,/api/reports,222,200
2026-02-17T15:17:16,user41,/api/orders,416,200
2026-02-17T10:04:27,user266,/api/payments,248,200
2026-02-17T14:03:48,user54,/api/dashboard,84,500
2026-02-17T16:23:35,user441,/api/dashboard,491,400
2026-02-17T19:29:35,user459,/api/search,433,401
2026-02-17T16:38:59,user180,/api/login,483,200
2026-02-17T04:51:43,user5,/api/dashboard,244,200
2026-02-17T00:47:14,user390,/api/login,293,200
2026-02-17T12:05:29,user212,/api/products,321,200
2026-02-17T12:19:19,user285,/api/search,1397,401
2026-02-17T22:52:49,user352,/api/logout,174,401
2026-02-17T06:50:56,user172,/api/upload,2023,201
2026-02-17T17:36:22,user2,/api/dashboard,175,200
2026-02-17T16:34:19,user315,/api/search,512,401
2026-02-17T20:04:51,user82,/api/reports,354,404
2026-02-17T14:22:26,user190,/api/search,800,401
2026-02-17T18:27:27,user451,/api/products,440,200
2026-02-17T01:43:49,user414,/api/login,267,301
2026-02-17T19:39:58,user371,/api/settings,169,301
2026-02-17T10:34:58,user155,/api/payments,218,502
2026-02-17T09:18:36,user65,/api/notifications,73,200
2026-02-17T22:07:14,user166,/api/analytics,1182,301
2026-02-17T02:37:15,user441,/api/profile,254,403
2026-02-17T20:28:50,user300,/api/reports,320,500
2026-02-17T19:32:44,user28,/api/products,132,401
2026-02-17T12:17:43,user354,/api/settings,235,201
2026-02-17T12:35:14,user443,/api/analytics,870,403
2026-02-17T04:11:46,user67,/api/logout,190,200
2026-02-17T05:35:01,user247,/api/search,1175,200
2026-02-17T02:15:44,user467,/api/notifications,354,301
2026-02-17T23:40:35,user2,/api/upload,3293,201
2026-02-17T00:05:22,user462,/api/dashboard,516,502
2026-02-17T03:19:45,user480,/api/notifications,110,200
2026-02-17T23:18:56,user201,/api/payments,491,200
2026-02-17T19:31:24,user346,/api/dashboard,304,200
2026-02-17T11:25:06,user494,/api/upload,2546,200
2026-02-17T11:35:26,user235,/api/analytics,1397,503
2026-02-17T13:00:48,user7,/api/settings,542,403
2026-02-17T07:59:31,user80,/api/notifications,130,500
2026-02-17T11:45:13,user71,/api/dashboard,409,404
2026-02-17T08:12:36,user341,/api/payments,122,403
2026-02-17T16:47:45,user12,/api/notifications,227,503
2026-02-17T06:47:17,user182,/api/logout,451,200
2026-02-17T11:26:28,user8,/api/login,243,401
2026-02-17T18:29:13,user18,/api/upload,2898,401
2026-02-17T16:43:05,user441,/api/notifications,548,400
2026-02-17T00:35:01,user254,/api/login,312,404
2026-02-17T17:45:39,user395,/api/upload,2919,201
2026-02-17T10:10:48,user422,/api/analytics,752,401
2026-02-17T07:34:57,user62,/api/reports,528,404
2026-02-17T11:51:47,user417,/api/analytics,972,200
2026-02-17T05:06:55,user18,/api/payments,381,301
2026-02-17T19:39:31,user254,/api/settings,364,200
2026-02-17T01:24:06,user253,/api/users,78,301
2026-02-17T08:47:33,user132,/api/settings,394,404
2026-02-17T15:37:05,user265,/api/login,253,400
2026-02-17T19:29:23,user235,/api/upload,814,301
2026-02-17T14:05:38,user357,/api/orders,343,200
2026-02-17T17:23:19,user153,/api/search,538,201
2026-02-17T04:30:18,user76,/api/payments,136,500
2026-02-17T16:06:14,user238,/api/logout,514,200
2026-02-17T06:14:58,user37,/api/analytics,1613,200
2026-02-17T09:06:03,user100,/api/upload,3226,400
2026-02-17T12:14:28,user259,/api/analytics,470,404
2026-02-17T15:38:24,user366,/api/users,127,500
2026-02-17T01:21:34,user408,/api/products,252,500
2026-02-17T05:42:05,user500,/api/reports,521,404
2026-02-17T11:59:36,user126,/api/notifications,124,201
2026-02-17T06:31:28,user283,/api/logout,292,200
2026-02-17T08:50:33,user434,/api/reports,422,301
2026-02-17T22:40:08,user406,/api/profile,203,404
2026-02-17T09:00:38,user138,/api/profile,538,500
2026-02-17T19:10:30,user157,/api/analytics,1385,502
2026-02-17T12:31:07,user489,/api/download,1625,503
2026-02-17T17:03:50,user22,/api/settings,320,404
2026-02-17T16:10:55,user297,/api/search,1551,301
2026-02-17T05:35:28,user327,/api/analytics,1559,502
2026-02-17T18:28:38,user186,/api/download,1304,200
2026-02-17T14:38:55,user334,/api/dashboard,107,200
2026-02-17T18:36:29,user97,/api/upload,891,401
2026-02-17T08:20:13,user101,/api/upload,1808,200
2026-02-17T17:19:37,user479,/api/products,307,503
2026-02-17T21:43:51,user443,/api/products,538,403
2026-02-17T20:18:30,user221,/api/dashboard,64,403
2026-02-17T14:41:59,user49,/api/products,146,301
2026-02-17T08:50:35,user277,/api/profile,482,400
2026-02-17T23:06:07,user341,/api/orders,263,200
2026-02-17T03:30:35,user282,/api/users,126,200
2026-02-17T23:59:46,user254,/api/logout,336,503
2026-02-17T07:35:51,user500,/api/orders,522,200
2026-02-17T08:19:30,user175,/api/logout,382,200
2026-02-17T02:58:51,user389,/api/download,1283,200
2026-02-17T10:47:43,user470,/api/profile,402,200
2026-02-17T18:39:53,user491,/api/reports,173,200
2026-02-17T19:05:26,user312,/api/orders,360,200
2026-02-17T13:45:04,user246,/api/login,147,503
2026-02-17T05:22:02,user219,/api/dashboard,317,200
2026-02-17T04:23:42,user91,/api/search,843,200
2026-02-17T14:04:15,user50,/api/orders,547,200
2026-02-17T20:03:22,user43,/api/reports,525,200
2026-02-17T16:09:48,user380,/api/notifications,326,200
2026-02-17T15:48:26,user283,/api/logout,334,401
2026-02-17T05:57:46,user5,/api/orders,383,200
2026-02-17T23:44:12,user156,/api/orders,228,502
2026-02-17T00:36:57,user83,/api/analytics,468,200
2026-02-17T05:26:07,user201,/api/settings,355,400
2026-02-17T11:13:19,user260,/api/login,262,400
2026-02-17T18:23:13,user396,/api/notifications,328,401
2026-02-17T14:51:01,user63,/api/analytics,812,200
2026-02-17T10:15:57,user373,/api/profile,184,200
2026-02-17T11:20:16,user233,/api/settings,228,301
2026-02-17T21:26:15,user217,/api/search,1603,401
2026-02-17T07:09:47,user75,/api/download,1098,502
2026-02-17T02:06:17,user486,/api/logout,137,200
2026-02-17T05:41:43,user214,/api/profile,178,200
2026-02-17T11:05:22,user89,/api/login,90,200
2026-02-17T22:47:58,user11,/api/profile,471,200
2026-02-17T17:31:38,user155,/api/download,947,200
2026-02-17T04:39:04,user245,/api/analytics,1478,200
2026-02-17T21:40:59,user351,/api/orders,93,404
2026-02-17T12:12:57,user409,/api/users,413,200
2026-02-17T19:07:16,user188,/api/products,170,404
2026-02-17T20:42:33,user132,/api/logout,114,503
2026-02-17T18:34:41,user309,/api/orders,333,201
2026-02-17T01:16:59,user429,/api/download,1381,500
2026-02-17T17:08:11,user182,/api/login,273,500
2026-02-17T18:53:30,user77,/api/users,149,200
2026-02-17T13:54:03,user96,/api/settings,435,301
2026-02-17T04:47:11,user491,/api/dashboard,541,301
2026-02-17T22:11:33,user221,/api/orders,367,200
2026-02-17T04:04:39,user466,/api/orders,91,404
2026-02-17T02:36:24,user248,/api/upload,2270,201
2026-02-17T13:50:14,user38,/api/payments,373,401
2026-02-17T04:50:25,user44,/api/payments,82,503
2026-02-17T07:50:41,user117,/api/payments,137,403
2026-02-17T15:09:27,user403,/api/payments,84,200
2026-02-17T20:22:26,user223,/api/logout,203,503
2026-02-17T07:13:48,user428,/api/users,87,200
2026-02-17T08:21:41,user272,/api/reports,348,200
2026-02-17T11:43:57,user292,/api/upload,2914,403
2026-02-17T18:56:35,user82,/api/profile,151,200
2026-02-17T21:02:02,user58,/api/users,101,200
2026-02-17T19:25:10,user175,/api/notifications,299,200
2026-02-17T14:45:14,user457,/api/login,289,200
2026-02-17T20:32:14,user245,/api/logout,446,401
2026-02-17T15:16:20,user279,/api/download,3420,200
2026-02-17T16:23:19,user251,/api/settings,108,503
2026-02-17T05:00:36,user29,/api/products,401,200
2026-02-17T07:41:22,user207,/api/analytics,272,200
2026-02-17T15:02:26,user194,/api/analytics,284,502
2026-02-17T03:07:12,user127,/api/orders,170,200
2026-02-17T15:18:32,user152,/api/dashboard,392,201
2026-02-17T14:06:43,user173,/api/search,1375,403
2026-02-17T14:08:35,user449,/api/download,814,404
2026-02-17T10:45:57,user325,/api/settings,132,200
2026-02-17T08:15:11,user357,/api/reports,508,200
2026-02-17T00:57:58,user161,/api/reports,374,401
2026-02-17T09:03:51,user400,/api/products,150,301
2026-02-17T17:54:48,user64,/api/download,759,500
2026-02-17T17:25:36,user470,/api/products,242,500
2026-02-17T06:45:59,user322,/api/dashboard,533,401
2026-02-17T01:59:37,user228,/api/notifications,242,503
2026-02-17T02:51:53,user297,/api/orders,480,401
2026-02-17T18:47:05,user179,/api/settings,301,404
2026-02-17T17:09:06,user296,/api/orders,280,200
2026-02-17T13:52:29,user361,/api/notifications,480,401
2026-02-17T02:39:17,user129,/api/orders,230,200
2026-02-17T14:23:15,user233,/api/reports,225,403
2026-02-17T18:28:48,user77,/api/reports,230,503
2026-02-17T14:28:09,user337,/api/upload,805,301
2026-02-17T13:18:08,user126,/api/upload,3227,403
2026-02-17T18:45:04,user255,/api/settings,244,200
2026-02-17T03:27:51,user450,/api/analytics,1189,200
2026-02-17T13:23:18,user177,/api/upload,2135,201
2026-02-17T01:41:11,user161,/api/upload,1290,403
2026-02-17T08:55:36,user342,/api/login,178,500
2026-02-17T02:55:37,user116,/api/payments,518,401
2026-02-17T19:09:08,user10,/api/dashboard,314,500
2026-02-17T16:45:21,user284,/api/products,438,200
2026-02-17T14:05:11,user158,/api/products,511,200
2026-02-17T21:04:22,user235,/api/upload,1579,401
2026-02-17T14:46:03,user179,/api/search,960,401
2026-02-17T00:57:07,user296,/api/orders,181,200
2026-02-17T22:43:43,user213,/api/payments,162,403
2026-02-17T08:07:21,user300,/api/users,187,200
2026-02-17T11:15:34,user346,/api/logout,213,301
2026-02-17T05:48:56,user383,/api/analytics,1527,503
2026-02-17T01:11:34,user388,/api/settings,181,201
2026-02-17T19:45:13,user467,/api/payments,436,200
2026-02-17T14:42:30,user272,/api/download,1471,502
2026-02-17T14:52:56,user360,/api/search,883,403
2026-02-17T21:14:59,user486,/api/dashboard,248,403
2026-02-17T15:00:17,user381,/api/settings,376,500
2026-02-17T18:51:51,user454,/api/orders,230,503
2026-02-17T05:44:00,user383,/api/products,177,201
2026-02-17T08:35:10,user48,/api/login,123,200
2026-02-17T09:15:45,user99,/api/products,461,404
2026-02-17T14:07:59,user48,/api/login,281,502
2026-02-17T16:29:22,user129,/api/profile,93,404
2026-02-17T08:37:53,user185,/api/upload,1597,200
2026-02-17T23:37:01,user337,/api/search,1566,403
2026-02-17T05:49:59,user318,/api/upload,2369,200
2026-02-17T05:21:50,user213,/api/download,1341,503
2026-02-17T08:54:41,user94,/api/dashboard,370,200
2026-02-17T22:11:43,user265,/api/analytics,1306,403
2026-02-17T16:36:52,user467,/api/search,1568,200
2026-02-17T03:04:21,user54,/api/profile,202,403
2026-02-17T17:41:34,user373,/api/search,841,503
2026-02-17T14:25:26,user153,/api/analytics,1170,500
2026-02-17T03:12:47,user114,/api/payments,438,200
2026-02-17T12:33:40,user306,/api/login,443,404
2026-02-17T10:30:05,user327,/api/orders,485,200
2026-02-17T04:19:06,user204,/api/analytics,820,200
2026-02-17T10:49:22,user288,/api/settings,284,200
2026-02-17T14:13:17,user475,/api/analytics,978,502
2026-02-17T14:30:21,user334,/api/logout,535,502
2026-02-17T22:41:15,user324,/api/payments,200,400
2026-02-17T15:43:35,user296,/api/reports,195,401
2026-02-17T01:30:50,user428,/api/download,3097,401
2026-02-17T00:05:53,user287,/api/settings,206,404
2026-02-17T21:20:50,user178,/api/logout,215,404
2026-02-17T02:11:02,user467,/api/upload,908,502
2026-02-17T19:43:50,user418,/api/analytics,782,301
2026-02-17T21:56:28,user202,/api/payments,91,403
2026-02-17T12:43:02,user294,/api/analytics,877,500
2026-02-17T12:04:43,user307,/api/upload,582,200
2026-02-17T16:00:17,user88,/api/reports,232,403
2026-02-17T15:16:10,user125,/api/dashboard,519,200
2026-02-17T23:07:46,user115,/api/search,336,400
2026-02-17T01:53:13,user91,/api/search,453,400
2026-02-17T06:10:12,user22,/api/products,259,400
2026-02-17T01:32:35,user262,/api/products,215,404
2026-02-17T14:43:27,user331,/api/logout,97,301
2026-02-17T08:11:47,user229,/api/reports,314,200
2026-02-17T20:58:10,user251,/api/users,405,502
2026-02-17T03:36:46,user463,/api/analytics,1514,502
2026-02-17T23:45:49,user396,/api/upload,1887,500
2026-02-17T17:19:49,user167,/api/logout,61,500
2026-02-17T03:31:31,user415,/api/search,1639,503
2026-02-17T19:03:53,user420,/api/logout,60,200
2026-02-17T19:13:55,user431,/api/profile,147,404
2026-02-17T19:14:39,user233,/api/upload,546,500
2026-02-17T13:12:42,user465,/api/login,439,400
2026-02-17T22:58:27,user153,/api/logout,115,401
2026-02-17T08:03:11,user153,/api/profile,411,200
2026-02-17T15:42:10,user251,/api/reports,533,403
2026-02-17T02:31:22,user324,/api/settings,216,301
2026-02-17T10:56:35,user443,/api/logout,428,401
2026-02-17T05:21:49,user500,/api/orders,383,200
2026-02-17T22:05:39,user223,/api/reports,496,200
2026-02-17T18:00:54,user1,/api/upload,2298,200
2026-02-17T10:54:53,user281,/api/payments,105,400
2026-02-17T20:15:48,user267,/api/settings,260,403
2026-02-17T02:49:35,user162,/api/dashboard,376,502
2026-02-17T21:52:14,user161,/api/products,355,401
2026-02-17T05:48:51,user376,/api/settings,361,201
2026-02-17T09:48:34,user95,/api/orders,481,201
2026-02-17T04:37:28,user89,/api/orders,466,502
2026-02-17T15:43:35,user40,/api/reports,200,400
2026-02-17T03:58:42,user123,/api/reports,470,200
2026-02-17T08:45:13,user7,/api/search,771,200
2026-02-17T03:11:07,user365,/api/search,1004,200
2026-02-17T07:12:23,user63,/api/payments,64,301
2026-02-17T04:56:59,user62,/api/reports,459,403
2026-02-17T20:45:51,user47,/api/dashboard,255,404
2026-02-17T13:56:19,user487,/api/reports,414,200
2026-02-17T07:00:38,user467,/api/products,532,401
2026-02-17T15:34:17,user434,/api/analytics,1253,200
2026-02-17T11:24:05,user106,/api/products,305,200
2026-02-17T04:50:16,user181,/api/upload,1823,500
2026-02-17T14:52:40,user67,/api/analytics,621,200
2026-02-17T20:00:00,user41,/api/products,198,502
2026-02-17T06:17:33,user313,/api/notifications,227,404
2026-02-17T22:46:06,user377,/api/orders,366,401
2026-02-17T09:13:35,user461,/api/analytics,1148,500
2026-02-17T06:38:20,user279,/api/analytics,298,201
2026-02-17T06:51:04,user416,/api/search,1172,200
2026-02-17T02:53:12,user239,/api/reports,249,500
2026-02-17T16:23:14,user492,/api/upload,2919,200
2026-02-17T16:01:48,user265,/api/download,1434,403
2026-02-17T01:39:26,user204,/api/payments,145,200
2026-02-17T03:00:23,user339,/api/profile,446,503
2026-02-17T13:14:57,user310,/api/settings,387,201
2026-02-17T02:28:34,user15,/api/orders,198,403
2026-02-17T11:01:56,user10,/api/users,326,200
2026-02-17T03:19:20,user78,/api/payments,175,200
2026-02-17T16:57:40,user305,/api/upload,916,200
2026-02-17T01:14:17,user262,/api/login,281,200
2026-02-17T09:49:33,user403,/api/products,194,200
2026-02-17T22:15:12,user302,/api/reports,518,400
2026-02-17T06:44:42,user183,/api/profile,466,200
2026-02-17T17:02:18,user368,/api/users,253,301
2026-02-17T00:14:39,user116,/api/dashboard,352,200
2026-02-17T09:09:43,user398,/api/dashboard,197,200
2026-02-17T08:58:15,user404,/api/notifications,320,502
2026-02-17T15:57:24,user467,/api/profile,345,404
2026-02-17T04:42:21,user214,/api/reports,217,200
2026-02-17T22:40:44,user160,/api/download,1452,200
2026-02-17T01:20:14,user396,/api/login,414,200
2026-02-17T07:20:14,user166,/api/orders,415,500
2026-02-17T04:44:13,user440,/api/reports,293,403
2026-02-17T05:32:18,user282,/api/payments,235,403
2026-02-17T07:33:02,user95,/api/dashboard,326,200
2026-02-17T06:57:55,user414,/api/search,1633,200
2026-02-17T10:23:23,user70,/api/search,1174,403
2026-02-17T17:33:17,user282,/api/orders,534,301
2026-02-17T03:46:20,user417,/api/search,1371,502
2026-02-17T13:37:58,user458,/api/notifications,281,500
2026-02-17T16:16:53,user130,/api/login,168,403
2026-02-17T05:37:03,user369,/api/reports,495,200
2026-02-17T04:10:18,user146,/api/login,446,200
2026-02-17T11:40:12,user306,/api/notifications,315,401
2026-02-17T13:51:23,user284,/api/search,642,200
2026-02-17T19:05:29,user320,/api/orders,279,201
2026-02-17T13:35:38,user271,/api/profile,388,500
2026-02-17T05:53:39,user449,/api/search,1297,200
2026-02-17T06:02:04,user458,/api/dashboard,487,200
2026-02-17T16:43:21,user203,/api/reports,376,200
2026-02-17T23:28:09,user270,/api/upload,3366,200
2026-02-17T20:46:40,user498,/api/upload,3298,200
2026-02-17T17:03:15,user490,/api/search,789,401
2026-02-17T06:46:10,user36,/api/payments,470,200
2026-02-17T02:40:40,user373,/api/settings,240,201
2026-02-17T12:14:50,user208,/api/analytics,409,200
2026-02-17T20:02:19,user110,/api/users,512,301
2026-02-17T05:04:44,user395,/api/settings,481,500
2026-02-17T14:04:08,user170,/api/payments,110,200
2026-02-17T13:27:10,user403,/api/search,251,400
2026-02-17T03:07:53,user255,/api/products,244,500
2026-02-17T16:09:30,user451,/api/settings,487,200
2026-02-17T22:05:27,user183,/api/settings,209,404
2026-02-17T23:07:06,user228,/api/payments,331,403
2026-02-17T08:34:31,user241,/api/users,98,400
2026-02-17T01:25:58,user156,/api/search,456,400
2026-02-17T12:53:12,user278,/api/products,535,502
2026-02-17T22:43:46,user17,/api/orders,293,200
2026-02-17T20:00:51,user419,/api/analytics,1118,503
2026-02-17T16:30:28,user30,/api/download,1735,200
2026-02-17T23:48:21,user183,/api/reports,386,301
2026-02-17T07:31:50,user13,/api/dashboard,106,200
2026-02-17T19:41:03,user178,/api/download,2855,200
2026-02-17T14:12:07,user220,/api/search,269,400
2026-02-17T17:34:40,user279,/api/logout,340,404
2026-02-17T14:15:43,user179,/api/dashboard,210,503
2026-02-17T06:05:04,user304,/api/download,853,503
2026-02-17T09:47:26,user125,/api/notifications,137,400
2026-02-17T22:44:46,user343,/api/products,375,301
2026-02-17T14:16:09,user422,/api/analytics,976,200
2026-02-17T01:27:39,user136,/api/payments,298,201
2026-02-17T21:24:30,user43,/api/dashboard,187,200
2026-02-17T08:40:43,user250,/api/search,280,503
2026-02-17T12:31:42,user198,/api/users,460,401
2026-02-17T04:11:55,user421,/api/notifications,387,403
2026-02-17T23:25:33,user197,/api/analytics,553,500
2026-02-17T14:19:30,user45,/api/logout,532,201
2026-02-17T08:29:29,user142,/api/orders,115,401
2026-02-17T22:59:01,user4,/api/products,305,200
2026-02-17T05:58:07,user147,/api/products,549,201
2026-02-17T03:06:23,user373,/api/dashboard,387,200
2026-02-17T01:53:13,user225,/api/upload,519,500
2026-02-17T12:21:42,user338,/api/orders,134,200
2026-02-17T06:48:33,user197,/api/dashboard,71,200
2026-02-17T18:05:13,user172,/api/orders,479,200
2026-02-17T04:26:37,user431,/api/download,2658,200
2026-02-17T09:25:50,user247,/api/login,318,200
2026-02-17T02:04:52,user354,/api/search,1157,301
2026-02-17T15:16:14,user216,/api/orders,341,503
2026-02-17T08:35:02,user13,/api/download,2822,201
2026-02-17T07:32:03,user113,/api/orders,52,201
2026-02-17T23:50:35,user215,/api/payments,200,503
2026-02-17T02:31:53,user474,/api/settings,275,403
2026-02-17T09:20:27,user417,/api/orders,303,401
2026-02-17T19:38:41,user193,/api/reports,429,200
2026-02-17T08:01:01,user460,/api/login,138,403
2026-02-17T13:45:53,user306,/api/reports,547,401
2026-02-17T15:36:09,user128,/api/users,524,200
2026-02-17T23:25:57,user265,/api/reports,503,502
2026-02-17T19:03:05,user343,/api/upload,1496,200
2026-02-17T21:17:00,user192,/api/reports,324,500
2026-02-17T09:06:56,user174,/api/login,365,201
2026-02-17T00:08:41,user376,/api/login,147,401
2026-02-17T22:18:20,user232,/api/analytics,1141,500
2026-02-17T13:57:27,user310,/api/logout,512,200
2026-02-17T12:10:22,user153,/api/search,1597,503
2026-02-17T22:03:42,user458,/api/analytics,1033,200
2026-02-17T13:05:31,user353,/api/search,1236,200
2026-02-17T06:44:07,user133,/api/download,2078,503
2026-02-17T10:36:03,user467,/api/products,152,500
2026-02-17T11:43:17,user435,/api/users,511,403
2026-02-17T04:57:46,user174,/api/profile,70,401
2026-02-17T03:12:02,user139,/api/logout,506,500
2026-02-17T08:44:53,user5,/api/users,519,400
2026-02-17T20:18:13,user319,/api/notifications,475,401
2026-02-17T21:11:21,user363,/api/payments,543,200
2026-02-17T10:38:31,user356,/api/orders,70,403
2026-02-17T01:53:51,user171,/api/logout,258,200
2026-02-17T13:13:26,user144,/api/logout,154,500
2026-02-17T22:35:17,user89,/api/products,541,404
2026-02-17T05:54:39,user134,/api/search,767,200
2026-02-17T08:48:13,user377,/api/login,422,500
2026-02-17T00:11:48,user5,/api/settings,318,500
2026-02-17T09:32:46,user114,/api/products,473,301
2026-02-17T14:18:16,user429,/api/search,1608,201
2026-02-17T14:37:10,user46,/api/search,366,200
2026-02-17T21:36:31,user483,/api/analytics,482,200
2026-02-17T23:28:52,user213,/api/upload,3122,200
2026-02-17T18:22:49,user67,/api/dashboard,382,401
2026-02-17T08:32:23,user277,/api/dashboard,505,200
2026-02-17T05:38:34,user398,/api/dashboard,75,401
2026-02-17T10:32:32,user382,/api/dashboard,81,500
2026-02-17T21:05:33,user253,/api/reports,520,200
2026-02-17T03:30:55,user458,/api/logout,529,200
2026-02-17T07:15:10,user45,/api/orders,181,401
2026-02-17T15:32:47,user397,/api/analytics,974,200
2026-02-17T03:48:34,user8,/api/orders,237,200
2026-02-17T07:44:56,user398,/api/products,289,301
2026-02-17T13:56:32,user199,/api/users,358,200
2026-02-17T22:21:38,user282,/api/dashboard,477,200
2026-02-17T14:56:16,user439,/api/users,234,503
2026-02-17T13:37:58,user370,/api/settings,211,400
2026-02-17T16:42:32,user243,/api/upload,3404,200
2026-02-17T07:55:25,user140,/api/payments,140,200
2026-02-17T04:55:10,user299,/api/login,472,400
2026-02-17T15:52:11,user434,/api/search,1029,500
2026-02-17T07:31:38,user426,/api/products,397,502
2026-02-17T09:14:49,user470,/api/analytics,1249,201
2026-02-17T09:04:01,user225,/api/download,911,301
2026-02-17T18:04:19,user358,/api/orders,189,400
2026-02-17T06:31:16,user464,/api/notifications,118,404
2026-02-17T08:45:48,user319,/api/profile,146,404
2026-02-17T02:31:21,user19,/api/payments,359,404
2026-02-17T10:12:41,user447,/api/login,489,503
2026-02-17T11:05:58,user145,/api/dashboard,445,401
2026-02-17T18:33:33,user103,/api/dashboard,102,502
2026-02-17T10:42:31,user493,/api/settings,409,502
2026-02-17T18:08:43,user215,/api/profile,152,200
2026-02-17T11:02:33,user216,/api/logout,374,502
2026-02-17T08:41:49,user400,/api/orders,296,200
2026-02-17T13:49:32,user87,/api/analytics,964,201
2026-02-17T14:39:47,user15,/api/upload,1731,200
2026-02-17T03:06:14,user178,/api/settings,124,404
2026-02-17T05:23:42,user94,/api/logout,313,500
2026-02-17T10:13:40,user125,/api/download,2227,200
2026-02-17T23:08:24,user438,/api/analytics,463,200
2026-02-17T10:11:23,user8,/api/users,509,201
2026-02-17T05:08:22,user218,/api/products,124,200
2026-02-17T22:51:18,user295,/api/profile,210,503
2026-02-17T18:50:08,user107,/api/profile,548,401
2026-02-17T10:30:17,user62,/api/dashboard,217,503
2026-02-17T12:26:03,user118,/api/search,864,500
2026-02-17T19:23:36,user469,/api/login,157,201
2026-02-17T06:15:52,user396,/api/search,650,301
2026-02-17T15:19:41,user251,/api/orders,298,404
2026-02-17T08:05:27,user350,/api/login,109,301
2026-02-17T08:41:39,user386,/api/logout,249,502
2026-02-17T00:04:37,user122,/api/users,427,401
2026-02-17T00:20:01,user24,/api/login,443,200
2026-02-17T21:24:27,user205,/api/upload,769,200
2026-02-17T11:24:52,user220,/api/payments,305,301
2026-02-17T04:08:14,user270,/api/reports,221,503
2026-02-17T10:19:39,user205,/api/logout,146,200
2026-02-17T20:42:50,user251,/api/profile,546,200
2026-02-17T10:48:31,user351,/api/download,3012,200
2026-02-17T02:09:41,user494,/api/users,336,502
2026-02-17T03:54:52,user115,/api/orders,478,200
2026-02-17T16:09:44,user346,/api/dashboard,321,503
2026-02-17T23:42:22,user299,/api/users,396,200
2026-02-17T02:28:10,user264,/api/analytics,1014,200
2026-02-17T03:29:00,user439,/api/analytics,449,200
2026-02-17T21:36:23,user44,/api/orders,299,200
2026-02-17T01:22:27,user345,/api/profile,279,404
2026-02-17T13:12:39,user280,/api/logout,541,503
2026-02-17T06:39:34,user343,/api/settings,316,200
2026-02-17T14:52:02,user395,/api/dashboard,496,404
2026-02-17T16:44:46,user354,/api/login,197,200
2026-02-17T18:56:24,user441,/api/reports,164,301
2026-02-17T05:37:31,user68,/api/payments,276,503
2026-02-17T18:53:17,user236,/api/analytics,554,200
2026-02-17T17:20:04,user120,/api/notifications,303,301
2026-02-17T18:55:55,user279,/api/dashboard,226,500
2026-02-17T12:41:44,user473,/api/settings,227,200
2026-02-17T20:51:27,user218,/api/orders,324,403
2026-02-17T00:33:29,user29,/api/profile,374,200
2026-02-17T08:22:34,user268,/api/reports,534,201
2026-02-17T21:58:20,user64,/api/logout,102,200
2026-02-17T12:08:48,user167,/api/dashboard,540,200
2026-02-17T20:00:58,user30,/api/dashboard,484,500
2026-02-17T16:10:29,user120,/api/search,1659,403
2026-02-17T11:33:58,user23,/api/notifications,470,200
2026-02-17T14:50:01,user298,/api/users,531,403
2026-02-17T04:42:00,user24,/api/profile,424,200
2026-02-17T02:20:40,user247,/api/payments,541,301
2026-02-17T19:55:19,user201,/api/users,505,400
2026-02-17T06:18:26,user101,/api/orders,58,502
2026-02-17T16:24:53,user371,/api/products,547,403
2026-02-17T03:01:01,user429,/api/search,1634,502
2026-02-17T12:58:20,user346,/api/analytics,1262,200
2026-02-17T05:07:54,user406,/api/login,328,200
2026-02-17T11:31:04,user245,/api/payments,469,301
2026-02-17T09:34:22,user407,/api/dashboard,420,200
2026-02-17T23:44:23,user300,/api/logout,518,301
2026-02-17T12:17:47,user145,/api/settings,464,500
2026-02-17T12:41:16,user382,/api/users,292,200
2026-02-17T09:25:26,user377,/api/profile,487,200
2026-02-17T17:11:42,user453,/api/reports,270,502
2026-02-17T10:50:26,user56,/api/profile,109,500
2026-02-17T04:48:10,user106,/api/notifications,115,400
2026-02-17T07:39:26,user35,/api/reports,321,200
2026-02-17T20:11:03,user167,/api/login,416,200
2026-02-17T20:35:45,user174,/api/products,438,201
2026-02-17T09:17:49,user174,/api/upload,1561,502
2026-02-17T17:17:19,user261,/api/reports,394,404
2026-02-17T05:20:39,user251,/api/upload,3462,502
2026-02-17T17:08:52,user30,/api/users,162,503
2026-02-17T02:01:51,user64,/api/login,531,200
2026-02-17T07:47:55,user231,/api/users,135,401
2026-02-17T23:12:18,user353,/api/dashboard,208,200
2026-02-17T08:18:29,user220,/api/notifications,227,401
2026-02-17T20:23:25,user126,/api/download,1625,200
2026-02-17T19:36:10,user176,/api/users,312,200
2026-02-17T13:22:48,user341,/api/login,240,201
2026-02-17T00:47:05,user327,/api/upload,2482,200
2026-02-17T01:06:08,user479,/api/products,311,400
2026-02-17T01:40:12,user254,/api/products,250,403
2026-02-17T23:30:37,user252,/api/profile,269,301
2026-02-17T10:49:24,user13,/api/payments,209,500
2026-02-17T01:51:23,user63,/api/download,1816,400
2026-02-17T19:40:49,user482,/api/logout,208,401
2026-02-17T20:05:08,user118,/api/users,224,502
2026-02-17T21:27:49,user481,/api/notifications,234,201
2026-02-17T17:25:30,user324,/api/payments,113,503
2026-02-17T12:00:11,user157,/api/login,200,200
2026-02-17T05:15:58,user401,/api/products,453,201
2026-02-17T07:00:43,user111,/api/download,1394,201
2026-02-17T08:31:16,user377,/api/reports,162,404
2026-02-17T06:40:52,user119,/api/dashboard,470,403
2026-02-17T09:32:06,user254,/api/analytics,1590,403
2026-02-17T12:41:40,user106,/api/notifications,483,200
2026-02-17T17:54:09,user130,/api/products,415,301
2026-02-17T18:32:40,user217,/api/reports,357,301
2026-02-17T19:44:29,user131,/api/upload,2128,200
2026-02-17T14:38:33,user256,/api/payments,526,200
2026-02-17T18:04:11,user58,/api/search,1385,200
2026-02-17T20:49:42,user219,/api/profile,492,201
2026-02-17T09:13:40,user376,/api/reports,337,200
2026-02-17T16:43:39,user154,/api/notifications,434,503
2026-02-17T11:31:35,user466,/api/login,385,200
2026-02-17T00:29:36,user228,/api/users,409,404
2026-02-17T07:40:02,user128,/api/analytics,584,500
2026-02-17T23:21:09,user27,/api/profile,538,301
2026-02-17T12:34:29,user115,/api/notifications,311,200
2026-02-17T05:03:04,user386,/api/products,56,400
2026-02-17T10:47:24,user185,/api/notifications,169,502
2026-02-17T06:20:41,user498,/api/notifications,284,401
2026-02-17T21:15:17,user172,/api/orders,531,200
2026-02-17T12:45:27,user234,/api/profile,448,400
2026-02-17T08:41:20,user151,/api/profile,157,502
2026-02-17T21:42:45,user204,/api/orders,432,503
2026-02-17T01:45:33,user253,/api/payments,490,400
2026-02-17T13:44:41,user204,/api/dashboard,104,503
2026-02-17T04:30:45,user496,/api/dashboard,292,201
2026-02-17T22:58:51,user293,/api/upload,680,502
2026-02-17T05:00:55,user140,/api/notifications,373,403
2026-02-17T22:29:35,user272,/api/download,1918,500
2026-02-17T07:51:37,user400,/api/profile,514,200
2026-02-17T04:37:54,user275,/api/payments,362,502
2026-02-17T02:10:48,user26,/api/payments,368,500
2026-02-17T08:46:01,user416,/api/reports,439,404
2026-02-17T01:27:50,user115,/api/reports,242,301
2026-02-17T01:10:37,user493,/api/login,400,200
2026-02-17T03:05:07,user54,/api/notifications,137,503
2026-02-17T00:07:26,user479,/api/products,356,400
2026-02-17T14:29:23,user256,/api/upload,644,401
2026-02-17T20:14:41,user262,/api/reports,487,301
2026-02-17T08:00:20,user311,/api/upload,1749,500
2026-02-17T23:43:23,user428,/api/notifications,57,400
2026-02-17T21:34:43,user169,/api/users,205,400
2026-02-17T21:06:20,user341,/api/upload,2824,200
2026-02-17T17:01:05,user487,/api/logout,509,301
2026-02-17T15:52:01,user380,/api/settings,421,201
2026-02-17T03:18:48,user118,/api/settings,146,200
2026-02-17T05:48:20,user118,/api/notifications,458,500
2026-02-17T15:45:55,user436,/api/profile,139,301
2026-02-17T10:55:19,user14,/api/upload,3404,400
2026-02-17T05:43:30,user387,/api/settings,124,404
2026-02-17T21:24:58,user199,/api/users,236,200
2026-02-17T13:34:54,user498,/api/products,471,200
2026-02-17T16:54:28,user28,/api/search,701,403
2026-02-17T04:02:20,user106,/api/users,240,301
2026-02-17T09:23:48,user361,/api/analytics,1473,400
2026-02-17T12:54:19,user467,/api/reports,492,200
2026-02-17T04:23:29,user303,/api/upload,1046,503
2026-02-17T02:55:23,user194,/api/dashboard,531,201
2026-02-17T18:36:29,user259,/api/notifications,266,403
2026-02-17T03:35:16,user209,/api/settings,84,403
2026-02-17T20:25:00,user84,/api/orders,291,404
2026-02-17T19:59:17,user405,/api/orders,323,500
2026-02-17T22:40:57,user392,/api/dashboard,359,500
2026-02-17T22:28:38,user262,/api/login,340,301
2026-02-17T11:50:13,user374,/api/download,1850,502
2026-02-17T22:08:21,user477,/api/payments,56,500
2026-02-17T21:05:42,user116,/api/upload,3377,200
2026-02-17T14:35:51,user186,/api/orders,462,200
2026-02-17T12:32:14,user172,/api/dashboard,150,401
2026-02-17T17:13:37,user91,/api/search,1390,500
2026-02-17T10:31:30,user205,/api/orders,194,404
2026-02-17T15:54:22,user269,/api/payments,270,200
2026-02-17T22:55:22,user484,/api/reports,108,201
2026-02-17T04:05:50,user8,/api/logout,456,403
2026-02-17T11:45:46,user312,/api/reports,484,500
2026-02-17T23:24:08,user407,/api/dashboard,154,401
2026-02-17T06:44:25,user187,/api/profile,534,500
2026-02-17T21:47:48,user262,/api/search,652,200
2026-02-17T06:42:31,user400,/api/users,511,200
2026-02-17T02:33:21,user234,/api/upload,1639,500
2026-02-17T13:19:44,user248,/api/products,393,200
2026-02-17T19:36:46,user67,/api/orders,193,200
2026-02-17T08:32:05,user336,/api/products,412,200
2026-02-17T11:42:36,user15,/api/profile,151,301
2026-02-17T16:11:16,user339,/api/logout,547,400
2026-02-17T22:45:01,user13,/api/reports,500,201
2026-02-17T04:47:26,user12,/api/reports,121,201
2026-02-17T05:58:13,user245,/api/orders,115,404
2026-02-17T21:02:02,user455,/api/download,627,500
2026-02-17T02:18:49,user334,/api/reports,351,201
2026-02-17T05:40:08,user426,/api/dashboard,337,503
2026-02-17T08:11:08,user235,/api/products,514,404
2026-02-17T08:01:39,user228,/api/upload,3024,403
2026-02-17T03:16:53,user322,/api/upload,2904,403
2026-02-17T01:29:34,user450,/api/upload,576,502
2026-02-17T23:24:15,user49,/api/orders,432,400
2026-02-17T11:58:01,user271,/api/products,56,401
2026-02-17T11:35:08,user3,/api/upload,1949,503
2026-02-17T12:49:57,user13,/api/settings,492,200
2026-02-17T07:49:09,user470,/api/login,432,200
2026-02-17T11:32:18,user421,/api/users,510,502
2026-02-17T17:33:13,user324,/api/upload,3462,301
2026-02-17T21:25:20,user4,/api/dashboard,323,200
2026-02-17T10:16:35,user49,/api/orders,225,200
2026-02-17T04:29:07,user115,/api/products,469,200
2026-02-17T11:56:31,user99,/api/settings,459,200
2026-02-17T07:37:39,user307,/api/payments,163,200
2026-02-17T18:55:20,user62,/api/notifications,332,201
2026-02-17T19:06:53,user416,/api/analytics,1608,502
2026-02-17T19:50:51,user2,/api/analytics,205,502
2026-02-17T22:41:01,user42,/api/products,96,502
2026-02-17T17:00:29,user260,/api/payments,166,404
2026-02-17T20:17:13,user144,/api/notifications,261,200
2026-02-17T23:36:23,user157,/api/login,381,404
2026-02-17T05:55:08,user479,/api/payments,213,201
2026-02-17T13:13:02,user441,/api/notifications,379,401
2026-02-17T16:04:51,user468,/api/products,295,400
2026-02-17T01:52:40,user123,/api/reports,111,403
2026-02-17T17:38:38,user442,/api/settings,91,403
2026-02-17T17:05:43,user214,/api/profile,525,301
2026-02-17T13:17:35,user32,/api/dashboard,533,200
2026-02-17T23:21:08,user178,/api/analytics,594,301
2026-02-17T13:31:26,user332,/api/upload,2796,200
2026-02-17T07:31:00,user442,/api/download,1517,200
2026-02-17T17:07:35,user181,/api/settings,289,403
2026-02-17T05:13:33,user421,/api/notifications,160,500
2026-02-17T02:04:53,user202,/api/download,2314,200
2026-02-17T19:30:12,user409,/api/download,1626,400
2026-02-17T11:36:55,user437,/api/logout,79,400
2026-02-17T05:00:03,user233,/api/reports,355,200
2026-02-17T01:07:35,user462,/api/orders,383,200
2026-02-17T17:59:34,user370,/api/users,541,500
2026-02-17T08:06:38,user217,/api/search,1027,301
2026-02-17T16:32:01,user191,/api/reports,442,400
2026-02-17T23:56:13,user43,/api/users,144,200
2026-02-17T06:56:42,user446,/api/notifications,376,401
2026-02-17T23:24:42,user73,/api/upload,1959,502
2026-02-17T14:21:04,user477,/api/analytics,1259,200
2026-02-17T05:49:50,user382,/api/dashboard,487,200
2026-02-17T20:36:06,user424,/api/upload,833,201
2026-02-17T02:09:17,user183,/api/products,371,200
2026-02-17T00:12:44,user39,/api/search,239,201
2026-02-17T18:20:55,user50,/api/analytics,1320,200
2026-02-17T16:12:45,user42,/api/orders,277,404
2026-02-17T10:47:16,user302,/api/payments,218,200
2026-02-17T22:05:54,user90,/api/orders,239,502
2026-02-17T14:18:08,user457,/api/settings,545,200
2026-02-17T22:00:21,user422,/api/upload,2821,201
2026-02-17T05:42:17,user279,/api/search,954,400
2026-02-17T19:18:08,user229,/api/login,86,301
2026-02-17T12:09:12,user466,/api/dashboard,400,403
2026-02-17T13:48:49,user278,/api/analytics,446,200
2026-02-17T14:04:44,user125,/api/search,949,503
2026-02-17T06:30:48,user148,/api/users,90,200
2026-02-17T20:00:40,user19,/api/dashboard,471,404
2026-02-17T13:16:15,user289,/api/users,175,200
2026-02-17T00:29:45,user390,/api/profile,320,502
2026-02-17T11:22:18,user170,/api/settings,493,200
2026-02-17T11:30:09,user39,/api/upload,3290,200
2026-02-17T12:47:07,user180,/api/notifications,121,200
2026-02-17T01:17:25,user234,/api/users,114,502
2026-02-17T16:03:01,user83,/api/payments,422,401
2026-02-17T09:42:08,user100,/api/orders,184,201
2026-02-17T08:32:34,user466,/api/reports,68,500
2026-02-17T23:14:28,user305,/api/payments,451,500
2026-02-17T03:06:12,user99,/api/profile,473,503
2026-02-17T22:56:55,user299,/api/analytics,986,200
2026-02-17T23:24:46,user21,/api/dashboard,282,400
2026-02-17T10:09:28,user130,/api/settings,402,201
2026-02-17T08:50:46,user230,/api/users,151,200
2026-02-17T08:50:26,user273,/api/reports,259,400
2026-02-17T04:40:06,user244,/api/orders,483,400
2026-02-17T14:21:20,user69,/api/products,514,502
2026-02-17T15:32:19,user324,/api/upload,810,400
2026-02-17T04:02:08,user158,/api/orders,76,503
2026-02-17T18:48:39,user385,/api/products,99,404
2026-02-17T02:38:48,user470,/api/search,555,200
2026-02-17T19:37:03,user401,/api/download,3265,200
2026-02-17T23:41:56,user146,/api/download,636,403
2026-02-17T11:42:32,user84,/api/dashboard,348,200
2026-02-17T18:36:49,user395,/api/login,310,401
2026-02-17T15:08:49,user222,/api/products,181,403
2026-02-17T17:30:33,user496,/api/orders,232,301
2026-02-17T02:22:28,user22,/api/download,1498,401
2026-02-17T21:46:13,user432,/api/search,966,200
2026-02-17T18:30:09,user375,/api/dashboard,282,404
2026-02-17T14:35:50,user32,/api/settings,351,200
2026-02-17T12:02:38,user450,/api/users,346,502
2026-02-17T12:31:33,user400,/api/search,1008,502
2026-02-17T11:40:07,user159,/api/upload,535,404
2026-02-17T02:45:42,user21,/api/users,427,500
2026-02-17T23:21:30,user290,/api/logout,439,200
2026-02-17T15:45:02,user420,/api/download,1646,403
2026-02-17T23:24:24,user217,/api/download,2348,201
2026-02-17T23:22:19,user195,/api/products,399,200
2026-02-17T09:56:24,user493,/api/reports,505,502
2026-02-17T05:37:50,user28,/api/dashboard,80,200
2026-02-17T22:36:02,user457,/api/products,231,301
2026-02-17T13:17:18,user274,/api/analytics,383,201
2026-02-17T17:30:49,user337,/api/notifications,124,301
2026-02-17T08:04:11,user429,/api/settings,263,200
2026-02-17T13:40:20,user442,/api/profile,544,301
2026-02-17T13:48:37,user391,/api/orders,333,200
2026-02-17T03:27:47,user104,/api/settings,177,200
2026-02-17T19:03:47,user110,/api/users,155,503
2026-02-17T22:43:13,user487,/api/download,1622,404
2026-02-17T02:21:12,user110,/api/search,1020,403
2026-02-17T05:40:05,user372,/api/payments,296,200
2026-02-17T09:57:05,user84,/api/users,97,503
2026-02-17T11:45:50,user145,/api/upload,2656,401
2026-02-17T05:51:42,user70,/api/dashboard,226,502
2026-02-17T22:01:20,user336,/api/users,77,502
2026-02-17T11:54:08,user133,/api/products,480,403
2026-02-17T01:56:07,user24,/api/notifications,360,200
2026-02-17T05:02:48,user93,/api/search,994,301
2026-02-17T15:51:38,user153,/api/payments,302,403
2026-02-17T22:53:58,user264,/api/download,3088,201
2026-02-17T00:13:39,user200,/api/products,131,201
2026-02-17T17:22:00,user238,/api/search,1584,201
2026-02-17T02:48:48,user499,/api/notifications,345,200
2026-02-17T14:32:22,user478,/api/products,412,200
2026-02-17T16:26:52,user438,/api/logout,536,400
2026-02-17T10:42:33,user284,/api/dashboard,369,502
2026-02-17T00:46:04,user226,/api/analytics,424,200
2026-02-17T10:43:18,user374,/api/dashboard,465,404
2026-02-17T14:30:46,user339,/api/products,95,200
2026-02-17T00:45:30,user94,/api/download,2646,502
2026-02-17T07:13:21,user81,/api/reports,272,400
2026-02-17T06:46:20,user299,/api/notifications,287,404
2026-02-17T22:57:24,user364,/api/dashboard,442,401
2026-02-17T08:55:37,user455,/api/settings,399,502
2026-02-17T08:57:10,user90,/api/users,213,502
2026-02-17T15:21:37,user188,/api/payments,493,200
2026-02-17T10:27:49,user201,/api/orders,505,200
2026-02-17T23:22:21,user353,/api/settings,520,200
2026-02-17T14:20:54,user410,/api/payments,199,404
2026-02-17T22:05:50,user197,/api/payments,313,201
2026-02-17T08:20:37,user241,/api/upload,3211,400
2026-02-17T07:16:48,user400,/api/payments,298,200
2026-02-17T19:40:29,user240,/api/users,223,200
2026-02-17T20:46:23,user496,/api/payments,390,500
2026-02-17T09:21:31,user436,/api/search,1349,500
2026-02-17T20:36:33,user388,/api/orders,87,200
2026-02-17T06:42:41,user94,/api/profile,261,500
2026-02-17T05:20:17,user400,/api/reports,108,400
2026-02-17T13:54:55,user349,/api/analytics,733,502
2026-02-17T02:53:54,user491,/api/download,914,301
2026-02-17T22:31:40,user388,/api/logout,438,201
2026-02-17T05:31:31,user53,/api/users,320,404
2026-02-17T19:39:57,user225,/api/download,784,502
2026-02-17T23:50:09,user439,/api/download,2042,200
2026-02-17T11:48:06,user298,/api/login,490,502
2026-02-17T04:52:05,user145,/api/profile,514,401
2026-02-17T14:57:34,user299,/api/login,458,404
2026-02-17T23:57:13,user137,/api/users,453,200
2026-02-17T18:36:56,user328,/api/orders,265,200
2026-02-17T15:45:26,user143,/api/download,1039,502
2026-02-17T02:07:24,user174,/api/download,2050,404
2026-02-17T16:00:12,user375,/api/logout,247,200
2026-02-17T22:17:00,user316,/api/products,313,401
2026-02-17T12:21:27,user66,/api/logout,118,401
2026-02-17T21:58:05,user122,/api/analytics,1018,200
2026-02-17T19:34:32,user191,/api/payments,143,200
2026-02-17T23:17:12,user449,/api/download,3369,502
2026-02-17T01:23:29,user7,/api/login,270,400
2026-02-17T03:43:00,user388,/api/upload,2099,200
2026-02-17T20:16:43,user307,/api/profile,216,400
2026-02-17T10:00:30,user323,/api/notifications,87,200
2026-02-17T02:46:44,user187,/api/settings,106,503
2026-02-17T01:11:43,user157,/api/logout,255,200
2026-02-17T23:19:44,user274,/api/notifications,221,503
2026-02-17T17:48:01,user364,/api/orders,277,500
2026-02-17T13:15:55,user174,/api/analytics,1483,200
2026-02-17T18:57:57,user345,/api/upload,2085,403
2026-02-17T00:21:08,user193,/api/products,263,200
2026-02-17T04:28:26,user170,/api/payments,194,301
2026-02-17T04:51:21,user184,/api/notifications,352,200
2026-02-17T07:20:20,user381,/api/orders,206,200
2026-02-17T22:03:58,user488,/api/profile,247,500
2026-02-17T21:26:34,user262,/api/login,528,500
2026-02-17T13:37:57,user111,/api/notifications,94,401
2026-02-17T00:16:08,user188,/api/analytics,1588,400
2026-02-17T20:14:03,user141,/api/orders,149,503
2026-02-17T01:23:04,user269,/api/reports,367,200
2026-02-17T17:35:06,user297,/api/reports,540,401
2026-02-17T16:04:51,user156,/api/download,1632,200
2026-02-17T05:11:38,user111,/api/search,693,201
2026-02-17T02:41:40,user101,/api/download,503,502
2026-02-17T00:33:08,user421,/api/settings,537,503
2026-02-17T23:01:18,user217,/api/analytics,1095,200
2026-02-17T10:46:40,user456,/api/payments,96,200
2026-02-17T18:25:46,user400,/api/logout,209,200
2026-02-17T13:39:19,user123,/api/upload,2477,200
2026-02-17T17:50:45,user136,/api/dashboard,315,200
2026-02-17T10:19:44,user240,/api/profile,437,200
2026-02-17T19:39:13,user281,/api/profile,419,200
2026-02-17T03:39:19,user252,/api/orders,340,400
2026-02-17T19:24:38,user81,/api/notifications,492,503
2026-02-17T22:55:31,user105,/api/products,209,200
2026-02-17T18:15:48,user112,/api/dashboard,352,503
2026-02-17T04:23:50,user63,/api/users,328,502
2026-02-17T12:41:31,user149,/api/download,3152,503
2026-02-17T06:37:22,user411,/api/users,542,502
2026-02-17T10:21:23,user228,/api/settings,442,404
2026-02-17T17:09:27,user442,/api/download,759,403
2026-02-17T01:25:21,user205,/api/products,173,503
2026-02-17T20:42:25,user157,/api/upload,1014,502
2026-02-17T21:00:59,user408,/api/payments,251,301
2026-02-17T10:42:12,user326,/api/settings,453,200
2026-02-17T10:33:06,user489,/api/logout,481,400
2026-02-17T12:24:16,user172,/api/orders,390,401
2026-02-17T06:21:28,user235,/api/logout,363,401
2026-02-17T04:58:30,user383,/api/logout,468,503
2026-02-17T18:55:48,user235,/api/orders,184,502
2026-02-17T05:52:57,user305,/api/settings,69,404
2026-02-17T18:32:29,user313,/api/profile,523,502
2026-02-17T02:45:44,user229,/api/logout,378,301
2026-02-17T20:11:05,user387,/api/login,458,400
2026-02-17T16:22:01,user238,/api/analytics,1130,400
2026-02-17T20:04:42,user276,/api/products,421,200
2026-02-17T10:12:58,user275,/api/payments,412,403
2026-02-17T00:14:55,user267,/api/logout,287,403
2026-02-17T03:09:44,user382,/api/dashboard,455,301
2026-02-17T00:52:38,user55,/api/download,1689,502
2026-02-17T05:06:52,user373,/api/settings,255,502
2026-02-17T04:26:00,user465,/api/payments,384,503
2026-02-17T02:00:04,user65,/api/login,100,403
2026-02-17T08:17:04,user279,/api/notifications,136,503
2026-02-17T17:45:36,user352,/api/dashboard,394,502
2026-02-17T06:53:27,user434,/api/notifications,131,200
2026-02-17T09:15:37,user294,/api/download,761,200
2026-02-17T19:52:55,user487,/api/analytics,872,404
2026-02-17T15:58:52,user89,/api/notifications,472,200
2026-02-17T07:13:30,user346,/api/users,265,200
2026-02-17T09:44:25,user96,/api/dashboard,270,200
2026-02-17T12:18:42,user137,/api/reports,525,301
2026-02-17T04:52:33,user213,/api/products,238,404
2026-02-17T19:45:51,user350,/api/login,294,400
2026-02-17T05:38:06,user320,/api/upload,2958,301
2026-02-17T14:30:41,user275,/api/upload,2047,200
2026-02-17T14:34:01,user210,/api/login,347,200
2026-02-17T04:58:30,user49,/api/payments,335,200
2026-02-17T08:29:37,user137,/api/dashboard,77,201
2026-02-17T13:14:03,user280,/api/logout,468,200
2026-02-17T13:20:00,user415,/api/dashboard,483,200
2026-02-17T22:10:05,user56,/api/upload,1877,301
2026-02-17T06:12:50,user51,/api/orders,168,403
2026-02-17T01:29:21,user230,/api/reports,374,401
2026-02-17T02:03:12,user109,/api/orders,523,201
2026-02-17T13:11:00,user220,/api/login,532,503
2026-02-17T21:19:22,user431,/api/dashboard,80,301
2026-02-17T20:50:32,user378,/api/login,106,502
2026-02-17T09:41:18,user220,/api/logout,526,401
2026-02-17T18:04:56,user86,/api/analytics,1059,500
2026-02-17T23:05:22,user216,/api/products,252,401
2026-02-17T11:11:25,user190,/api/users,426,502
2026-02-17T23:04:33,user214,/api/products,229,301
2026-02-17T11:52:03,user491,/api/logout,371,200
2026-02-17T13:58:33,user438,/api/login,480,200
2026-02-17T10:25:25,user490,/api/notifications,228,500
2026-02-17T15:13:06,user103,/api/notifications,153,503
2026-02-17T02:20:07,user126,/api/reports,349,200
2026-02-17T02:47:01,user364,/api/logout,470,500
2026-02-17T00:44:40,user337,/api/products,133,301
2026-02-17T15:18:21,user275,/api/search,1300,301
2026-02-17T21:12:31,user443,/api/analytics,992,201
2026-02-17T18:35:22,user499,/api/upload,1506,500
2026-02-17T17:46:05,user258,/api/logout,131,201
2026-02-17T10:24:12,user125,/api/reports,288,200
2026-02-17T04:25:55,user354,/api/dashboard,280,400
2026-02-17T14:05:29,user342,/api/analytics,1255,500
2026-02-17T18:18:52,user389,/api/login,434,200
2026-02-17T09:17:45,user91,/api/orders,305,301
2026-02-17T00:41:39,user108,/api/users,218,301
2026-02-17T14:56:12,user221,/api/notifications,490,200
2026-02-17T08:15:41,user444,/api/analytics,1696,200
2026-02-17T11:53:34,user360,/api/notifications,318,200
2026-02-17T00:04:51,user382,/api/logout,431,403
2026-02-17T03:07:04,user151,/api/upload,1232,400
2026-02-17T18:54:17,user16,/api/logout,397,200
2026-02-17T22:28:13,user442,/api/reports,392,201
2026-02-17T15:16:18,user412,/api/analytics,764,403
2026-02-17T22:47:19,user85,/api/payments,206,301
2026-02-17T14:21:49,user241,/api/analytics,450,401
2026-02-17T00:26:22,user290,/api/notifications,184,404
2026-02-17T00:40:50,user182,/api/download,2394,500
2026-02-17T17:03:03,user436,/api/download,2073,200
2026-02-17T23:50:10,user245,/api/notifications,92,200
2026-02-17T15:25:31,user330,/api/dashboard,395,200
2026-02-17T19:39:45,user91,/api/dashboard,364,200
2026-02-17T01:29:54,user419,/api/notifications,546,200
2026-02-17T12:26:52,user42,/api/orders,380,400
2026-02-17T09:26:11,user349,/api/products,247,200
2026-02-17T08:39:57,user81,/api/reports,223,200
2026-02-17T13:31:07,user193,/api/payments,410,200
2026-02-17T05:18:46,user418,/api/login,322,403
2026-02-17T17:07:58,user102,/api/orders,505,403
2026-02-17T10:33:26,user189,/api/users,103,301
2026-02-17T23:50:07,user58,/api/search,996,200
2026-02-17T06:43:38,user136,/api/orders,192,404
2026-02-17T14:36:40,user495,/api/logout,220,200
2026-02-17T23:48:32,user144,/api/settings,382,401
2026-02-17T21:41:24,user338,/api/search,1532,403
2026-02-17T22:31:15,user421,/api/reports,263,200
2026-02-17T01:53:36,user50,/api/products,129,201
2026-02-17T02:18:13,user252,/api/users,476,502
2026-02-17T03:10:14,user67,/api/login,476,404
2026-02-17T17:11:51,user68,/api/notifications,119,400
2026-02-17T03:34:48,user102,/api/profile,374,301
2026-02-17T11:40:21,user377,/api/settings,225,502
2026-02-17T07:08:21,user316,/api/analytics,1497,403
2026-02-17T18:33:45,user487,/api/analytics,616,301
2026-02-17T17:17:05,user351,/api/analytics,343,200
2026-02-17T14:52:05,user219,/api/download,3464,502
2026-02-17T01:04:10,user104,/api/reports,147,200
2026-02-17T21:59:41,user444,/api/payments,431,200
2026-02-17T05:17:05,user144,/api/products,129,403
2026-02-17T07:54:06,user17,/api/download,1697,503
2026-02-17T22:58:36,user12,/api/profile,288,401
2026-02-17T09:53:38,user84,/api/profile,217,200
2026-02-17T18:51:50,user170,/api/login,199,200
2026-02-17T22:08:50,user232,/api/login,315,200
2026-02-17T17:22:31,user21,/api/search,272,301
2026-02-17T19:24:08,user256,/api/users,339,401
2026-02-17T11:42:25,user306,/api/upload,585,404
2026-02-17T15:12:50,user8,/api/reports,504,404
2026-02-17T22:33:19,user53,/api/upload,737,200
2026-02-17T06:47:54,user498,/api/profile,207,200
2026-02-17T16:57:55,user281,/api/search,1312,500
2026-02-17T02:16:47,user192,/api/upload,2243,200
2026-02-17T19:57:03,user168,/api/products,112,403
2026-02-17T07:52:32,user106,/api/search,1681,200
2026-02-17T06:45:45,user136,/api/dashboard,425,200
2026-02-17T08:40:40,user463,/api/settings,546,500
2026-02-17T03:03:16,user237,/api/payments,518,201
2026-02-17T21:09:39,user474,/api/logout,501,404
2026-02-17T18:45:29,user134,/api/profile,65,200
2026-02-17T14:08:13,user26,/api/reports,399,201
2026-02-17T01:11:54,user488,/api/search,747,200
2026-02-17T21:34:30,user123,/api/orders,296,200
2026-02-17T02:22:11,user209,/api/dashboard,498,200
2026-02-17T03:24:32,user218,/api/settings,196,200
2026-02-17T23:24:42,user327,/api/payments,159,200
2026-02-17T12:16:44,user459,/api/upload,2493,200
2026-02-17T15:44:14,user134,/api/search,1200,503
2026-02-17T14:17:00,user149,/api/products,373,301
2026-02-17T01:36:39,user276,/api/users,154,200
2026-02-17T14:02:03,user425,/api/download,2160,403
2026-02-17T11:59:44,user86,/api/orders,221,503
2026-02-17T02:26:03,user316,/api/orders,511,401
2026-02-17T18:35:03,user325,/api/notifications,519,401
2026-02-17T04:31:52,user463,/api/search,721,200
2026-02-17T03:32:57,user130,/api/payments,138,502
2026-02-17T10:49:23,user263,/api/search,322,403
2026-02-17T01:47:45,user307,/api/analytics,1241,400
2026-02-17T11:19:47,user227,/api/settings,207,301
2026-02-17T17:39:30,user482,/api/users,533,400
2026-02-17T16:45:42,user309,/api/users,184,200
2026-02-17T16:38:08,user486,/api/users,337,200
2026-02-17T07:51:31,user368,/api/reports,134,502
2026-02-17T00:53:31,user274,/api/analytics,1240,404
2026-02-17T01:34:19,user319,/api/upload,2366,200
2026-02-17T10:08:39,user158,/api/settings,511,200
2026-02-17T23:42:59,user293,/api/orders,321,200
2026-02-17T05:59:47,user406,/api/reports,191,201
2026-02-17T12:59:01,user130,/api/orders,444,502
2026-02-17T07:05:21,user15,/api/upload,665,404
2026-02-17T11:26:23,user289,/api/reports,471,502
2026-02-17T14:50:21,user220,/api/analytics,1116,200
2026-02-17T01:51:25,user405,/api/upload,1367,200
2026-02-17T14:16:12,user439,/api/dashboard,381,200
2026-02-17T08:52:56,user389,/api/products,284,503
2026-02-17T02:35:21,user217,/api/analytics,1335,403
2026-02-17T21:18:40,user91,/api/search,1143,201
2026-02-17T06:19:27,user364,/api/reports,470,200
2026-02-17T04:35:11,user255,/api/settings,115,401
2026-02-17T05:31:28,user480,/api/upload,876,200
2026-02-17T03:31:40,user229,/api/logout,216,500
2026-02-17T10:17:05,user330,/api/settings,195,200
2026-02-17T13:32:53,user76,/api/upload,595,301
2026-02-17T21:40:45,user160,/api/download,3098,200
2026-02-17T22:00:31,user360,/api/orders,270,200
2026-02-17T00:38:13,user323,/api/users,213,403
2026-02-17T12:00:33,user154,/api/orders,127,200
2026-02-17T06:19:45,user301,/api/analytics,1090,200
2026-02-17T18:22:35,user44,/api/notifications,359,200
2026-02-17T05:25:35,user178,/api/dashboard,246,400
2026-02-17T08:43:36,user336,/api/users,217,404
2026-02-17T06:14:21,user370,/api/notifications,286,201
2026-02-17T02:55:41,user377,/api/notifications,64,200
2026-02-17T00:45:12,user202,/api/orders,336,200
2026-02-17T13:46:18,user106,/api/download,2632,200
2026-02-17T22:30:07,user241,/api/products,478,301
2026-02-17T03:22:37,user15,/api/upload,1570,500
2026-02-17T16:35:58,user451,/api/settings,306,502
2026-02-17T12:19:54,user211,/api/login,329,200
2026-02-17T06:50:43,user306,/api/users,443,200
2026-02-17T07:39:07,user218,/api/login,368,401
2026-02-17T11:03:55,user248,/api/orders,400,502
2026-02-17T20:44:43,user415,/api/upload,2639,502
2026-02-17T12:11:28,user8,/api/users,543,200
2026-02-17T13:24:19,user491,/api/login,63,500
2026-02-17T05:27:01,user120,/api/settings,261,201
2026-02-17T06:57:07,user367,/api/upload,2987,403
2026-02-17T00:47:28,user331,/api/payments,226,200
2026-02-17T21:19:57,user242,/api/dashboard,163,401
2026-02-17T18:44:24,user327,/api/products,340,503
2026-02-17T06:16:29,user385,/api/payments,170,200
2026-02-17T14:05:48,user47,/api/login,230,503
2026-02-17T17:17:11,user56,/api/products,401,500
2026-02-17T16:29:28,user397,/api/reports,316,404
2026-02-17T14:36:38,user173,/api/analytics,988,200
2026-02-17T09:00:25,user114,/api/reports,255,401
2026-02-17T14:08:36,user156,/api/profile,299,301
2026-02-17T13:18:21,user158,/api/settings,128,401
2026-02-17T05:58:21,user125,/api/logout,102,502
2026-02-17T08:56:17,user444,/api/search,602,503
2026-02-17T09:34:38,user247,/api/logout,56,403
2026-02-17T18:09:49,user144,/api/search,752,200
2026-02-17T21:20:03,user262,/api/upload,3190,200
2026-02-17T16:50:30,user48,/api/login,473,404
2026-02-17T07:02:10,user385,/api/settings,127,201
2026-02-17T17:39:42,user422,/api/reports,404,200
2026-02-17T11:43:07,user494,/api/analytics,669,200
2026-02-17T06:40:34,user483,/api/reports,189,500
2026-02-17T12:25:22,user468,/api/settings,177,200
2026-02-17T01:38:33,user487,/api/orders,230,200
2026-02-17T16:21:27,user343,/api/login,433,500
2026-02-17T15:25:35,user41,/api/settings,424,403
2026-02-17T12:58:00,user492,/api/download,1105,500
2026-02-17T20:37:34,user99,/api/upload,1606,200
2026-02-17T04:35:33,user374,/api/analytics,1169,301
2026-02-17T21:52:01,user401,/api/profile,546,200
2026-02-17T07:14:39,user5,/api/profile,221,200
2026-02-17T18:58:45,user339,/api/login,457,201
2026-02-17T02:18:05,user81,/api/notifications,240,200
2026-02-17T08:11:10,user417,/api/notifications,462,503
2026-02-17T06:27:54,user101,/api/search,656,500
2026-02-17T12:35:09,user340,/api/notifications,249,200
2026-02-17T07:33:15,user136,/api/products,224,200
2026-02-17T15:11:26,user211,/api/profile,438,200
2026-02-17T04:19:39,user374,/api/orders,480,200
2026-02-17T00:58:01,user341,/api/dashboard,410,401
2026-02-17T12:50:22,user273,/api/login,147,200
2026-02-17T09:38:57,user127,/api/notifications,313,500
2026-02-17T07:38:44,user344,/api/download,2193,503
2026-02-17T05:47:57,user273,/api/payments,85,200
2026-02-17T12:39:43,user415,/api/logout,351,200
2026-02-17T20:48:42,user430,/api/dashboard,136,502
2026-02-17T05:05:52,user19,/api/notifications,86,200
2026-02-17T02:05:44,user419,/api/download,550,503
2026-02-17T08:03:48,user297,/api/payments,450,200
2026-02-17T01:05:10,user413,/api/users,282,403
2026-02-17T19:03:19,user124,/api/dashboard,274,301
2026-02-17T09:43:05,user110,/api/users,213,200
2026-02-17T14:27:45,user494,/api/products,381,200
2026-02-17T19:08:38,user51,/api/payments,81,200
2026-02-17T08:22:20,user286,/api/analytics,1253,503
2026-02-17T10:29:59,user150,/api/reports,143,200
2026-02-17T08:18:45,user422,/api/settings,83,200
2026-02-17T02:05:53,user325,/api/dashboard,470,200
2026-02-17T07:45:58,user489,/api/analytics,890,503
2026-02-17T21:17:41,user182,/api/profile,121,404
2026-02-17T00:45:06,user43,/api/logout,546,200
2026-02-17T23:37:49,user59,/api/payments,89,200
2026-02-17T03:49:47,user30,/api/login,239,301
2026-02-17T09:11:42,user112,/api/payments,296,403
2026-02-17T17:37:44,user357,/api/logout,124,200
2026-02-17T22:11:33,user104,/api/notifications,523,500
2026-02-17T21:54:36,user334,/api/login,407,200
2026-02-17T03:37:30,user318,/api/logout,133,503
2026-02-17T10:30:16,user43,/api/orders,193,503
2026-02-17T03:00:38,user335,/api/users,510,200
2026-02-17T08:26:16,user178,/api/analytics,769,200
2026-02-17T12:26:31,user162,/api/download,1358,400
2026-02-17T21:51:09,user304,/api/login,517,200
2026-02-17T10:11:56,user21,/api/search,1356,200
2026-02-17T12:33:11,user456,/api/reports,412,400
2026-02-17T11:34:24,user413,/api/search,1070,500
2026-02-17T12:59:07,user326,/api/products,402,200
2026-02-17T23:30:56,user39,/api/login,498,403
2026-02-17T17:32:54,user260,/api/notifications,199,403
2026-02-17T03:35:12,user70,/api/notifications,531,200
2026-02-17T19:35:43,user370,/api/upload,1578,404
2026-02-17T23:49:15,user94,/api/settings,413,201
2026-02-17T03:23:54,user494,/api/analytics,438,200
2026-02-17T01:06:38,user250,/api/dashboard,448,404
2026-02-17T08:01:36,user336,/api/notifications,500,403
2026-02-17T01:05:40,user126,/api/dashboard,96,200
2026-02-17T19:45:25,user116,/api/dashboard,78,200
2026-02-17T05:24:40,user341,/api/reports,352,404
2026-02-17T23:44:04,user202,/api/settings,355,200
2026-02-17T04:50:40,user168,/api/download,1527,200
2026-02-17T22:28:51,user411,/api/analytics,1654,200
2026-02-17T11:50:14,user183,/api/notifications,394,200
2026-02-17T11:36:17,user58,/api/upload,3398,200
2026-02-17T14:03:00,user187,/api/upload,2211,200
2026-02-17T05:06:05,user187,/api/search,915,200
2026-02-17T22:40:26,user176,/api/analytics,888,301
2026-02-17T15:00:54,user149,/api/payments,478,401
2026-02-17T06:23:53,user433,/api/analytics,1242,301
2026-02-17T21:40:55,user397,/api/search,971,201
2026-02-17T09:06:19,user222,/api/download,1482,200
2026-02-17T20:01:05,user223,/api/settings,61,500
2026-02-17T14:36:19,user432,/api/download,3388,200
2026-02-17T01:25:12,user481,/api/analytics,1067,200
2026-02-17T18:08:59,user153,/api/search,1013,200
2026-02-17T03:13:23,user212,/api/settings,95,503
2026-02-17T01:55:26,user135,/api/dashboard,207,404
2026-02-17T02:43:27,user40,/api/users,138,403
2026-02-17T04:39:14,user490,/api/login,286,502
2026-02-17T01:36:14,user320,/api/login,467,200
2026-02-17T04:42:23,user489,/api/upload,1585,404
2026-02-17T08:26:11,user4,/api/settings,305,400
2026-02-17T16:45:08,user378,/api/payments,408,400
2026-02-17T11:52:12,user380,/api/profile,281,404
2026-02-17T12:43:47,user417,/api/users,543,503
2026-02-17T02:09:04,user75,/api/products,473,200
2026-02-17T00:23:25,user6,/api/download,2117,200
2026-02-17T15:10:25,user462,/api/profile,437,200
2026-02-17T04:11:31,user336,/api/dashboard,108,404
2026-02-17T17:47:12,user238,/api/payments,62,301
2026-02-17T00:23:49,user407,/api/products,214,301
2026-02-17T11:38:48,user263,/api/users,214,301
2026-02-17T01:16:40,user448,/api/products,58,200
2026-02-17T10:55:40,user296,/api/settings,170,503
2026-02-17T10:42:04,user478,/api/payments,327,404
2026-02-17T10:36:11,user191,/api/upload,3321,503
2026-02-17T21:53:45,user344,/api/orders,474,500
2026-02-17T01:24:52,user292,/api/dashboard,91,301
2026-02-17T05:07:17,user122,/api/analytics,1374,200
2026-02-17T08:18:37,user237,/api/notifications,146,200
2026-02-17T19:22:12,user106,/api/logout,405,200
2026-02-17T19:25:11,user100,/api/login,117,200
2026-02-17T03:21:23,user92,/api/analytics,533,404
2026-02-17T23:12:37,user429,/api/search,1599,200
2026-02-17T13:55:10,user221,/api/orders,269,200
2026-02-17T11:44:21,user394,/api/logout,94,503
2026-02-17T13:43:48,user185,/api/download,3376,301
2026-02-17T11:50:12,user424,/api/download,868,404
2026-02-17T00:46:51,user113,/api/login,366,200
2026-02-17T21:50:46,user121,/api/upload,2494,403
2026-02-17T12:17:10,user168,/api/reports,525,404
2026-02-17T16:20:56,user207,/api/notifications,462,200
2026-02-17T00:25:38,user161,/api/products,418,200
2026-02-17T00:31:59,user313,/api/products,409,200
2026-02-17T13:25:20,user406,/api/notifications,538,200
2026-02-17T19:50:03,user380,/api/analytics,1188,503
2026-02-17T05:03:25,user307,/api/settings,171,200
2026-02-17T13:32:12,user368,/api/products,490,301
2026-02-17T00:44:07,user309,/api/products,367,500
2026-02-17T15:42:40,user470,/api/reports,491,301
2026-02-17T09:23:45,user64,/api/download,3207,200
2026-02-17T06:07:26,user158,/api/login,338,502
2026-02-17T22:23:09,user184,/api/download,1750,200
2026-02-17T22:21:45,user220,/api/upload,3138,200
2026-02-17T21:47:01,user63,/api/payments,288,502
2026-02-17T10:34:04,user395,/api/upload,2909,200
2026-02-17T06:57:14,user217,/api/download,3482,200
2026-02-17T15:07:19,user73,/api/logout,202,200
2026-02-17T16:47:05,user143,/api/payments,52,503
2026-02-17T04:48:01,user124,/api/orders,461,503
2026-02-17T03:22:22,user59,/api/products,338,400
2026-02-17T16:11:12,user268,/api/products,195,500
2026-02-17T03:25:07,user244,/api/search,1349,200
2026-02-17T10:09:31,user228,/api/orders,162,200
2026-02-17T12:11:36,user196,/api/analytics,1166,200
2026-02-17T01:59:13,user319,/api/upload,1074,200
2026-02-17T03:58:14,user83,/api/download,1862,403
2026-02-17T02:32:02,user282,/api/notifications,521,503
2026-02-17T09:57:18,user343,/api/logout,139,200
2026-02-17T16:17:04,user145,/api/analytics,392,401
2026-02-17T12:19:23,user27,/api/search,1003,500
2026-02-17T08:35:57,user281,/api/profile,98,200
2026-02-17T06:37:21,user194,/api/settings,303,200
2026-02-17T12:11:12,user401,/api/profile,247,400
2026-02-17T06:22:06,user334,/api/login,493,500
2026-02-17T12:16:31,user195,/api/users,199,201
2026-02-17T22:53:40,user34,/api/notifications,210,400
2026-02-17T09:09:57,user157,/api/products,183,401
2026-02-17T06:12:13,user121,/api/orders,381,301
2026-02-17T00:04:08,user59,/api/notifications,526,200
2026-02-17T22:05:14,user184,/api/search,298,404
2026-02-17T18:17:16,user469,/api/notifications,89,400
2026-02-17T12:15:31,user442,/api/analytics,1499,200
2026-02-17T06:26:10,user294,/api/download,1190,401
2026-02-17T11:42:33,user321,/api/payments,198,200
2026-02-17T21:15:43,user409,/api/search,671,200
2026-02-17T20:22:04,user311,/api/analytics,1137,201
2026-02-17T07:29:58,user216,/api/products,54,200
2026-02-17T10:40:41,user478,/api/products,209,201
2026-02-17T16:39:47,user278,/api/analytics,607,200
2026-02-17T03:17:44,user80,/api/login,546,201
2026-02-17T00:01:54,user480,/api/dashboard,294,403
2026-02-17T19:31:09,user190,/api/orders,239,404
2026-02-17T02:20:26,user238,/api/payments,507,404
2026-02-17T09:36:11,user88,/api/download,3071,301
2026-02-17T15:27:37,user30,/api/login,97,403
2026-02-17T10:15:40,user461,/api/search,378,200
2026-02-17T21:28:12,user14,/api/upload,2603,301
2026-02-17T13:52:44,user77,/api/login,379,502
2026-02-17T02:57:44,user29,/api/logout,80,200
2026-02-17T10:09:46,user297,/api/upload,2732,201
2026-02-17T00:05:03,user225,/api/dashboard,290,200
2026-02-17T01:04:59,user462,/api/users,496,400
2026-02-17T07:23:52,user270,/api/users,365,400
2026-02-17T15:02:32,user25,/api/products,82,400
2026-02-17T01:43:22,user191,/api/login,431,503
2026-02-17T18:49:38,user378,/api/logout,306,301
2026-02-17T00:52:02,user220,/api/logout,87,401
2026-02-17T15:55:57,user186,/api/dashboard,232,200
2026-02-17T07:05:28,user256,/api/reports,383,301
2026-02-17T19:04:51,user429,/api/upload,2584,403
2026-02-17T14:28:06,user294,/api/analytics,1540,200
2026-02-17T21:23:02,user295,/api/profile,79,200
2026-02-17T14:26:09,user255,/api/download,2023,401
2026-02-17T00:38:32,user275,/api/orders,202,400
2026-02-17T13:59:52,user230,/api/login,370,200
2026-02-17T19:45:28,user432,/api/orders,325,404
2026-02-17T20:57:14,user79,/api/payments,440,500
2026-02-17T18:46:55,user314,/api/orders,168,301
2026-02-17T08:23:29,user432,/api/orders,63,401
2026-02-17T18:46:06,user259,/api/settings,138,500
2026-02-17T01:32:15,user21,/api/download,2154,200
2026-02-17T11:36:45,user230,/api/download,2963,404
2026-02-17T10:28:25,user352,/api/logout,468,404
2026-02-17T17:48:35,user271,/api/payments,264,500
2026-02-17T11:55:05,user344,/api/notifications,303,503
2026-02-17T08:47:46,user108,/api/reports,299,200
2026-02-17T05:25:31,user297,/api/download,3470,201
2026-02-17T06:34:13,user500,/api/dashboard,92,503
2026-02-17T00:09:27,user250,/api/dashboard,318,301
2026-02-17T22:53:08,user336,/api/profile,50,200
2026-02-17T07:13:37,user338,/api/login,157,502
2026-02-17T20:39:51,user121,/api/products,108,200
2026-02-17T05:57:57,user380,/api/download,2601,200
2026-02-17T10:11:30,user120,/api/analytics,476,503
2026-02-17T23:20:23,user99,/api/dashboard,280,502
2026-02-17T02:29:09,user473,/api/upload,2569,404
2026-02-17T19:26:28,user473,/api/upload,1730,403
2026-02-17T09:22:03,user217,/api/logout,246,200
2026-02-17T23:40:48,user106,/api/products,393,201
2026-02-17T05:34:15,user447,/api/analytics,1265,200
2026-02-17T18:51:41,user363,/api/payments,472,404
2026-02-17T16:29:11,user133,/api/products,413,502
2026-02-17T19:10:31,user192,/api/search,811,502
2026-02-17T02:02:05,user81,/api/products,370,200
2026-02-17T22:05:09,user368,/api/notifications,454,403
2026-02-17T17:37:30,user463,/api/profile,153,200
2026-02-17T08:18:28,user83,/api/reports,214,503
2026-02-17T03:40:14,user431,/api/upload,875,200
2026-02-17T22:08:34,user21,/api/orders,142,500
2026-02-17T19:31:16,user262,/api/analytics,223,404
2026-02-17T22:26:42,user257,/api/payments,387,301
2026-02-17T12:28:47,user474,/api/reports,455,400
2026-02-17T04:44:24,user57,/api/dashboard,203,200
2026-02-17T20:15:57,user138,/api/dashboard,293,500
2026-02-17T15:24:46,user167,/api/logout,269,201
2026-02-17T09:28:39,user282,/api/profile,236,401
2026-02-17T15:50:52,user237,/api/login,366,200
2026-02-17T13:41:38,user18,/api/users,318,301
2026-02-17T01:49:54,user172,/api/settings,162,200
2026-02-17T23:39:05,user85,/api/logout,114,502
2026-02-17T20:50:49,user167,/api/search,1053,400
2026-02-17T02:49:58,user375,/api/search,434,502
2026-02-17T05:14:55,user279,/api/products,453,200
2026-02-17T12:26:22,user342,/api/dashboard,241,200
2026-02-17T04:18:54,user392,/api/reports,477,403
2026-02-17T05:44:03,user394,/api/search,684,200
2026-02-17T04:43:06,user200,/api/login,295,500
2026-02-17T13:49:45,user258,/api/logout,271,301
2026-02-17T07:16:43,user7,/api/logout,368,403
2026-02-17T22:54:33,user432,/api/notifications,501,200
2026-02-17T07:23:17,user409,/api/logout,89,200
2026-02-17T18:05:41,user296,/api/analytics,1377,200
2026-02-17T14:01:00,user117,/api/dashboard,139,201
2026-02-17T09:32:46,user19,/api/payments,518,200
2026-02-17T04:44:11,user17,/api/settings,152,200
2026-02-17T09:41:18,user28,/api/login,287,200
2026-02-17T14:48:01,user276,/api/users,405,301
2026-02-17T20:37:10,user485,/api/orders,338,400
2026-02-17T17:00:47,user257,/api/settings,410,404
2026-02-17T21:48:08,user390,/api/users,81,200
2026-02-17T09:03:47,user172,/api/notifications,186,400
2026-02-17T03:49:46,user165,/api/analytics,1422,301
2026-02-17T08:12:21,user385,/api/users,337,301
2026-02-17T10:46:09,user307,/api/dashboard,240,200
2026-02-17T07:09:09,user296,/api/reports,346,200
2026-02-17T09:18:56,user383,/api/search,568,404
2026-02-17T09:49:23,user214,/api/payments,355,301
2026-02-17T23:34:02,user419,/api/dashboard,356,400
2026-02-17T10:11:54,user97,/api/reports,446,301
2026-02-17T21:00:26,user220,/api/orders,461,200
2026-02-17T14:57:25,user105,/api/products,368,502
2026-02-17T15:39:29,user160,/api/search,1477,500
2026-02-17T23:16:59,user460,/api/search,1044,200
2026-02-17T22:09:37,user95,/api/download,3393,200
2026-02-17T09:32:17,user413,/api/users,61,400
2026-02-17T12:00:34,user289,/api/logout,436,301
2026-02-17T17:01:02,user412,/api/login,295,200
2026-02-17T21:53:52,user32,/api/payments,263,200
2026-02-17T09:04:12,user225,/api/search,437,503
2026-02-17T17:35:32,user140,/api/login,441,200
2026-02-17T08:19:41,user13,/api/payments,302,200
2026-02-17T14:08:07,user482,/api/login,223,404
2026-02-17T11:18:38,user239,/api/reports,335,400
2026-02-17T04:26:31,user401,/api/settings,145,403
2026-02-17T15:17:13,user495,/api/profile,55,200
2026-02-17T02:17:30,user209,/api/settings,361,200
2026-02-17T13:48:41,user373,/api/login,425,400
2026-02-17T13:08:13,user202,/api/profile,532,401
2026-02-17T03:29:15,user306,/api/download,1098,500
2026-02-17T04:31:15,user258,/api/reports,477,503
2026-02-17T13:20:07,user412,/api/products,543,201
2026-02-17T07:27:37,user371,/api/dashboard,102,200
2026-02-17T23:58:21,user246,/api/analytics,335,200
2026-02-17T13:24:17,user146,/api/settings,129,500
2026-02-17T00:39:26,user147,/api/upload,2820,404
2026-02-17T09:07:32,user356,/api/search,1019,400
2026-02-17T05:51:31,user432,/api/payments,442,200
2026-02-17T22:38:13,user469,/api/settings,467,403
2026-02-17T05:28:38,user349,/api/analytics,678,401
2026-02-17T15:12:06,user27,/api/reports,243,404
2026-02-17T15:12:49,user405,/api/payments,287,200
2026-02-17T18:50:10,user88,/api/upload,2906,200
2026-02-17T17:43:54,user268,/api/notifications,412,503
2026-02-17T11:33:21,user101,/api/profile,224,404
2026-02-17T21:59:13,user259,/api/settings,380,200
2026-02-17T05:44:54,user384,/api/notifications,161,200
2026-02-17T21:54:48,user495,/api/notifications,475,404
2026-02-17T02:04:23,user325,/api/reports,413,400
2026-02-17T07:19:45,user309,/api/notifications,478,200
2026-02-17T13:32:00,user282,/api/dashboard,226,200
2026-02-17T11:35:26,user163,/api/download,1429,403
2026-02-17T05:42:50,user378,/api/login,456,200
2026-02-17T02:24:02,user455,/api/users,155,502
2026-02-17T12:44:18,user212,/api/reports,139,200
2026-02-17T15:28:46,user322,/api/logout,75,503
2026-02-17T14:36:38,user122,/api/logout,305,400
2026-02-17T00:46:25,user115,/api/orders,302,200
2026-02-17T14:31:41,user341,/api/orders,295,200
2026-02-17T01:56:27,user124,/api/analytics,981,200
2026-02-17T12:20:17,user40,/api/download,2356,500
2026-02-17T00:21:27,user152,/api/logout,413,404
2026-02-17T13:59:11,user289,/api/upload,3003,404
2026-02-17T16:19:55,user43,/api/orders,413,200
2026-02-17T20:22:02,user4,/api/download,2646,301
2026-02-17T05:57:29,user122,/api/users,123,301
2026-02-17T15:19:41,user109,/api/products,222,502
2026-02-17T10:05:36,user323,/api/upload,1555,503
2026-02-17T20:15:00,user227,/api/reports,254,503
2026-02-17T18:32:54,user174,/api/orders,206,401
2026-02-17T16:14:05,user414,/api/reports,349,201
2026-02-17T08:12:14,user51,/api/logout,373,400
2026-02-17T14:13:06,user329,/api/dashboard,170,200
2026-02-17T04:36:36,user344,/api/upload,3081,503
2026-02-17T17:04:23,user161,/api/payments,283,502
2026-02-17T13:08:47,user379,/api/analytics,676,500
2026-02-17T06:14:45,user419,/api/analytics,677,401
2026-02-17T00:19:14,user159,/api/upload,1488,401
2026-02-17T20:38:28,user261,/api/payments,443,200
2026-02-17T14:40:23,user427,/api/notifications,292,200
2026-02-17T01:06:06,user282,/api/profile,381,200
2026-02-17T12:39:35,user173,/api/analytics,804,301
2026-02-17T19:35:36,user452,/api/notifications,397,200
2026-02-17T05:19:24,user40,/api/settings,336,200
2026-02-17T19:55:11,user497,/api/dashboard,290,200
2026-02-17T02:50:06,user128,/api/products,533,500
2026-02-17T04:03:22,user250,/api/download,1180,200
2026-02-17T07:45:29,user234,/api/users,332,200
2026-02-17T04:39:29,user368,/api/payments,170,400
2026-02-17T14:40:50,user317,/api/login,408,200
2026-02-17T03:19:02,user445,/api/users,203,200
2026-02-17T21:33:55,user82,/api/payments,443,200
2026-02-17T07:09:00,user106,/api/logout,202,200
2026-02-17T17:47:53,user101,/api/upload,1032,403
2026-02-17T12:03:07,user446,/api/download,2834,200
2026-02-17T07:28:36,user255,/api/notifications,356,201
2026-02-17T08:02:06,user20,/api/login,441,400
2026-02-17T07:32:09,user342,/api/settings,80,200
2026-02-17T03:15:14,user13,/api/download,1951,200
2026-02-17T19:47:24,user385,/api/dashboard,274,401
2026-02-17T08:08:25,user437,/api/reports,439,404
2026-02-17T19:57:33,user470,/api/reports,266,201
2026-02-17T18:42:52,user427,/api/profile,232,200
2026-02-17T04:41:43,user285,/api/login,322,503
2026-02-17T07:21:48,user46,/api/settings,428,500
2026-02-17T11:24:27,user35,/api/products,504,201
2026-02-17T14:05:03,user226,/api/dashboard,243,400
2026-02-17T23:32:33,user92,/api/users,509,400
2026-02-17T21:09:53,user159,/api/download,1356,404
2026-02-17T06:35:59,user299,/api/download,561,200
2026-02-17T06:56:28,user386,/api/payments,432,404
2026-02-17T17:39:34,user290,/api/logout,484,200
2026-02-17T21:34:30,user172,/api/users,188,200
2026-02-17T02:56:53,user144,/api/payments,294,200
2026-02-17T17:52:22,user151,/api/orders,247,200
2026-02-17T20:34:17,user354,/api/payments,469,502
2026-02-17T08:45:15,user137,/api/analytics,1687,404
2026-02-17T18:31:47,user158,/api/search,1423,503
2026-02-17T11:03:03,user243,/api/settings,332,201
2026-02-17T15:58:36,user241,/api/dashboard,344,200
2026-02-17T02:58:52,user274,/api/download,1946,503
2026-02-17T05:12:45,user464,/api/login,179,200
2026-02-17T11:53:49,user456,/api/download,927,200
2026-02-17T04:07:10,user420,/api/dashboard,320,200
2026-02-17T13:54:00,user223,/api/search,1608,200
2026-02-17T03:08:35,user8,/api/login,225,200
2026-02-17T20:05:02,user103,/api/analytics,286,400
2026-02-17T04:51:16,user256,/api/users,512,201
2026-02-17T07:33:01,user184,/api/logout,316,200
2026-02-17T00:32:30,user390,/api/products,199,401
2026-02-17T06:32:13,user348,/api/payments,290,401
2026-02-17T06:09:54,user145,/api/payments,50,403
2026-02-17T01:27:38,user410,/api/download,2866,200
2026-02-17T03:33:56,user436,/api/orders,298,503
2026-02-17T16:06:21,user323,/api/settings,196,200
2026-02-17T07:04:54,user115,/api/upload,3301,200
2026-02-17T05:19:36,user124,/api/search,944,404
2026-02-17T16:06:38,user157,/api/logout,238,404
2026-02-17T13:59:04,user325,/api/upload,3184,401
2026-02-17T03:51:04,user481,/api/notifications,309,200
2026-02-17T12:43:57,user441,/api/logout,463,200
2026-02-17T02:04:15,user433,/api/analytics,597,404
2026-02-17T00:49:54,user348,/api/reports,134,403
2026-02-17T00:10:33,user247,/api/settings,358,403
2026-02-17T03:52:20,user300,/api/logout,73,200
2026-02-17T22:20:53,user397,/api/profile,135,200
2026-02-17T12:07:12,user33,/api/analytics,990,502
2026-02-17T11:35:19,user212,/api/upload,2817,500
2026-02-17T00:29:53,user318,/api/dashboard,319,403
2026-02-17T01:36:48,user315,/api/settings,148,401
2026-02-17T12:26:48,user251,/api/products,213,301
2026-02-17T19:14:46,user109,/api/logout,113,200
2026-02-17T13:23:48,user124,/api/dashboard,444,401
2026-02-17T17:48:47,user316,/api/settings,317,200
2026-02-17T20:29:26,user269,/api/dashboard,350,201
2026-02-17T03:58:43,user53,/api/analytics,1401,201
2026-02-17T16:00:38,user12,/api/settings,368,200
2026-02-17T16:24:44,user202,/api/settings,61,201
2026-02-17T18:20:25,user110,/api/upload,2483,403
2026-02-17T04:09:42,user137,/api/analytics,1031,403
2026-02-17T05:29:04,user187,/api/search,217,200
2026-02-17T05:36:04,user330,/api/payments,429,400
2026-02-17T20:10:16,user473,/api/profile,267,502
2026-02-17T16:59:18,user411,/api/products,540,201
2026-02-17T10:34:25,user478,/api/notifications,77,400
2026-02-17T22:46:37,user48,/api/logout,434,200
2026-02-17T07:27:09,user11,/api/reports,353,500
2026-02-17T11:37:06,user344,/api/dashboard,76,200
2026-02-17T22:01:02,user357,/api/upload,801,200
2026-02-17T09:39:08,user15,/api/payments,147,301
2026-02-17T02:08:37,user429,/api/orders,187,200
2026-02-17T04:53:32,user360,/api/settings,323,200
2026-02-17T06:31:01,user493,/api/upload,790,500
2026-02-17T17:29:46,user87,/api/users,526,200
2026-02-17T04:17:49,user167,/api/payments,143,200
2026-02-17T09:38:49,user347,/api/profile,452,200
2026-02-17T05:40:23,user208,/api/notifications,140,502
2026-02-17T19:39:28,user140,/api/reports,273,400
2026-02-17T08:06:00,user139,/api/users,117,502
2026-02-17T07:53:08,user278,/api/products,229,401
2026-02-17T06:59:27,user128,/api/products,215,403
2026-02-17T16:33:39,user397,/api/users,341,200
2026-02-17T12:32:29,user363,/api/users,76,404
2026-02-17T23:02:55,user166,/api/profile,157,200
2026-02-17T16:01:08,user3,/api/download,1220,500
2026-02-17T21:46:42,user486,/api/analytics,264,401
2026-02-17T00:19:53,user130,/api/notifications,517,503
2026-02-17T21:18:00,user137,/api/orders,54,200
2026-02-17T12:10:18,user334,/api/profile,427,403
2026-02-17T14:14:38,user164,/api/analytics,753,301
2026-02-17T17:36:48,user171,/api/settings,161,400
2026-02-17T04:34:06,user231,/api/profile,178,200
2026-02-17T07:00:54,user81,/api/products,418,503
2026-02-17T10:11:24,user119,/api/analytics,1195,403
2026-02-17T09:12:33,user308,/api/profile,306,200
2026-02-17T21:05:59,user180,/api/orders,333,404
2026-02-17T16:25:56,user372,/api/users,367,200
2026-02-17T01:01:13,user310,/api/download,2808,301
2026-02-17T19:24:07,user114,/api/dashboard,258,200
2026-02-17T06:54:51,user45,/api/upload,1687,200
2026-02-17T22:26:15,user148,/api/reports,168,200
2026-02-17T16:24:07,user324,/api/logout,161,500
2026-02-17T16:45:50,user157,/api/search,1161,502
2026-02-17T22:30:36,user120,/api/users,518,200
2026-02-17T00:42:40,user478,/api/search,1537,502
2026-02-17T13:52:13,user74,/api/dashboard,340,400
2026-02-17T01:36:43,user430,/api/upload,2222,200
2026-02-17T06:06:57,user78,/api/reports,253,201
2026-02-17T09:46:11,user31,/api/users,487,201
2026-02-17T07:39:06,user74,/api/login,499,503
2026-02-17T17:55:48,user478,/api/notifications,101,401
2026-02-17T11:10:25,user320,/api/users,383,403
2026-02-17T06:06:11,user322,/api/upload,830,500
2026-02-17T05:09:32,user14,/api/reports,236,403
2026-02-17T14:51:40,user227,/api/reports,299,301
2026-02-17T23:44:19,user334,/api/logout,242,502
2026-02-17T14:04:25,user334,/api/analytics,791,400
2026-02-17T14:32:20,user149,/api/payments,320,200
2026-02-17T12:18:31,user162,/api/logout,210,200
2026-02-17T23:14:15,user352,/api/login,432,201
2026-02-17T07:33:12,user170,/api/search,996,301
2026-02-17T17:47:49,user396,/api/search,347,503
2026-02-17T13:06:22,user47,/api/login,62,403
2026-02-17T14:28:49,user9,/api/search,391,200
2026-02-17T07:20:44,user382,/api/analytics,316,200
2026-02-17T11:19:16,user61,/api/upload,3174,400
2026-02-17T01:31:15,user41,/api/notifications,538,500
2026-02-17T08:19:23,user223,/api/login,208,502
2026-02-17T15:15:49,user33,/api/users,68,503
2026-02-17T07:58:22,user242,/api/logout,175,400
2026-02-17T14:25:00,user218,/api/dashboard,516,500
2026-02-17T02:33:34,user146,/api/payments,209,404
2026-02-17T23:10:15,user130,/api/orders,57,301
2026-02-17T03:04:42,user88,/api/download,2230,301
2026-02-17T21:46:23,user3,/api/analytics,598,502
2026-02-17T06:25:49,user417,/api/logout,334,301
2026-02-17T14:08:04,user426,/api/login,434,401
2026-02-17T20:22:16,user150,/api/users,246,503
2026-02-17T00:35:01,user497,/api/upload,2654,404
2026-02-17T20:42:53,user499,/api/profile,504,201
2026-02-17T17:26:53,user2,/api/search,1585,503
2026-02-17T20:06:20,user470,/api/settings,258,200
2026-02-17T11:55:27,user196,/api/reports,392,200
2026-02-17T12:04:17,user2,/api/payments,198,503
2026-02-17T22:22:47,user421,/api/download,762,200
2026-02-17T18:21:56,user147,/api/login,65,200
2026-02-17T14:57:35,user46,/api/orders,72,502
2026-02-17T07:15:51,user414,/api/download,2547,200
2026-02-17T05:40:50,user449,/api/reports,386,503
2026-02-17T08:00:27,user138,/api/download,519,200
2026-02-17T04:47:31,user201,/api/products,117,200
2026-02-17T04:32:01,user390,/api/products,190,200
2026-02-17T11:32:20,user111,/api/orders,67,201
2026-02-17T03:31:42,user19,/api/products,132,403
2026-02-17T11:56:28,user41,/api/settings,329,200
2026-02-17T00:45:09,user189,/api/dashboard,60,404
2026-02-17T19:07:49,user267,/api/upload,2568,200
2026-02-17T04:51:25,user214,/api/orders,138,200
2026-02-17T00:39:34,user88,/api/profile,167,200
2026-02-17T14:33:28,user396,/api/download,2975,503
2026-02-17T10:09:26,user93,/api/search,1259,401
2026-02-17T20:04:24,user68,/api/profile,295,503
2026-02-17T06:43:32,user339,/api/orders,267,403
2026-02-17T13:46:18,user498,/api/reports,370,201
2026-02-17T14:01:52,user466,/api/reports,353,201
2026-02-17T04:15:49,user424,/api/search,1136,400
2026-02-17T03:02:08,user54,/api/login,141,200
2026-02-17T00:56:27,user387,/api/logout,204,200
2026-02-17T19:44:31,user487,/api/settings,348,404
2026-02-17T10:34:18,user259,/api/search,504,301
2026-02-17T23:09:42,user281,/api/notifications,525,500
2026-02-17T00:07:22,user223,/api/users,547,200
2026-02-17T03:48:41,user251,/api/login,395,500
2026-02-17T07:18:48,user256,/api/reports,546,404
2026-02-17T02:06:49,user171,/api/analytics,1233,502
2026-02-17T21:12:58,user153,/api/products,389,200
2026-02-17T00:08:13,user441,/api/login,362,400
2026-02-17T06:20:14,user20,/api/settings,536,502
2026-02-17T09:02:34,user48,/api/orders,539,200
2026-02-17T03:09:42,user49,/api/notifications,446,200
2026-02-17T16:49:23,user248,/api/login,124,200
2026-02-17T23:25:09,user68,/api/payments,369,200
2026-02-17T20:46:01,user434,/api/login,251,502
2026-02-17T09:15:06,user175,/api/settings,519,201
2026-02-17T04:28:58,user80,/api/search,1158,200
2026-02-17T02:37:16,user201,/api/orders,145,200
2026-02-17T23:53:58,user118,/api/download,3436,200
2026-02-17T12:45:45,user305,/api/products,481,502
2026-02-17T14:55:37,user474,/api/dashboard,131,503
2026-02-17T16:24:48,user336,/api/notifications,82,400
2026-02-17T10:56:10,user257,/api/download,2076,503
2026-02-17T10:23:27,user215,/api/profile,245,503
2026-02-17T14:22:56,user48,/api/products,482,502
2026-02-17T04:44:38,user295,/api/products,268,200
2026-02-17T15:45:19,user258,/api/profile,459,500
2026-02-17T18:48:23,user434,/api/settings,486,200
2026-02-17T00:15:41,user468,/api/logout,296,401
2026-02-17T23:17:20,user99,/api/search,1311,301
2026-02-17T16:55:38,user170,/api/upload,3108,404
2026-02-17T15:05:38,user147,/api/logout,200,200
2026-02-17T12:03:27,user205,/api/analytics,522,400
2026-02-17T01:06:36,user429,/api/payments,378,400
2026-02-17T02:02:00,user446,/api/reports,241,200
2026-02-17T05:28:46,user306,/api/logout,236,200
2026-02-17T02:20:13,user253,/api/download,3418,503
2026-02-17T04:21:12,user349,/api/upload,1176,301
2026-02-17T18:48:03,user309,/api/notifications,252,400
2026-02-17T03:54:58,user495,/api/notifications,64,403
2026-02-17T17:32:34,user270,/api/login,478,403
2026-02-17T02:16:51,user125,/api/search,1155,301
2026-02-17T18:52:47,user363,/api/orders,398,503
2026-02-17T08:34:20,user277,/api/logout,421,200
2026-02-17T03:43:01,user36,/api/analytics,1666,200
2026-02-17T15:12:40,user67,/api/logout,109,400
2026-02-17T00:59:13,user419,/api/payments,459,200
2026-02-17T10:14:58,user104,/api/profile,228,200
2026-02-17T00:40:34,user128,/api/dashboard,295,500
2026-02-17T01:22:40,user126,/api/analytics,341,200
2026-02-17T03:10:40,user285,/api/reports,121,200
2026-02-17T16:55:38,user65,/api/logout,526,200
2026-02-17T20:30:09,user158,/api/login,157,200
2026-02-17T20:40:19,user67,/api/settings,349,403
2026-02-17T11:53:08,user184,/api/analytics,1216,502
2026-02-17T16:36:47,user356,/api/reports,88,502
2026-02-17T22:55:20,user381,/api/logout,236,201
2026-02-17T04:49:49,user405,/api/notifications,477,201
2026-02-17T12:51:08,user182,/api/users,172,200
2026-02-17T20:55:09,user57,/api/notifications,55,404
2026-02-17T16:28:47,user104,/api/analytics,1489,500
2026-02-17T18:14:55,user373,/api/logout,425,502
2026-02-17T14:31:35,user363,/api/download,2674,301
2026-02-17T00:18:49,user176,/api/settings,540,301
2026-02-17T05:16:02,user118,/api/orders,376,404
2026-02-17T23:59:49,user12,/api/dashboard,345,404
2026-02-17T20:31:11,user91,/api/orders,181,200
2026-02-17T22:54:55,user447,/api/login,548,502
2026-02-17T02:14:19,user132,/api/logout,77,200
2026-02-17T06:54:58,user44,/api/upload,3481,400
2026-02-17T23:04:55,user328,/api/dashboard,481,200
2026-02-17T09:46:50,user26,/api/orders,404,404
2026-02-17T04:57:30,user123,/api/settings,380,401
2026-02-17T20:02:47,user126,/api/logout,333,201
2026-02-17T14:21:36,user32,/api/download,1529,201
2026-02-17T00:54:49,user411,/api/orders,358,400
2026-02-17T03:58:08,user208,/api/users,413,200
2026-02-17T03:15:10,user244,/api/profile,157,200
2026-02-17T20:33:59,user459,/api/profile,237,404
2026-02-17T01:34:12,user200,/api/products,508,400
2026-02-17T17:53:12,user36,/api/login,311,301
2026-02-17T13:06:26,user485,/api/orders,530,200
2026-02-17T21:33:29,user67,/api/download,1356,500
2026-02-17T23:59:50,user342,/api/search,1130,404
2026-02-17T10:38:01,user252,/api/profile,127,200
2026-02-17T20:01:40,user150,/api/login,539,500
2026-02-17T15:40:10,user361,/api/search,437,200
2026-02-17T14:54:58,user439,/api/upload,1754,400
2026-02-17T08:08:16,user286,/api/dashboard,545,200
2026-02-17T07:56:56,user484,/api/analytics,968,404
2026-02-17T09:57:44,user84,/api/upload,2655,200
2026-02-17T01:56:25,user360,/api/reports,423,200
2026-02-17T02:32:56,user39,/api/dashboard,482,301
2026-02-17T15:27:19,user167,/api/logout,387,200
2026-02-17T10:31:01,user276,/api/products,414,403
2026-02-17T14:09:09,user133,/api/orders,491,401
2026-02-17T09:51:45,user304,/api/analytics,521,201
2026-02-17T23:44:22,user56,/api/settings,455,200
2026-02-17T17:35:09,user41,/api/analytics,1015,200
2026-02-17T09:40:13,user67,/api/logout,411,503
2026-02-17T16:42:07,user465,/api/reports,92,200
2026-02-17T19:13:35,user66,/api/notifications,256,401
2026-02-17T12:12:15,user262,/api/orders,74,200
2026-02-17T04:24:50,user261,/api/profile,153,503
2026-02-17T22:59:29,user89,/api/login,275,200
2026-02-17T07:37:37,user59,/api/search,897,400
2026-02-17T00:04:05,user366,/api/login,308,200
2026-02-17T08:06:46,user187,/api/logout,393,403
2026-02-17T18:30:30,user244,/api/notifications,516,401
2026-02-17T16:44:17,user14,/api/logout,113,200
2026-02-17T11:42:07,user286,/api/users,185,301
2026-02-17T21:32:29,user50,/api/reports,419,201
2026-02-17T11:02:31,user416,/api/download,2122,500
2026-02-17T17:08:29,user100,/api/users,110,301
2026-02-17T01:29:01,user412,/api/reports,420,301
2026-02-17T20:38:24,user144,/api/logout,211,200
2026-02-17T02:54:51,user218,/api/profile,90,200
2026-02-17T12:01:45,user105,/api/search,1025,301
2026-02-17T09:15:30,user176,/api/dashboard,373,301
2026-02-17T05:51:02,user221,/api/orders,239,201
2026-02-17T14:52:01,user445,/api/users,246,404
2026-02-17T01:25:08,user213,/api/dashboard,360,200
2026-02-17T11:20:42,user384,/api/settings,331,502
2026-02-17T20:14:34,user427,/api/logout,451,403
2026-02-17T18:19:24,user140,/api/download,1798,200
2026-02-17T19:39:58,user473,/api/notifications,155,502
2026-02-17T00:06:55,user315,/api/download,2810,401
2026-02-17T14:43:10,user412,/api/notifications,466,301
2026-02-17T05:09:36,user125,/api/reports,277,400
2026-02-17T05:02:26,user448,/api/products,84,201
2026-02-17T22:34:00,user283,/api/profile,529,400
2026-02-17T08:54:38,user358,/api/users,426,201
2026-02-17T06:56:28,user407,/api/analytics,983,400
2026-02-17T21:42:56,user302,/api/login,66,201
2026-02-17T07:58:38,user265,/api/logout,165,404
2026-02-17T16:00:50,user200,/api/users,373,200
2026-02-17T11:04:39,user364,/api/profile,141,500
2026-02-17T15:11:46,user116,/api/payments,315,403
2026-02-17T20:25:16,user386,/api/dashboard,219,500
2026-02-17T20:34:50,user92,/api/products,221,403
2026-02-17T14:39:53,user73,/api/profile,377,502
2026-02-17T02:57:27,user169,/api/dashboard,152,400
2026-02-17T03:08:10,user476,/api/products,264,301
2026-02-17T16:26:25,user104,/api/analytics,288,500
2026-02-17T12:28:57,user31,/api/download,943,404
2026-02-17T17:25:42,user342,/api/logout,411,201
2026-02-17T18:14:30,user335,/api/reports,196,201
2026-02-17T13:27:20,user355,/api/login,339,200
2026-02-17T10:38:17,user83,/api/login,497,400
2026-02-17T08:58:40,user341,/api/login,351,200
2026-02-17T07:07:55,user29,/api/logout,153,200
2026-02-17T20:32:08,user456,/api/notifications,317,201
2026-02-17T04:27:34,user451,/api/dashboard,188,403
2026-02-17T22:56:37,user113,/api/reports,513,503
2026-02-17T05:59:27,user341,/api/notifications,162,502
2026-02-17T09:14:40,user478,/api/dashboard,459,500
2026-02-17T12:21:17,user279,/api/logout,106,200
2026-02-17T02:33:25,user130,/api/profile,249,500
2026-02-17T20:06:37,user335,/api/notifications,510,500
2026-02-17T11:32:00,user268,/api/search,1125,200
2026-02-17T05:26:11,user315,/api/profile,422,201
2026-02-17T22:41:42,user82,/api/orders,429,200
2026-02-17T14:28:52,user254,/api/dashboard,400,200
2026-02-17T09:41:48,user431,/api/settings,163,404
2026-02-17T10:21:02,user122,/api/login,229,503
2026-02-17T09:30:15,user273,/api/payments,493,200
2026-02-17T18:54:48,user415,/api/download,2142,200
2026-02-17T00:58:49,user295,/api/dashboard,427,500
2026-02-17T07:13:48,user428,/api/login,505,200
2026-02-17T09:37:21,user465,/api/orders,93,201
2026-02-17T23:37:59,user175,/api/download,2230,200
2026-02-17T09:53:02,user255,/api/products,104,401
2026-02-17T10:33:17,user34,/api/orders,371,200
2026-02-17T13:08:59,user46,/api/reports,135,301
2026-02-17T06:24:50,user109,/api/upload,1199,403
2026-02-17T14:25:16,user246,/api/users,364,500
2026-02-17T22:07:40,user194,/api/products,112,200
2026-02-17T09:01:36,user166,/api/settings,314,200
2026-02-17T20:53:38,user56,/api/profile,142,301
2026-02-17T13:19:22,user122,/api/login,148,502
2026-02-17T20:33:15,user187,/api/notifications,189,403
2026-02-17T03:27:55,user345,/api/orders,428,400
2026-02-17T03:47:25,user272,/api/download,1000,200
2026-02-17T20:17:12,user26,/api/payments,261,500
2026-02-17T08:14:45,user283,/api/users,505,301
2026-02-17T19:00:53,user470,/api/reports,211,200
2026-02-17T20:06:59,user499,/api/login,274,401
2026-02-17T20:47:35,user428,/api/logout,471,200
2026-02-17T05:06:38,user264,/api/dashboard,443,200
2026-02-17T08:19:56,user422,/api/dashboard,88,200
2026-02-17T18:21:15,user464,/api/orders,157,503
2026-02-17T02:48:31,user246,/api/reports,269,200
2026-02-17T20:21:46,user358,/api/payments,341,502
2026-02-17T05:37:42,user472,/api/profile,204,201
2026-02-17T06:14:59,user13,/api/settings,183,404
2026-02-17T07:28:50,user407,/api/settings,242,200
2026-02-17T07:31:10,user202,/api/dashboard,223,200
2026-02-17T10:35:18,user469,/api/logout,361,500
2026-02-17T02:06:53,user262,/api/users,226,400
2026-02-17T16:53:08,user467,/api/settings,356,500
2026-02-17T13:37:04,user96,/api/analytics,1409,200
2026-02-17T16:22:30,user265,/api/settings,437,200
2026-02-17T04:59:46,user403,/api/dashboard,313,500
2026-02-17T01:27:28,user191,/api/logout,160,403
2026-02-17T18:12:41,user251,/api/search,464,404
2026-02-17T21:08:40,user193,/api/reports,546,401
2026-02-17T10:25:49,user257,/api/orders,525,503
2026-02-17T12:05:21,user194,/api/orders,529,200
2026-02-17T21:46:46,user122,/api/analytics,750,201
2026-02-17T14:55:35,user338,/api/download,743,200
2026-02-17T20:20:29,user317,/api/login,425,301
2026-02-17T15:52:35,user162,/api/notifications,490,201
2026-02-17T14:37:16,user119,/api/products,177,400
2026-02-17T02:12:36,user42,/api/analytics,1671,200
2026-02-17T10:01:48,user337,/api/notifications,244,403
2026-02-17T04:39:13,user322,/api/upload,2285,403
2026-02-17T03:29:49,user331,/api/orders,127,401
2026-02-17T03:06:35,user497,/api/reports,129,201
2026-02-17T18:06:10,user396,/api/download,2044,400
2026-02-17T08:49:40,user234,/api/dashboard,135,200
2026-02-17T15:46:20,user492,/api/dashboard,460,403
2026-02-17T00:04:07,user73,/api/search,1291,200
2026-02-17T22:24:01,user6,/api/analytics,910,200
2026-02-17T14:39:18,user68,/api/payments,181,301
2026-02-17T15:19:37,user424,/api/analytics,1410,400
2026-02-17T22:57:17,user12,/api/notifications,227,401
2026-02-17T08:19:23,user489,/api/settings,314,503
2026-02-17T05:20:05,user210,/api/logout,157,200
2026-02-17T09:19:07,user220,/api/reports,72,502
2026-02-17T22:15:48,user189,/api/reports,293,401
2026-02-17T20:44:37,user320,/api/upload,1194,200
2026-02-17T06:47:03,user10,/api/users,202,500
2026-02-17T01:41:46,user478,/api/payments,435,200
2026-02-17T00:03:03,user74,/api/profile,415,400
2026-02-17T08:19:02,user350,/api/analytics,994,201
2026-02-17T17:28:54,user465,/api/logout,487,301
2026-02-17T10:36:17,user180,/api/settings,491,503
2026-02-17T21:45:44,user433,/api/products,344,502
2026-02-17T01:21:02,user328,/api/upload,2932,503
2026-02-17T22:42:22,user313,/api/notifications,186,301
2026-02-17T22:29:41,user380,/api/analytics,1699,400
2026-02-17T10:52:17,user336,/api/logout,366,201
2026-02-17T13:25:41,user71,/api/dashboard,479,403
2026-02-17T17:57:50,user210,/api/orders,341,502
2026-02-17T03:57:44,user129,/api/settings,422,200
2026-02-17T01:38:17,user263,/api/logout,432,502
2026-02-17T00:55:25,user60,/api/products,296,400
2026-02-17T14:31:29,user100,/api/search,430,200
2026-02-17T04:39:53,user325,/api/dashboard,532,502
2026-02-17T10:57:13,user202,/api/analytics,1508,200
2026-02-17T22:49:31,user297,/api/products,363,200
2026-02-17T19:01:06,user159,/api/search,997,400
2026-02-17T08:10:53,user82,/api/logout,228,200
2026-02-17T15:25:26,user452,/api/settings,128,400
2026-02-17T20:15:40,user417,/api/users,447,200
2026-02-17T12:49:02,user491,/api/analytics,820,401
2026-02-17T01:47:39,user315,/api/products,110,401
2026-02-17T14:45:43,user492,/api/logout,69,400
2026-02-17T19:11:48,user2,/api/login,441,301
2026-02-17T01:00:24,user487,/api/dashboard,203,400
2026-02-17T12:57:57,user235,/api/payments,516,301
2026-02-17T15:53:28,user215,/api/download,2300,404
2026-02-17T02:13:20,user7,/api/notifications,408,403
2026-02-17T19:22:18,user242,/api/profile,521,500
2026-02-17T01:36:16,user192,/api/profile,197,301
2026-02-17T13:40:13,user422,/api/reports,460,401
2026-02-17T06:13:11,user229,/api/upload,500,200
2026-02-17T14:57:31,user117,/api/users,451,200
2026-02-17T22:42:22,user490,/api/orders,381,401
2026-02-17T18:48:14,user170,/api/users,262,502
2026-02-17T16:06:01,user330,/api/payments,314,200
2026-02-17T07:08:45,user4,/api/settings,435,200
2026-02-17T05:09:18,user355,/api/upload,3137,404
2026-02-17T12:03:15,user401,/api/upload,550,400
2026-02-17T19:36:44,user444,/api/users,222,503
2026-02-17T14:32:20,user131,/api/users,497,200
2026-02-17T16:53:12,user428,/api/analytics,317,503
2026-02-17T04:31:56,user181,/api/products,221,503
2026-02-17T17:18:18,user413,/api/logout,189,201
2026-02-17T14:20:54,user412,/api/analytics,249,200
2026-02-17T21:40:11,user206,/api/settings,94,200
2026-02-17T21:06:43,user248,/api/reports,353,200
2026-02-17T10:38:58,user432,/api/download,2343,200
2026-02-17T00:23:29,user252,/api/dashboard,143,200
2026-02-17T03:00:33,user102,/api/download,1774,200
2026-02-17T09:48:02,user251,/api/upload,686,403
2026-02-17T08:49:07,user105,/api/notifications,459,400
2026-02-17T23:46:03,user160,/api/dashboard,261,200
2026-02-17T08:10:22,user248,/api/analytics,437,200
2026-02-17T08:35:29,user241,/api/download,2968,200
2026-02-17T09:07:00,user95,/api/logout,140,403
2026-02-17T22:49:55,user183,/api/dashboard,123,200
2026-02-17T12:46:13,user175,/api/search,488,200
2026-02-17T02:53:24,user219,/api/payments,99,400
2026-02-17T01:13:03,user178,/api/analytics,606,301
2026-02-17T05:16:20,user402,/api/dashboard,271,500
2026-02-17T15:55:48,user15,/api/login,333,201
2026-02-17T12:21:55,user250,/api/profile,62,200
2026-02-17T02:26:33,user395,/api/download,2849,200
2026-02-17T18:10:44,user335,/api/analytics,1515,400
2026-02-17T19:48:47,user284,/api/profile,246,500
2026-02-17T00:51:50,user460,/api/users,307,404
2026-02-17T04:13:30,user343,/api/logout,356,200
2026-02-17T12:10:10,user58,/api/payments,474,500
2026-02-17T06:30:09,user322,/api/logout,262,301
2026-02-17T21:05:08,user445,/api/analytics,1525,502
2026-02-17T11:43:58,user188,/api/orders,407,200
2026-02-17T10:45:31,user81,/api/products,309,200
2026-02-17T15:25:59,user485,/api/products,417,403
2026-02-17T22:53:44,user374,/api/login,334,200
2026-02-17T01:26:09,user44,/api/logout,487,200
2026-02-17T17:09:57,user427,/api/notifications,360,500
2026-02-17T19:05:21,user254,/api/login,283,403
2026-02-17T23:17:46,user89,/api/download,1337,200
2026-02-17T02:46:01,user193,/api/login,492,404
2026-02-17T19:01:58,user117,/api/upload,1857,200
2026-02-17T04:57:27,user465,/api/products,323,503
2026-02-17T18:39:33,user57,/api/settings,62,403
2026-02-17T05:48:21,user415,/api/dashboard,62,201
2026-02-17T04:50:49,user14,/api/products,225,200
2026-02-17T06:20:57,user51,/api/payments,411,200
2026-02-17T00:01:07,user383,/api/reports,282,403
2026-02-17T14:26:25,user408,/api/login,226,200
2026-02-17T00:01:10,user458,/api/upload,1609,401
2026-02-17T22:16:46,user321,/api/products,230,200
2026-02-17T19:11:47,user161,/api/users,261,301
2026-02-17T21:28:49,user397,/api/reports,428,200
2026-02-17T08:43:55,user238,/api/payments,139,401
2026-02-17T15:09:32,user266,/api/users,408,401
2026-02-17T16:05:42,user126,/api/reports,395,200
2026-02-17T01:49:27,user89,/api/dashboard,343,400
2026-02-17T03:54:36,user470,/api/download,675,200
2026-02-17T19:59:37,user46,/api/profile,407,301
2026-02-17T11:44:39,user156,/api/login,488,400
2026-02-17T15:42:10,user115,/api/products,473,200
2026-02-17T08:22:55,user395,/api/settings,458,200
2026-02-17T12:11:58,user112,/api/profile,166,404
2026-02-17T03:46:17,user156,/api/logout,119,404
2026-02-17T17:08:48,user418,/api/dashboard,477,503
2026-02-17T16:12:29,user179,/api/login,435,400
2026-02-17T06:24:17,user206,/api/analytics,1565,400
2026-02-17T20:47:12,user341,/api/payments,349,200
2026-02-17T04:51:21,user78,/api/search,1356,503
2026-02-17T02:02:30,user144,/api/search,498,503
2026-02-17T02:34:13,user260,/api/payments,53,200
2026-02-17T20:13:50,user268,/api/payments,317,301
2026-02-17T10:15:42,user307,/api/payments,115,200
2026-02-17T00:57:28,user450,/api/settings,530,502
2026-02-17T23:49:27,user150,/api/analytics,568,200
2026-02-17T05:20:20,user50,/api/analytics,487,200
2026-02-17T09:46:16,user25,/api/logout,471,404
2026-02-17T07:12:28,user277,/api/notifications,470,200
2026-02-17T07:07:11,user168,/api/reports,62,200
2026-02-17T18:04:28,user414,/api/login,441,200
2026-02-17T06:52:55,user470,/api/reports,524,200
2026-02-17T11:27:57,user239,/api/products,545,400
2026-02-17T20:57:01,user327,/api/settings,266,200
2026-02-17T06:52:04,user330,/api/orders,84,401
2026-02-17T09:53:10,user479,/api/download,1968,403
2026-02-17T07:20:41,user242,/api/products,290,201
2026-02-17T07:08:58,user31,/api/download,1974,200
2026-02-17T13:12:09,user447,/api/reports,142,200
2026-02-17T23:58:06,user195,/api/download,1663,401
2026-02-17T11:33:07,user427,/api/payments,87,502
2026-02-17T12:59:19,user485,/api/search,916,301
2026-02-17T14:18:11,user22,/api/users,545,400
2026-02-17T21:40:43,user162,/api/analytics,1086,200
2026-02-17T00:02:54,user355,/api/users,112,500
2026-02-17T04:33:25,user354,/api/login,271,502
2026-02-17T09:02:49,user490,/api/upload,1371,200
2026-02-17T00:15:34,user283,/api/download,2000,403
2026-02-17T06:42:30,user238,/api/notifications,249,200
2026-02-17T07:00:39,user182,/api/products,118,400
2026-02-17T10:25:06,user487,/api/notifications,238,200
2026-02-17T14:44:30,user17,/api/payments,59,404
2026-02-17T22:55:36,user386,/api/logout,410,200
2026-02-17T21:34:53,user414,/api/download,977,502
2026-02-17T08:03:42,user256,/api/analytics,1302,500
2026-02-17T15:39:06,user267,/api/profile,312,200
2026-02-17T03:11:59,user146,/api/payments,410,502
2026-02-17T00:17:42,user25,/api/dashboard,88,502
2026-02-17T16:41:40,user498,/api/payments,402,403
2026-02-17T22:24:08,user92,/api/orders,523,200
2026-02-17T19:06:59,user181,/api/reports,325,200
2026-02-17T00:18:09,user50,/api/dashboard,500,502
2026-02-17T11:03:16,user50,/api/search,794,503
2026-02-17T06:53:43,user453,/api/payments,230,401
2026-02-17T03:40:57,user475,/api/dashboard,235,200
2026-02-17T04:15:01,user188,/api/products,79,503
2026-02-17T06:14:05,user161,/api/products,368,200
2026-02-17T19:14:50,user42,/api/orders,464,503
2026-02-17T15:59:35,user174,/api/dashboard,126,200
2026-02-17T09:16:35,user472,/api/dashboard,490,502
2026-02-17T16:04:30,user423,/api/reports,255,200
2026-02-17T14:02:30,user268,/api/download,1617,200
2026-02-17T08:40:37,user449,/api/profile,363,200
2026-02-17T01:53:17,user447,/api/upload,1125,200
2026-02-17T06:53:13,user329,/api/download,904,200
2026-02-17T04:57:43,user437,/api/logout,217,403
2026-02-17T23:04:41,user278,/api/notifications,370,200
2026-02-17T18:07:06,user356,/api/products,153,403
2026-02-17T11:04:26,user335,/api/payments,451,200
2026-02-17T20:18:56,user222,/api/users,520,200
2026-02-17T07:15:36,user294,/api/payments,536,200
2026-02-17T08:32:25,user161,/api/users,169,200
2026-02-17T04:31:29,user34,/api/profile,118,301
2026-02-17T03:26:08,user22,/api/download,3399,404
2026-02-17T01:39:44,user415,/api/profile,419,200
2026-02-17T09:34:46,user166,/api/payments,384,500
2026-02-17T08:55:27,user259,/api/dashboard,154,502
2026-02-17T21:49:40,user408,/api/settings,541,200
2026-02-17T16:30:52,user342,/api/products,373,503
2026-02-17T04:23:47,user331,/api/users,62,201
2026-02-17T21:49:39,user378,/api/analytics,707,201
2026-02-17T17:02:23,user452,/api/profile,372,400
2026-02-17T20:22:55,user67,/api/profile,265,200
2026-02-17T13:03:15,user94,/api/login,345,200
2026-02-17T21:03:36,user299,/api/settings,253,502
2026-02-17T18:58:13,user460,/api/settings,512,502
2026-02-17T04:34:21,user333,/api/logout,159,401
2026-02-17T09:32:43,user229,/api/profile,163,200
2026-02-17T08:27:41,user291,/api/search,386,201
2026-02-17T06:41:41,user437,/api/dashboard,341,502
2026-02-17T19:24:52,user147,/api/profile,283,404
2026-02-17T09:18:11,user18,/api/login,502,401
2026-02-17T04:39:05,user274,/api/login,107,200
2026-02-17T04:24:38,user64,/api/dashboard,275,404
2026-02-17T20:50:50,user41,/api/logout,197,200
2026-02-17T14:47:24,user182,/api/products,61,503
2026-02-17T15:53:09,user165,/api/analytics,256,400
2026-02-17T15:31:33,user258,/api/orders,460,200
2026-02-17T18:14:06,user196,/api/analytics,954,404
2026-02-17T17:53:12,user101,/api/payments,140,502
2026-02-17T06:45:44,user451,/api/reports,283,400
2026-02-17T17:23:37,user420,/api/dashboard,68,301
2026-02-17T23:13:17,user138,/api/profile,344,404
2026-02-17T12:00:57,user419,/api/analytics,1631,200
2026-02-17T06:25:21,user142,/api/settings,133,503
2026-02-17T22:49:39,user362,/api/reports,304,200
2026-02-17T22:55:14,user238,/api/dashboard,538,200
2026-02-17T17:53:08,user313,/api/analytics,984,503
2026-02-17T15:17:08,user307,/api/notifications,321,500
2026-02-17T15:02:01,user339,/api/analytics,753,200
2026-02-17T03:54:37,user265,/api/profile,352,200
2026-02-17T21:24:38,user238,/api/analytics,925,201
2026-02-17T09:28:35,user478,/api/search,1400,503
2026-02-17T07:03:46,user417,/api/settings,137,404
2026-02-17T23:53:00,user477,/api/analytics,541,401
2026-02-17T18:14:10,user224,/api/login,277,201
2026-02-17T07:16:56,user193,/api/dashboard,130,201
2026-02-17T20:58:29,user243,/api/profile,277,301
2026-02-17T18:49:58,user83,/api/reports,362,301
2026-02-17T23:26:58,user164,/api/users,482,500
2026-02-17T00:54:00,user219,/api/logout,225,200
2026-02-17T05:38:19,user100,/api/products,418,200
2026-02-17T16:47:46,user367,/api/analytics,1458,200
2026-02-17T13:42:10,user421,/api/upload,3270,503
2026-02-17T05:06:55,user246,/api/orders,380,401
2026-02-17T13:40:27,user116,/api/analytics,927,200
2026-02-17T13:15:31,user119,/api/download,2767,403
2026-02-17T15:06:51,user226,/api/upload,1423,200
2026-02-17T05:02:23,user75,/api/reports,78,200
2026-02-17T18:51:17,user370,/api/analytics,459,502
2026-02-17T20:37:49,user294,/api/dashboard,268,403
2026-02-17T14:17:45,user151,/api/logout,80,403
2026-02-17T04:44:04,user121,/api/payments,128,301
2026-02-17T20:05:38,user124,/api/login,310,200
2026-02-17T10:19:40,user472,/api/dashboard,521,400
2026-02-17T07:28:38,user233,/api/logout,390,403
2026-02-17T11:23:33,user294,/api/upload,2193,403
2026-02-17T21:49:23,user367,/api/users,457,500
2026-02-17T01:48:38,user451,/api/users,232,200
2026-02-17T10:16:31,user170,/api/upload,690,403
2026-02-17T09:00:29,user305,/api/orders,148,200
2026-02-17T17:00:09,user39,/api/orders,181,500
2026-02-17T16:15:16,user132,/api/users,303,502
2026-02-17T17:05:12,user76,/api/download,606,200
2026-02-17T15:55:14,user405,/api/logout,108,502
2026-02-17T18:48:14,user24,/api/search,1360,200
2026-02-17T16:44:10,user169,/api/login,254,404
2026-02-17T18:28:56,user76,/api/reports,232,200
2026-02-17T18:45:03,user3,/api/reports,530,200
2026-02-17T19:57:26,user79,/api/products,439,200
2026-02-17T08:40:35,user327,/api/download,1626,201
2026-02-17T18:59:14,user120,/api/profile,83,404
2026-02-17T18:23:06,user430,/api/products,322,200
2026-02-17T22:51:37,user63,/api/orders,457,403
2026-02-17T01:52:31,user424,/api/payments,297,502
2026-02-17T15:19:24,user53,/api/users,169,401
2026-02-17T15:04:15,user158,/api/orders,304,200
2026-02-17T20:18:32,user196,/api/logout,463,403
2026-02-17T21:32:07,user406,/api/payments,298,200
2026-02-17T17:55:23,user281,/api/download,2152,200
2026-02-17T19:36:19,user58,/api/profile,441,200
2026-02-17T16:04:59,user185,/api/analytics,1123,200
2026-02-17T10:25:00,user203,/api/reports,377,500
2026-02-17T04:56:31,user152,/api/notifications,545,503
2026-02-17T19:51:29,user99,/api/settings,286,502
2026-02-17T01:04:03,user327,/api/users,346,201
2026-02-17T20:42:41,user293,/api/search,253,401
2026-02-17T14:28:21,user106,/api/users,547,503
2026-02-17T16:18:43,user150,/api/reports,347,500
2026-02-17T18:01:17,user454,/api/login,247,200
2026-02-17T23:52:36,user39,/api/logout,192,200
2026-02-17T16:54:51,user407,/api/download,640,200
2026-02-17T19:04:16,user34,/api/payments,307,400
2026-02-17T15:54:23,user345,/api/dashboard,441,200
2026-02-17T20:59:01,user151,/api/payments,535,502
2026-02-17T11:52:24,user389,/api/users,225,400
2026-02-17T13:40:21,user3,/api/download,1554,502
2026-02-17T15:53:38,user391,/api/logout,475,301
2026-02-17T02:21:12,user485,/api/profile,286,401
2026-02-17T02:57:02,user49,/api/settings,139,404
2026-02-17T20:47:38,user155,/api/search,1175,502
2026-02-17T08:55:33,user184,/api/profile,140,200
2026-02-17T21:07:32,user421,/api/notifications,173,502
2026-02-17T15:21:20,user369,/api/upload,2429,200
2026-02-17T01:38:58,user67,/api/orders,508,400
2026-02-17T11:30:54,user454,/api/analytics,1374,400
2026-02-17T19:22:40,user229,/api/analytics,1260,403
2026-02-17T19:53:05,user245,/api/login,479,502
2026-02-17T07:58:10,user62,/api/dashboard,417,301
2026-02-17T13:03:34,user67,/api/profile,431,401
2026-02-17T02:48:51,user323,/api/users,86,403
2026-02-17T06:52:51,user173,/api/settings,201,200
2026-02-17T23:28:41,user70,/api/logout,388,200
2026-02-17T23:40:55,user80,/api/download,1410,404
2026-02-17T07:59:57,user103,/api/reports,304,200
2026-02-17T08:17:16,user293,/api/payments,459,404
2026-02-17T15:47:52,user463,/api/reports,237,502
2026-02-17T10:53:51,user461,/api/dashboard,435,200
2026-02-17T09:36:45,user64,/api/search,680,403
2026-02-17T11:20:16,user303,/api/download,818,200
2026-02-17T01:45:46,user471,/api/search,1408,404
2026-02-17T18:10:32,user480,/api/dashboard,286,401
2026-02-17T12:24:35,user32,/api/products,506,400
2026-02-17T22:52:15,user210,/api/users,403,404
2026-02-17T00:11:02,user248,/api/download,713,502
2026-02-17T22:28:56,user457,/api/users,257,502
2026-02-17T01:51:46,user197,/api/download,1364,200
2026-02-17T15:27:23,user103,/api/reports,313,200
2026-02-17T13:45:01,user25,/api/dashboard,505,200
2026-02-17T02:10:34,user71,/api/download,2831,200
2026-02-17T10:21:07,user35,/api/upload,3066,401
2026-02-17T21:44:59,user241,/api/analytics,946,500
2026-02-17T00:10:52,user287,/api/settings,191,400
2026-02-17T01:01:58,user437,/api/settings,332,400
2026-02-17T02:31:53,user6,/api/settings,253,404
2026-02-17T16:22:07,user187,/api/login,133,200
2026-02-17T11:03:18,user250,/api/analytics,1065,503
2026-02-17T09:17:53,user401,/api/users,198,401
2026-02-17T02:31:05,user114,/api/notifications,288,201
2026-02-17T07:17:08,user162,/api/download,605,200
2026-02-17T08:16:24,user321,/api/reports,89,200
2026-02-17T21:18:21,user238,/api/profile,374,200
2026-02-17T15:20:14,user190,/api/payments,403,503
2026-02-17T12:43:07,user494,/api/products,501,201
2026-02-17T19:25:33,user456,/api/payments,343,403
2026-02-17T17:57:30,user265,/api/payments,380,500
2026-02-17T00:16:49,user102,/api/dashboard,131,403
2026-02-17T22:50:22,user89,/api/settings,199,404
2026-02-17T19:59:29,user91,/api/products,165,503
2026-02-17T06:31:55,user137,/api/logout,146,503
2026-02-17T13:05:51,user455,/api/payments,494,404
2026-02-17T04:01:07,user22,/api/payments,218,400
2026-02-17T18:16:50,user360,/api/login,360,403
2026-02-17T10:40:20,user143,/api/users,354,404
2026-02-17T03:40:52,user4,/api/download,3493,403
2026-02-17T02:09:53,user372,/api/upload,3255,404
2026-02-17T12:43:22,user480,/api/products,370,500
2026-02-17T18:59:28,user238,/api/logout,278,301
2026-02-17T12:05:09,user287,/api/users,224,200
2026-02-17T10:40:28,user480,/api/download,3050,200
2026-02-17T12:57:09,user82,/api/products,108,200
2026-02-17T22:39:38,user9,/api/login,187,503
2026-02-17T19:20:39,user271,/api/search,837,301
2026-02-17T00:21:45,user390,/api/notifications,184,200
2026-02-17T18:29:02,user460,/api/orders,373,502
2026-02-17T10:02:36,user387,/api/profile,429,200
2026-02-17T12:11:42,user198,/api/orders,360,201
2026-02-17T03:52:56,user171,/api/dashboard,218,200
2026-02-17T02:03:25,user468,/api/users,318,200
2026-02-17T21:18:00,user16,/api/orders,84,404
2026-02-17T09:38:05,user328,/api/payments,139,401
2026-02-17T05:19:47,user160,/api/reports,441,301
2026-02-17T22:09:52,user389,/api/reports,215,301
2026-02-17T07:59:33,user148,/api/payments,276,200
2026-02-17T23:15:48,user91,/api/logout,219,301
2026-02-17T06:26:20,user138,/api/payments,299,404
2026-02-17T20:51:55,user195,/api/notifications,238,200
2026-02-17T03:20:39,user157,/api/logout,519,404
2026-02-17T09:15:32,user440,/api/login,222,200
2026-02-17T10:35:42,user94,/api/search,1229,200
2026-02-17T19:01:11,user277,/api/reports,367,201
2026-02-17T22:34:42,user423,/api/products,519,200
2026-02-17T20:51:47,user482,/api/products,483,201
2026-02-17T11:45:24,user345,/api/upload,3267,502
2026-02-17T14:55:47,user5,/api/reports,468,201
2026-02-17T04:51:09,user301,/api/profile,232,500
2026-02-17T17:52:43,user46,/api/reports,482,200
2026-02-17T13:26:28,user265,/api/analytics,713,201
2026-02-17T03:08:09,user489,/api/orders,526,200
2026-02-17T06:54:46,user428,/api/orders,436,200
2026-02-17T01:16:13,user201,/api/login,51,403
2026-02-17T22:17:28,user75,/api/settings,364,404
2026-02-17T22:16:08,user426,/api/analytics,1223,500
2026-02-17T09:23:54,user191,/api/upload,1052,201
2026-02-17T01:37:20,user91,/api/reports,380,200
2026-02-17T23:02:43,user485,/api/orders,415,200
2026-02-17T23:33:03,user399,/api/settings,269,200
2026-02-17T13:39:36,user137,/api/analytics,579,500
2026-02-17T23:28:08,user305,/api/settings,537,200
2026-02-17T19:25:22,user276,/api/login,329,500
2026-02-17T18:36:23,user200,/api/login,270,503
2026-02-17T09:53:39,user247,/api/search,1531,500
2026-02-17T20:22:02,user33,/api/products,102,200
2026-02-17T17:26:45,user495,/api/download,1592,503
2026-02-17T22:54:10,user60,/api/logout,260,403
2026-02-17T15:59:25,user414,/api/analytics,1263,301
2026-02-17T16:30:49,user165,/api/login,64,301
2026-02-17T08:39:01,user203,/api/login,282,201
2026-02-17T05:38:35,user492,/api/dashboard,312,301
2026-02-17T02:13:53,user433,/api/reports,396,200
2026-02-17T05:23:46,user9,/api/login,432,200
2026-02-17T15:53:40,user494,/api/logout,500,200
2026-02-17T11:58:47,user62,/api/logout,386,403
2026-02-17T08:19:29,user164,/api/users,90,404
2026-02-17T10:25:50,user7,/api/analytics,1366,502
2026-02-17T22:09:41,user171,/api/login,456,400
2026-02-17T02:42:13,user111,/api/profile,175,400
2026-02-17T05:07:19,user380,/api/download,633,500
2026-02-17T17:08:56,user46,/api/profile,248,200
2026-02-17T22:58:27,user121,/api/products,405,400
2026-02-17T18:00:54,user121,/api/logout,338,200
2026-02-17T14:53:31,user500,/api/users,287,401
2026-02-17T20:45:27,user86,/api/reports,458,502
2026-02-17T17:12:13,user393,/api/payments,150,500
2026-02-17T14:34:20,user178,/api/download,2433,400
2026-02-17T06:51:10,user322,/api/logout,296,200
2026-02-17T18:26:14,user92,/api/search,1676,301
2026-02-17T14:28:44,user309,/api/notifications,281,200
2026-02-17T02:45:52,user338,/api/search,1287,400
2026-02-17T17:30:09,user440,/api/users,386,200
2026-02-17T23:36:18,user314,/api/notifications,502,404
2026-02-17T04:40:09,user111,/api/logout,99,201
2026-02-17T09:00:56,user323,/api/analytics,545,200
2026-02-17T10:32:20,user198,/api/analytics,1103,503
2026-02-17T00:28:18,user211,/api/dashboard,321,400
2026-02-17T00:15:45,user442,/api/payments,352,200
2026-02-17T03:11:43,user39,/api/reports,534,401
2026-02-17T02:40:34,user135,/api/upload,2142,301
2026-02-17T13:12:25,user428,/api/reports,203,200
2026-02-17T14:20:55,user104,/api/login,475,400
2026-02-17T04:18:41,user102,/api/upload,2695,403
2026-02-17T00:39:54,user467,/api/products,519,200
2026-02-17T08:52:10,user142,/api/products,265,200
2026-02-17T18:55:28,user338,/api/logout,146,403
2026-02-17T15:49:20,user26,/api/download,1799,201
2026-02-17T00:20:40,user316,/api/upload,2605,400
2026-02-17T12:20:34,user280,/api/orders,279,200
2026-02-17T16:53:26,user409,/api/dashboard,515,502
2026-02-17T18:53:00,user85,/api/dashboard,300,200
2026-02-17T17:11:22,user226,/api/analytics,1525,503
2026-02-17T00:32:23,user100,/api/search,554,200
2026-02-17T15:58:15,user499,/api/profile,51,200
2026-02-17T04:41:19,user255,/api/settings,326,200
2026-02-17T07:36:55,user242,/api/analytics,340,403
2026-02-17T02:03:29,user496,/api/payments,401,403
2026-02-17T13:15:06,user328,/api/logout,464,403
2026-02-17T18:31:55,user473,/api/settings,287,200
2026-02-17T08:11:27,user223,/api/login,367,404
2026-02-17T15:30:52,user283,/api/search,667,500
2026-02-17T00:05:22,user332,/api/users,187,200
2026-02-17T23:47:12,user414,/api/orders,516,404
2026-02-17T23:41:08,user171,/api/logout,249,500
2026-02-17T08:22:53,user294,/api/logout,517,201
2026-02-17T18:20:06,user62,/api/analytics,290,201
2026-02-17T18:18:48,user132,/api/settings,528,503
2026-02-17T20:29:32,user465,/api/users,252,500
2026-02-17T00:44:14,user264,/api/products,529,500
2026-02-17T06:05:40,user46,/api/upload,1811,502
2026-02-17T09:51:07,user166,/api/users,227,503
2026-02-17T04:45:51,user132,/api/search,1553,200
2026-02-17T02:29:33,user246,/api/settings,100,401
2026-02-17T12:07:45,user389,/api/analytics,327,201
2026-02-17T11:23:41,user77,/api/users,259,503
2026-02-17T02:32:41,user337,/api/products,541,500
2026-02-17T23:29:06,user381,/api/users,153,301
2026-02-17T14:10:50,user298,/api/orders,82,503
2026-02-17T12:43:18,user433,/api/dashboard,218,500
2026-02-17T09:39:47,user86,/api/logout,77,200
2026-02-17T12:26:29,user361,/api/payments,50,200
2026-02-17T22:13:50,user474,/api/upload,978,201
2026-02-17T10:21:00,user140,/api/payments,217,400
2026-02-17T20:37:39,user414,/api/login,432,400
2026-02-17T17:16:19,user16,/api/orders,450,500
2026-02-17T05:06:41,user136,/api/payments,217,503
2026-02-17T05:15:28,user311,/api/search,388,401
2026-02-17T20:28:29,user113,/api/logout,226,200
2026-02-17T21:22:13,user140,/api/analytics,937,403
2026-02-17T16:12:36,user174,/api/users,174,200
2026-02-17T20:16:47,user116,/api/download,895,404
2026-02-17T05:11:00,user396,/api/download,1308,301
2026-02-17T07:36:07,user203,/api/analytics,628,200
2026-02-17T18:57:23,user480,/api/upload,1809,404
2026-02-17T02:33:28,user395,/api/settings,330,200
2026-02-17T05:23:29,user291,/api/search,947,502
2026-02-17T14:40:51,user212,/api/download,1590,500
2026-02-17T17:19:24,user123,/api/analytics,1237,200
2026-02-17T08:38:35,user351,/api/notifications,190,200
2026-02-17T02:45:56,user16,/api/upload,2397,500
2026-02-17T02:07:21,user382,/api/upload,2607,201
2026-02-17T15:36:46,user260,/api/reports,335,200
2026-02-17T20:27:41,user341,/api/reports,57,200
2026-02-17T08:23:25,user392,/api/users,508,200
2026-02-17T19:30:12,user181,/api/dashboard,143,301
2026-02-17T23:19:39,user423,/api/orders,457,400
2026-02-17T15:02:48,user138,/api/products,340,503
2026-02-17T20:22:27,user365,/api/download,2718,503
2026-02-17T06:56:20,user116,/api/analytics,780,401
2026-02-17T00:02:34,user2,/api/payments,198,200
2026-02-17T13:20:10,user123,/api/upload,886,403
2026-02-17T23:32:17,user406,/api/notifications,485,400
2026-02-17T07:55:11,user176,/api/notifications,131,403
2026-02-17T02:14:53,user390,/api/search,930,403
2026-02-17T14:44:05,user407,/api/dashboard,131,200
2026-02-17T09:14:25,user71,/api/dashboard,295,200
2026-02-17T09:39:33,user455,/api/download,569,200
2026-02-17T19:33:55,user348,/api/analytics,293,200
2026-02-17T02:04:50,user108,/api/logout,322,200
2026-02-17T01:48:42,user89,/api/search,1453,200
2026-02-17T02:39:26,user173,/api/upload,2312,200
2026-02-17T13:53:18,user154,/api/download,1877,403
2026-02-17T09:59:51,user150,/api/notifications,549,500
2026-02-17T15:03:20,user143,/api/reports,250,500
2026-02-17T12:14:03,user455,/api/reports,305,502
2026-02-17T07:11:52,user242,/api/analytics,524,400
2026-02-17T16:47:00,user249,/api/orders,51,200
2026-02-17T07:21:00,user203,/api/upload,3239,200
2026-02-17T13:02:10,user225,/api/dashboard,393,200
2026-02-17T14:16:32,user345,/api/download,1258,401
2026-02-17T16:05:09,user133,/api/profile,473,200
2026-02-17T02:56:39,user455,/api/reports,149,503
2026-02-17T23:39:33,user140,/api/profile,261,301
2026-02-17T14:10:44,user413,/api/upload,686,503
2026-02-17T09:39:26,user60,/api/search,832,200
2026-02-17T02:36:52,user280,/api/users,148,502
2026-02-17T19:34:51,user481,/api/profile,56,201
2026-02-17T02:27:42,user21,/api/dashboard,371,200
2026-02-17T20:49:28,user461,/api/payments,497,200
2026-02-17T17:22:02,user217,/api/notifications,451,404
2026-02-17T16:43:08,user82,/api/search,623,400
2026-02-17T20:46:00,user109,/api/login,524,201
2026-02-17T15:43:16,user236,/api/profile,496,201
2026-02-17T06:57:59,user42,/api/logout,531,201
2026-02-17T09:38:50,user435,/api/settings,304,301
2026-02-17T18:46:04,user145,/api/download,884,404
2026-02-17T01:08:35,user191,/api/analytics,415,201
2026-02-17T14:17:04,user3,/api/orders,451,201
2026-02-17T03:23:33,user12,/api/dashboard,478,200
2026-02-17T06:51:42,user131,/api/search,879,500
2026-02-17T05:14:28,user75,/api/dashboard,83,400
2026-02-17T19:45:29,user188,/api/analytics,1651,500
2026-02-17T06:26:13,user333,/api/logout,144,403
2026-02-17T09:45:09,user77,/api/users,404,403
2026-02-17T04:34:51,user324,/api/analytics,724,200
2026-02-17T11:10:06,user430,/api/settings,510,403
2026-02-17T10:18:24,user145,/api/search,1494,403
2026-02-17T04:20:30,user206,/api/upload,1891,503
2026-02-17T12:38:59,user39,/api/users,495,403
2026-02-17T07:53:12,user360,/api/analytics,206,503
2026-02-17T18:08:34,user33,/api/payments,333,200
2026-02-17T19:27:13,user345,/api/search,918,502
2026-02-17T21:49:55,user113,/api/users,224,502
2026-02-17T07:34:41,user146,/api/notifications,306,301
2026-02-17T05:21:40,user266,/api/search,656,200
2026-02-17T16:29:32,user84,/api/settings,478,500
2026-02-17T19:10:21,user347,/api/orders,485,200
2026-02-17T06:35:27,user383,/api/analytics,1572,200
2026-02-17T16:49:13,user168,/api/login,383,200
2026-02-17T16:17:53,user255,/api/payments,250,200
2026-02-17T14:02:50,user444,/api/download,2827,201
2026-02-17T15:59:04,user71,/api/profile,287,301
2026-02-17T01:36:20,user43,/api/upload,3462,201
2026-02-17T21:22:39,user420,/api/reports,122,200
2026-02-17T04:22:51,user16,/api/reports,516,403
2026-02-17T19:16:04,user471,/api/orders,259,400
2026-02-17T23:43:16,user258,/api/search,848,201
2026-02-17T08:46:22,user444,/api/logout,323,200
2026-02-17T08:44:42,user455,/api/analytics,1559,200
2026-02-17T22:13:48,user281,/api/reports,329,200
2026-02-17T04:26:26,user50,/api/dashboard,240,401
2026-02-17T10:21:26,user20,/api/dashboard,67,503
2026-02-17T13:13:35,user349,/api/upload,1017,200
2026-02-17T21:29:20,user307,/api/orders,347,201
2026-02-17T03:13:13,user436,/api/download,2440,502
2026-02-17T06:20:27,user110,/api/products,56,201
2026-02-17T03:44:18,user380,/api/login,88,201
2026-02-17T14:21:27,user163,/api/upload,2280,500
2026-02-17T22:33:49,user133,/api/products,129,400
2026-02-17T05:43:19,user56,/api/download,2204,401
2026-02-17T18:14:41,user119,/api/payments,479,404
2026-02-17T04:25:50,user378,/api/search,1125,201
2026-02-17T07:43:17,user55,/api/login,396,200
2026-02-17T14:36:31,user346,/api/users,463,200
2026-02-17T05:12:51,user164,/api/logout,500,200
2026-02-17T12:46:18,user165,/api/search,1177,200
2026-02-17T16:40:23,user409,/api/dashboard,275,503
2026-02-17T09:09:27,user195,/api/login,211,403
2026-02-17T06:33:07,user58,/api/products,506,200
2026-02-17T01:24:44,user250,/api/login,459,401
2026-02-17T13:24:46,user472,/api/profile,103,502
2026-02-17T07:16:05,user357,/api/settings,330,502
2026-02-17T00:44:02,user249,/api/orders,377,200
2026-02-17T09:47:56,user437,/api/logout,306,301
2026-02-17T07:05:14,user343,/api/payments,138,200
2026-02-17T16:43:05,user447,/api/profile,297,403
2026-02-17T02:06:12,user94,/api/search,720,403
2026-02-17T10:28:45,user431,/api/download,3358,301
2026-02-17T19:39:08,user366,/api/analytics,1395,502
2026-02-17T10:27:24,user66,/api/reports,278,400
2026-02-17T15:08:03,user207,/api/login,84,200
2026-02-17T12:53:21,user436,/api/settings,263,401
2026-02-17T16:45:54,user347,/api/profile,320,502
2026-02-17T02:39:39,user445,/api/payments,357,301
2026-02-17T03:02:47,user92,/api/orders,176,403
2026-02-17T20:54:13,user220,/api/profile,350,401
2026-02-17T15:23:14,user267,/api/download,862,200
2026-02-17T10:41:59,user469,/api/settings,500,404
2026-02-17T00:53:14,user153,/api/profile,185,500
2026-02-17T02:12:32,user245,/api/payments,410,200
2026-02-17T11:31:43,user377,/api/orders,396,301
2026-02-17T21:13:16,user359,/api/logout,59,502
2026-02-17T07:07:11,user204,/api/dashboard,106,200
2026-02-17T15:45:53,user136,/api/dashboard,366,503
2026-02-17T01:15:13,user29,/api/logout,262,400
2026-02-17T02:19:47,user160,/api/orders,456,200
2026-02-17T02:24:02,user17,/api/orders,369,403
2026-02-17T07:53:22,user317,/api/search,328,301
2026-02-17T19:54:46,user451,/api/download,795,403
2026-02-17T04:07:52,user52,/api/orders,285,401
2026-02-17T15:03:51,user65,/api/payments,370,404
2026-02-17T15:11:56,user61,/api/logout,492,200
2026-02-17T14:26:50,user365,/api/dashboard,506,200
2026-02-17T02:08:57,user236,/api/login,209,401
2026-02-17T15:11:45,user108,/api/logout,505,301
2026-02-17T02:48:01,user10,/api/orders,171,400
2026-02-17T03:39:23,user375,/api/dashboard,272,403
2026-02-17T17:41:00,user390,/api/orders,502,200
2026-02-17T12:54:50,user116,/api/notifications,316,201
2026-02-17T14:06:30,user470,/api/upload,1981,200
2026-02-17T02:33:31,user95,/api/analytics,1339,404
2026-02-17T19:15:37,user383,/api/profile,304,400
2026-02-17T10:41:44,user176,/api/upload,2899,502
2026-02-17T13:54:35,user306,/api/users,163,200
2026-02-17T18:01:47,user466,/api/reports,510,200
2026-02-17T11:12:41,user224,/api/settings,331,502
2026-02-17T05:57:03,user301,/api/analytics,299,403
2026-02-17T11:59:52,user27,/api/notifications,183,201
2026-02-17T04:57:48,user70,/api/payments,462,403
2026-02-17T15:18:30,user10,/api/profile,395,200
2026-02-17T16:05:18,user128,/api/download,3093,403
2026-02-17T04:03:06,user59,/api/analytics,1317,200
2026-02-17T06:16:18,user67,/api/orders,176,201
2026-02-17T17:34:01,user384,/api/settings,130,200
2026-02-17T14:32:37,user25,/api/download,3421,201
2026-02-17T14:51:34,user186,/api/products,128,200
2026-02-17T05:54:13,user308,/api/products,283,200
2026-02-17T11:28:44,user319,/api/analytics,1433,403
2026-02-17T09:59:20,user472,/api/orders,110,200
2026-02-17T02:03:17,user32,/api/products,533,200
2026-02-17T03:58:00,user334,/api/payments,367,200
2026-02-17T14:30:01,user16,/api/reports,158,200
2026-02-17T16:58:34,user67,/api/login,291,403
2026-02-17T10:05:38,user467,/api/settings,415,403
2026-02-17T15:44:49,user273,/api/profile,119,201
2026-02-17T06:28:09,user111,/api/settings,172,400
2026-02-17T15:16:13,user404,/api/payments,492,404
2026-02-17T08:47:18,user169,/api/upload,508,200
2026-02-17T19:10:43,user417,/api/reports,61,500
2026-02-17T03:03:10,user132,/api/dashboard,343,200
2026-02-17T23:24:22,user376,/api/download,3022,400
2026-02-17T03:29:15,user455,/api/orders,320,503
2026-02-17T01:21:59,user413,/api/users,318,200
2026-02-17T23:55:50,user427,/api/upload,966,201
2026-02-17T20:21:30,user473,/api/analytics,887,401
2026-02-17T06:08:11,user162,/api/settings,212,500
2026-02-17T14:40:46,user484,/api/search,885,502
2026-02-17T09:33:47,user229,/api/settings,321,200
2026-02-17T22:02:12,user364,/api/upload,2432,404
2026-02-17T06:25:42,user199,/api/dashboard,195,400
2026-02-17T16:33:16,user389,/api/upload,2826,200
2026-02-17T11:54:03,user194,/api/logout,310,200
2026-02-17T23:12:30,user300,/api/settings,394,502
2026-02-17T00:45:27,user135,/api/users,376,200
2026-02-17T03:20:10,user185,/api/analytics,1695,200
2026-02-17T21:57:17,user135,/api/payments,521,500
2026-02-17T19:14:06,user236,/api/dashboard,332,200
2026-02-17T13:21:37,user405,/api/reports,159,400
2026-02-17T05:54:29,user355,/api/analytics,501,301
2026-02-17T05:42:59,user180,/api/dashboard,161,503
2026-02-17T14:48:17,user126,/api/products,232,502
2026-02-17T18:44:04,user167,/api/search,1410,502
2026-02-17T19:23:39,user477,/api/dashboard,286,301
2026-02-17T18:59:09,user382,/api/users,77,403
2026-02-17T07:48:59,user10,/api/profile,179,201
2026-02-17T01:09:12,user236,/api/products,524,200
2026-02-17T04:21:28,user313,/api/download,1031,200
2026-02-17T05:50:34,user242,/api/download,3423,200
2026-02-17T12:01:32,user381,/api/orders,107,200
2026-02-17T21:12:04,user60,/api/analytics,945,200
2026-02-17T19:22:30,user7,/api/payments,361,502
2026-02-17T04:26:45,user67,/api/analytics,948,200
2026-02-17T06:44:04,user120,/api/download,1543,200
2026-02-17T06:41:07,user7,/api/users,359,401
2026-02-17T10:52:38,user147,/api/profile,320,403
2026-02-17T11:32:09,user355,/api/users,516,400
2026-02-17T03:42:53,user402,/api/download,3298,404
2026-02-17T01:39:07,user48,/api/login,123,404
2026-02-17T09:55:47,user35,/api/notifications,494,404
2026-02-17T15:45:39,user286,/api/logout,260,403
2026-02-17T02:48:45,user477,/api/products,375,200
2026-02-17T10:14:35,user297,/api/search,591,201
2026-02-17T05:50:37,user99,/api/reports,190,200
2026-02-17T01:29:51,user120,/api/reports,445,401
2026-02-17T17:15:54,user154,/api/dashboard,368,201
2026-02-17T09:35:41,user484,/api/reports,57,201
2026-02-17T21:43:51,user345,/api/login,520,403
2026-02-17T04:26:58,user156,/api/dashboard,410,400
2026-02-17T10:16:15,user147,/api/download,1011,200
2026-02-17T07:46:49,user249,/api/logout,93,200
2026-02-17T23:07:46,user276,/api/dashboard,442,301
2026-02-17T05:19:19,user85,/api/logout,470,200
2026-02-17T05:23:02,user239,/api/dashboard,495,503
2026-02-17T11:19:34,user407,/api/search,1219,503
2026-02-17T08:03:37,user448,/api/dashboard,249,200
2026-02-17T21:13:47,user161,/api/users,493,301
2026-02-17T08:09:23,user476,/api/analytics,630,301
2026-02-17T05:31:46,user233,/api/analytics,1035,500
2026-02-17T01:14:10,user344,/api/analytics,1171,403
2026-02-17T21:37:59,user482,/api/analytics,958,503
2026-02-17T17:20:00,user176,/api/notifications,306,403
2026-02-17T14:07:36,user66,/api/download,541,500
2026-02-17T14:23:03,user416,/api/upload,1143,500
2026-02-17T05:45:14,user309,/api/notifications,78,403
2026-02-17T21:08:10,user294,/api/users,516,200
2026-02-17T18:58:58,user121,/api/download,1854,400
2026-02-17T02:29:36,user306,/api/upload,1552,400
2026-02-17T17:28:41,user130,/api/login,412,201
2026-02-17T09:43:10,user16,/api/search,580,403
2026-02-17T11:42:05,user92,/api/orders,259,200
2026-02-17T07:18:57,user177,/api/reports,520,403
2026-02-17T18:33:36,user378,/api/analytics,1048,301
2026-02-17T05:00:22,user56,/api/profile,348,201
2026-02-17T11:08:11,user273,/api/dashboard,243,502
2026-02-17T01:57:11,user457,/api/dashboard,412,503
2026-02-17T05:47:05,user252,/api/upload,1529,200
2026-02-17T09:17:14,user4,/api/payments,111,401
2026-02-17T13:41:55,user365,/api/login,534,200
2026-02-17T00:33:56,user134,/api/upload,1706,401
2026-02-17T11:22:31,user258,/api/notifications,443,403
2026-02-17T00:56:27,user483,/api/products,360,200
2026-02-17T16:03:43,user345,/api/login,239,301
2026-02-17T05:48:39,user51,/api/login,303,502
2026-02-17T21:06:24,user413,/api/logout,77,404
2026-02-17T17:49:41,user177,/api/payments,174,400
2026-02-17T17:38:31,user282,/api/users,438,404
2026-02-17T13:16:07,user403,/api/login,508,503
2026-02-17T03:01:33,user232,/api/dashboard,172,200
2026-02-17T21:14:34,user114,/api/payments,308,200
2026-02-17T20:12:34,user294,/api/upload,1098,201
2026-02-17T02:06:04,user472,/api/settings,484,403
2026-02-17T16:37:09,user326,/api/notifications,312,200
2026-02-17T19:27:26,user364,/api/orders,400,200
2026-02-17T07:03:03,user222,/api/download,1567,400
2026-02-17T09:12:04,user160,/api/download,3263,500
2026-02-17T05:37:37,user483,/api/login,478,400
2026-02-17T08:22:43,user351,/api/download,1257,201
2026-02-17T03:37:14,user386,/api/analytics,568,401
2026-02-17T22:21:55,user166,/api/users,442,500
2026-02-17T07:13:31,user84,/api/products,257,500
2026-02-17T19:31:47,user295,/api/analytics,344,404
2026-02-17T08:26:36,user205,/api/logout,328,200
2026-02-17T11:08:22,user160,/api/products,176,401
2026-02-17T22:12:57,user152,/api/upload,2594,301
2026-02-17T20:10:53,user153,/api/profile,446,200
2026-02-17T19:51:17,user1,/api/profile,55,200
2026-02-17T14:21:07,user227,/api/logout,406,200
2026-02-17T04:31:57,user83,/api/search,1234,500
2026-02-17T04:21:18,user141,/api/notifications,427,503
2026-02-17T15:15:29,user24,/api/orders,88,403
2026-02-17T17:26:34,user60,/api/reports,433,403
2026-02-17T06:13:07,user350,/api/products,447,404
2026-02-17T16:35:34,user152,/api/profile,398,200
2026-02-17T13:23:31,user153,/api/analytics,1079,201
2026-02-17T20:21:36,user354,/api/login,356,201
2026-02-17T19:55:39,user209,/api/products,143,200
2026-02-17T16:16:59,user482,/api/analytics,1652,500
2026-02-17T00:31:19,user433,/api/search,1388,201
2026-02-17T07:20:01,user158,/api/logout,168,500
2026-02-17T00:23:09,user212,/api/users,57,503
2026-02-17T12:15:35,user433,/api/products,422,201
2026-02-17T02:07:38,user438,/api/reports,378,403
2026-02-17T04:13:20,user334,/api/settings,212,403
2026-02-17T12:06:19,user86,/api/profile,246,401
2026-02-17T07:08:51,user334,/api/login,66,201
2026-02-17T12:45:07,user266,/api/settings,478,400
2026-02-17T16:23:15,user175,/api/profile,479,200
2026-02-17T22:25:34,user100,/api/orders,164,503
2026-02-17T12:22:45,user231,/api/payments,523,200
2026-02-17T22:36:45,user18,/api/settings,526,503
2026-02-17T08:03:25,user210,/api/reports,446,400
2026-02-17T00:54:05,user14,/api/settings,203,200
2026-02-17T12:49:17,user185,/api/analytics,1351,401
2026-02-17T12:43:36,user57,/api/logout,390,200
2026-02-17T09:31:52,user430,/api/orders,182,200
2026-02-17T06:23:03,user121,/api/settings,322,200
2026-02-17T10:09:19,user311,/api/profile,108,404
2026-02-17T16:49:10,user88,/api/search,1604,200
2026-02-17T18:23:24,user176,/api/notifications,203,403
2026-02-17T16:15:52,user355,/api/reports,493,401
2026-02-17T06:01:42,user386,/api/logout,162,403
2026-02-17T02:29:51,user16,/api/products,486,404
2026-02-17T12:41:01,user215,/api/settings,296,400
2026-02-17T08:26:16,user264,/api/orders,249,503
2026-02-17T22:48:10,user234,/api/products,480,200
2026-02-17T01:02:28,user259,/api/logout,318,502
2026-02-17T17:59:46,user11,/api/upload,2797,200
2026-02-17T02:27:03,user271,/api/logout,171,200
2026-02-17T20:58:53,user322,/api/reports,199,200
2026-02-17T04:07:42,user465,/api/orders,426,200
2026-02-17T09:53:14,user126,/api/login,160,200
2026-02-17T07:14:05,user233,/api/download,1362,200
2026-02-17T17:12:10,user139,/api/download,3477,200
2026-02-17T17:56:10,user442,/api/orders,327,201
2026-02-17T09:12:48,user362,/api/products,226,502
2026-02-17T12:20:06,user210,/api/users,341,503
2026-02-17T22:50:17,user489,/api/products,144,404
2026-02-17T09:45:26,user137,/api/dashboard,440,400
2026-02-17T05:07:21,user170,/api/upload,2143,502
2026-02-17T20:18:53,user418,/api/analytics,672,404
2026-02-17T19:58:44,user166,/api/orders,189,200
2026-02-17T22:58:48,user248,/api/analytics,762,301
2026-02-17T06:44:45,user227,/api/payments,476,503
2026-02-17T16:06:55,user3,/api/analytics,495,200
2026-02-17T10:46:09,user381,/api/upload,2400,301
2026-02-17T19:45:25,user395,/api/login,470,200
2026-02-17T14:46:20,user366,/api/profile,63,403
2026-02-17T23:49:06,user232,/api/users,253,301
2026-02-17T11:30:46,user448,/api/search,723,404
2026-02-17T14:48:09,user360,/api/notifications,175,201
2026-02-17T08:58:50,user357,/api/login,509,503
2026-02-17T23:50:17,user323,/api/notifications,410,200
2026-02-17T11:05:18,user18,/api/settings,309,200
2026-02-17T04:50:30,user45,/api/orders,256,200
2026-02-17T12:08:05,user444,/api/profile,249,200
2026-02-17T14:29:44,user368,/api/orders,231,502
2026-02-17T07:41:40,user305,/api/upload,2267,400
2026-02-17T08:16:24,user468,/api/notifications,108,200
2026-02-17T15:29:55,user419,/api/payments,426,200
2026-02-17T14:40:09,user110,/api/orders,134,200
2026-02-17T01:34:05,user272,/api/payments,512,500
2026-02-17T17:41:08,user244,/api/profile,177,301
2026-02-17T08:44:35,user493,/api/analytics,979,403
2026-02-17T12:19:15,user219,/api/payments,497,401
2026-02-17T14:16:08,user57,/api/dashboard,333,200
2026-02-17T16:08:36,user373,/api/profile,251,403
2026-02-17T22:34:39,user295,/api/download,2148,301
2026-02-17T05:15:25,user19,/api/analytics,1360,500
2026-02-17T07:22:14,user369,/api/profile,205,500
2026-02-17T02:47:55,user191,/api/reports,349,400
2026-02-17T15:31:45,user235,/api/analytics,297,301
2026-02-17T21:19:58,user311,/api/analytics,440,503
2026-02-17T12:44:17,user280,/api/download,2150,401
2026-02-17T00:56:06,user144,/api/analytics,538,502
2026-02-17T02:06:24,user404,/api/download,1164,200
2026-02-17T11:27:32,user115,/api/dashboard,523,200
2026-02-17T07:07:13,user24,/api/users,350,403
2026-02-17T00:20:36,user327,/api/notifications,503,201
2026-02-17T06:08:21,user268,/api/settings,438,503
2026-02-17T21:07:03,user99,/api/analytics,1553,200
2026-02-17T20:28:06,user206,/api/analytics,1069,200
2026-02-17T08:55:59,user137,/api/payments,233,200
2026-02-17T19:18:21,user198,/api/payments,278,500
2026-02-17T20:48:01,user116,/api/notifications,162,403
2026-02-17T14:07:06,user286,/api/search,1577,502
2026-02-17T07:23:00,user243,/api/logout,283,200
2026-02-17T22:29:41,user265,/api/notifications,474,500
2026-02-17T04:15:28,user382,/api/reports,472,200
2026-02-17T06:43:51,user309,/api/dashboard,488,201
2026-02-17T15:25:28,user250,/api/analytics,839,200
2026-02-17T17:40:54,user337,/api/orders,447,500
2026-02-17T19:55:24,user118,/api/login,195,200
2026-02-17T21:40:36,user320,/api/settings,314,401
2026-02-17T19:39:58,user300,/api/dashboard,227,200
2026-02-17T16:09:24,user473,/api/upload,2599,403
2026-02-17T05:13:52,user409,/api/login,163,301
2026-02-17T01:12:37,user107,/api/payments,402,503
2026-02-17T08:13:02,user452,/api/settings,549,200
2026-02-17T23:36:14,user482,/api/notifications,344,403
2026-02-17T17:11:16,user200,/api/reports,488,200
2026-02-17T20:26:12,user287,/api/logout,358,400
2026-02-17T11:38:02,user36,/api/users,97,200
2026-02-17T08:00:08,user396,/api/dashboard,68,403
2026-02-17T19:01:05,user352,/api/settings,119,200
2026-02-17T16:44:12,user213,/api/reports,392,401
2026-02-17T23:24:40,user3,/api/login,185,401
2026-02-17T18:44:56,user398,/api/download,2423,200
2026-02-17T21:35:56,user426,/api/dashboard,162,502
2026-02-17T16:49:23,user28,/api/search,1051,503
2026-02-17T17:03:19,user473,/api/profile,481,401
2026-02-17T20:23:25,user237,/api/dashboard,168,503
2026-02-17T11:20:16,user80,/api/upload,1107,200
2026-02-17T00:52:31,user283,/api/profile,162,200
2026-02-17T02:50:20,user80,/api/login,119,200
2026-02-17T17:48:50,user82,/api/payments,67,401
2026-02-17T18:21:31,user299,/api/logout,389,503
2026-02-17T21:36:46,user21,/api/orders,422,502
2026-02-17T08:04:31,user309,/api/search,756,201
2026-02-17T21:46:10,user268,/api/logout,189,401
2026-02-17T21:32:28,user329,/api/dashboard,467,403
2026-02-17T15:05:36,user62,/api/products,116,200
2026-02-17T02:54:43,user145,/api/notifications,86,503
2026-02-17T05:31:20,user338,/api/profile,367,503
2026-02-17T14:56:21,user216,/api/profile,507,200
2026-02-17T10:20:11,user11,/api/products,112,200
2026-02-17T13:47:18,user363,/api/settings,328,500
2026-02-17T20:20:33,user181,/api/profile,335,201
2026-02-17T12:04:52,user156,/api/settings,120,301
2026-02-17T05:23:56,user192,/api/dashboard,320,502
2026-02-17T23:21:12,user318,/api/reports,314,200
2026-02-17T00:09:28,user199,/api/products,151,403
2026-02-17T14:48:56,user313,/api/profile,412,401
2026-02-17T11:44:17,user398,/api/analytics,300,403
2026-02-17T00:20:20,user76,/api/users,238,401
2026-02-17T04:07:39,user416,/api/notifications,504,200
2026-02-17T18:43:17,user405,/api/logout,357,201
2026-02-17T21:20:36,user281,/api/profile,297,200
2026-02-17T08:13:58,user8,/api/products,533,200
2026-02-17T17:03:23,user177,/api/upload,2543,502
2026-02-17T03:12:04,user129,/api/login,362,400
2026-02-17T16:22:49,user117,/api/download,1648,200
2026-02-17T09:23:56,user497,/api/login,432,201
2026-02-17T05:09:18,user271,/api/download,2662,200
2026-02-17T06:45:46,user320,/api/dashboard,156,403
2026-02-17T11:54:59,user189,/api/analytics,1698,200
2026-02-17T01:30:44,user69,/api/search,216,500
2026-02-17T05:19:20,user186,/api/upload,2831,201
2026-02-17T16:05:19,user277,/api/upload,2434,201
2026-02-17T18:41:18,user459,/api/logout,235,404
2026-02-17T03:13:30,user301,/api/profile,173,200
2026-02-17T06:49:21,user292,/api/profile,306,200
2026-02-17T06:59:44,user286,/api/users,370,301
2026-02-17T22:40:06,user175,/api/logout,50,403
2026-02-17T19:34:27,user288,/api/download,1828,403
2026-02-17T05:35:26,user286,/api/users,370,200
2026-02-17T17:51:11,user195,/api/profile,310,503
2026-02-17T22:38:16,user404,/api/login,544,403
2026-02-17T21:06:50,user159,/api/notifications,333,502
2026-02-17T16:13:26,user437,/api/products,333,403
2026-02-17T14:50:35,user264,/api/upload,1377,400
2026-02-17T06:58:01,user358,/api/analytics,775,200
2026-02-17T01:12:04,user32,/api/products,278,401
2026-02-17T14:13:17,user333,/api/logout,161,502
2026-02-17T06:58:16,user351,/api/payments,426,400
2026-02-17T13:38:44,user346,/api/products,175,301
2026-02-17T12:03:51,user327,/api/analytics,596,400
2026-02-17T08:46:44,user135,/api/notifications,128,403
2026-02-17T23:18:12,user457,/api/logout,363,301
2026-02-17T06:37:46,user215,/api/products,287,200
2026-02-17T14:07:07,user37,/api/logout,302,401
2026-02-17T02:02:25,user61,/api/payments,502,401
2026-02-17T15:21:55,user419,/api/orders,198,500
2026-02-17T21:28:01,user69,/api/orders,154,200
2026-02-17T11:32:02,user383,/api/search,1043,201
2026-02-17T12:36:53,user288,/api/products,434,401
2026-02-17T17:53:37,user415,/api/payments,214,400
2026-02-17T10:02:05,user429,/api/upload,2812,403
2026-02-17T16:02:22,user15,/api/download,2412,200
2026-02-17T11:44:15,user265,/api/products,546,404
2026-02-17T07:41:38,user494,/api/search,469,200
2026-02-17T02:17:54,user429,/api/orders,438,301
2026-02-17T04:21:17,user462,/api/upload,1118,200
2026-02-17T20:55:11,user397,/api/login,468,301
2026-02-17T11:21:44,user377,/api/logout,536,200
2026-02-17T16:52:03,user150,/api/profile,299,200
2026-02-17T08:18:08,user468,/api/payments,83,401
2026-02-17T15:30:17,user376,/api/profile,412,401
2026-02-17T18:40:26,user399,/api/orders,139,503
2026-02-17T18:47:49,user175,/api/download,3453,404
2026-02-17T21:56:45,user78,/api/settings,209,200
2026-02-17T17:59:54,user105,/api/users,83,500
2026-02-17T22:08:33,user417,/api/users,124,502
2026-02-17T09:21:01,user148,/api/profile,320,500
2026-02-17T17:00:36,user277,/api/orders,373,503
2026-02-17T03:25:17,user125,/api/search,307,200
2026-02-17T15:01:20,user417,/api/payments,404,502
2026-02-17T17:42:00,user8,/api/dashboard,178,503
2026-02-17T05:44:17,user384,/api/reports,328,200
2026-02-17T08:18:19,user325,/api/settings,295,503
2026-02-17T14:34:24,user382,/api/logout,539,404
2026-02-17T07:10:05,user237,/api/products,147,403
2026-02-17T13:18:44,user487,/api/logout,292,301
2026-02-17T03:46:44,user425,/api/search,1502,400
2026-02-17T15:09:13,user400,/api/search,1405,502
2026-02-17T01:06:25,user399,/api/orders,185,500
2026-02-17T04:34:01,user183,/api/settings,67,404
2026-02-17T22:38:02,user59,/api/profile,455,400
2026-02-17T10:13:20,user109,/api/reports,297,503
2026-02-17T07:03:51,user263,/api/analytics,1679,200
2026-02-17T04:50:59,user354,/api/analytics,785,403
2026-02-17T22:34:03,user384,/api/login,387,201
2026-02-17T12:31:51,user488,/api/download,663,200
2026-02-17T00:56:46,user446,/api/download,564,401
2026-02-17T15:41:16,user280,/api/notifications,440,404
2026-02-17T04:12:59,user11,/api/logout,335,500
2026-02-17T15:21:12,user158,/api/payments,77,301
2026-02-17T08:45:35,user477,/api/notifications,64,404
2026-02-17T05:52:32,user349,/api/dashboard,499,200
2026-02-17T22:35:57,user153,/api/dashboard,225,500
2026-02-17T04:08:31,user248,/api/profile,210,401
2026-02-17T05:13:17,user441,/api/download,1302,201
2026-02-17T02:36:27,user474,/api/products,128,503
2026-02-17T03:00:47,user2,/api/settings,481,401
2026-02-17T01:04:17,user151,/api/dashboard,203,301
2026-02-17T09:48:32,user345,/api/dashboard,174,401
2026-02-17T11:35:08,user390,/api/notifications,114,200
2026-02-17T12:52:57,user122,/api/orders,446,503
2026-02-17T20:41:13,user203,/api/profile,229,403
2026-02-17T18:27:07,user348,/api/notifications,118,500
2026-02-17T13:54:33,user221,/api/settings,472,502
2026-02-17T07:39:46,user258,/api/users,478,200
2026-02-17T03:58:06,user374,/api/login,408,502
2026-02-17T21:33:41,user409,/api/profile,531,200
2026-02-17T02:19:13,user168,/api/download,1319,200
2026-02-17T15:37:22,user194,/api/search,1057,200
2026-02-17T06:02:07,user33,/api/reports,364,503
2026-02-17T17:16:03,user484,/api/profile,318,200
2026-02-17T09:08:29,user454,/api/notifications,534,201
2026-02-17T22:48:08,user492,/api/reports,135,403
2026-02-17T10:45:57,user213,/api/profile,327,301
2026-02-17T00:09:33,user291,/api/reports,376,403
2026-02-17T16:39:50,user155,/api/orders,456,201
2026-02-17T04:33:37,user299,/api/search,482,200
2026-02-17T04:12:19,user485,/api/reports,303,200
2026-02-17T18:18:50,user363,/api/dashboard,268,200
2026-02-17T16:17:28,user363,/api/dashboard,132,500
2026-02-17T17:28:19,user363,/api/login,88,200
2026-02-17T23:08:08,user101,/api/users,297,200
2026-02-17T10:14:07,user82,/api/profile,391,301
2026-02-17T21:10:37,user429,/api/profile,163,301
2026-02-17T13:47:36,user325,/api/dashboard,421,200
2026-02-17T03:05:57,user303,/api/notifications,96,403
2026-02-17T10:46:51,user313,/api/search,351,400
2026-02-17T09:44:08,user114,/api/login,246,403
2026-02-17T17:19:30,user230,/api/payments,528,400
2026-02-17T19:38:53,user301,/api/payments,100,201
2026-02-17T02:26:57,user215,/api/orders,57,403
2026-02-17T04:24:38,user146,/api/search,509,200
2026-02-17T22:43:56,user249,/api/users,201,200
2026-02-17T01:34:10,user437,/api/profile,471,401
2026-02-17T11:53:56,user409,/api/search,1107,503
2026-02-17T01:55:19,user282,/api/analytics,1509,200
2026-02-17T09:09:03,user167,/api/search,1026,201
2026-02-17T17:30:39,user138,/api/payments,246,201
2026-02-17T03:39:16,user180,/api/download,511,200
2026-02-17T08:37:57,user392,/api/reports,271,400
2026-02-17T01:18:06,user367,/api/orders,83,200
2026-02-17T16:47:40,user97,/api/logout,154,301
2026-02-17T17:51:29,user474,/api/notifications,66,502
2026-02-17T04:59:31,user478,/api/orders,443,403
2026-02-17T09:30:53,user59,/api/notifications,120,200
2026-02-17T16:52:59,user149,/api/payments,202,503
2026-02-17T17:50:00,user105,/api/download,1777,502
2026-02-17T00:32:48,user130,/api/logout,534,200
2026-02-17T16:38:04,user302,/api/upload,2859,200
2026-02-17T02:44:49,user96,/api/login,388,401
2026-02-17T18:11:51,user147,/api/orders,123,500
2026-02-17T03:33:19,user151,/api/upload,1386,400
2026-02-17T16:43:05,user351,/api/login,274,403
2026-02-17T23:17:52,user261,/api/analytics,1226,200
2026-02-17T10:39:22,user215,/api/notifications,410,301
2026-02-17T20:52:03,user211,/api/products,191,200
2026-02-17T02:52:36,user131,/api/reports,259,404
2026-02-17T03:24:12,user375,/api/profile,76,403
2026-02-17T12:01:53,user180,/api/analytics,1389,200
2026-02-17T12:58:17,user125,/api/upload,598,200
2026-02-17T15:03:02,user199,/api/notifications,332,301
2026-02-17T15:33:03,user292,/api/dashboard,531,301
2026-02-17T00:44:09,user360,/api/profile,138,200
2026-02-17T23:16:12,user486,/api/products,458,500
2026-02-17T03:53:22,user34,/api/search,797,404
2026-02-17T10:09:28,user128,/api/notifications,522,201
2026-02-17T17:37:03,user455,/api/download,1730,200
2026-02-17T06:21:23,user257,/api/users,256,201
2026-02-17T20:16:27,user450,/api/orders,237,400
2026-02-17T21:31:53,user377,/api/analytics,1303,200
2026-02-17T21:36:23,user299,/api/login,392,200
2026-02-17T03:21:05,user86,/api/search,1002,200
2026-02-17T07:10:28,user317,/api/search,1166,502
2026-02-17T09:08:01,user348,/api/analytics,766,200
2026-02-17T21:41:45,user405,/api/profile,273,502
2026-02-17T02:39:01,user12,/api/payments,101,401
2026-02-17T03:00:15,user212,/api/download,2238,401
2026-02-17T14:34:49,user467,/api/products,344,201
2026-02-17T20:56:19,user485,/api/settings,534,200
2026-02-17T17:25:13,user206,/api/settings,505,200
2026-02-17T14:24:48,user328,/api/download,1183,404
2026-02-17T09:11:45,user353,/api/reports,237,502
2026-02-17T05:03:15,user490,/api/settings,121,200
2026-02-17T11:29:51,user448,/api/products,401,404
2026-02-17T04:33:54,user297,/api/settings,358,301
2026-02-17T10:41:47,user159,/api/upload,2328,500
2026-02-17T13:46:37,user225,/api/login,440,401
2026-02-17T07:56:27,user445,/api/logout,450,503
2026-02-17T08:06:16,user436,/api/search,1463,201
2026-02-17T00:06:01,user456,/api/notifications,395,502
2026-02-17T08:54:29,user421,/api/notifications,117,200
2026-02-17T16:31:09,user85,/api/orders,73,200
2026-02-17T02:21:42,user268,/api/search,370,500
2026-02-17T02:42:29,user124,/api/dashboard,144,401
2026-02-17T16:17:43,user494,/api/download,2344,200
2026-02-17T16:14:26,user126,/api/reports,248,503
2026-02-17T08:54:15,user357,/api/logout,342,404
2026-02-17T04:24:50,user187,/api/payments,395,301
2026-02-17T00:45:27,user266,/api/settings,483,200
2026-02-17T06:09:57,user459,/api/users,259,502
2026-02-17T01:03:26,user221,/api/profile,338,400
2026-02-17T11:57:13,user201,/api/reports,301,502
2026-02-17T07:43:41,user116,/api/orders,384,503
2026-02-17T16:01:28,user155,/api/orders,410,404
2026-02-17T04:20:37,user176,/api/users,189,200
2026-02-17T13:13:25,user430,/api/settings,411,301
2026-02-17T16:44:38,user343,/api/orders,522,200
2026-02-17T15:40:17,user428,/api/payments,440,404
2026-02-17T06:21:07,user76,/api/orders,359,200
2026-02-17T17:21:40,user291,/api/users,463,200
2026-02-17T15:20:00,user163,/api/login,325,401
2026-02-17T06:26:16,user392,/api/products,301,200
2026-02-17T02:56:34,user66,/api/reports,478,502
2026-02-17T07:54:00,user153,/api/settings,277,200
2026-02-17T22:55:15,user365,/api/notifications,228,200
2026-02-17T06:40:19,user179,/api/upload,1344,200
2026-02-17T10:41:41,user72,/api/orders,203,404
2026-02-17T13:27:43,user379,/api/payments,319,403
2026-02-17T06:37:04,user300,/api/logout,197,502
2026-02-17T09:32:25,user315,/api/profile,125,503
2026-02-17T19:16:28,user279,/api/login,461,200
2026-02-17T15:13:31,user179,/api/payments,433,502
2026-02-17T02:45:01,user145,/api/orders,397,503
2026-02-17T01:26:15,user149,/api/dashboard,421,400
2026-02-17T06:22:05,user113,/api/notifications,544,500
2026-02-17T08:25:01,user329,/api/notifications,183,200
2026-02-17T05:18:04,user267,/api/products,528,403
2026-02-17T04:34:25,user365,/api/analytics,458,200
2026-02-17T10:31:32,user485,/api/payments,279,200
2026-02-17T02:48:41,user238,/api/orders,110,502
2026-02-17T04:23:06,user471,/api/reports,537,301
2026-02-17T22:14:57,user428,/api/reports,300,200
2026-02-17T14:52:12,user263,/api/logout,262,503
2026-02-17T22:47:27,user276,/api/notifications,458,500
2026-02-17T14:09:11,user120,/api/logout,137,200
2026-02-17T03:47:40,user78,/api/dashboard,177,503
2026-02-17T20:01:04,user103,/api/login,408,502
2026-02-17T09:46:17,user92,/api/notifications,486,201
2026-02-17T08:07:39,user31,/api/logout,170,200
2026-02-17T15:30:38,user470,/api/orders,344,200
2026-02-17T17:07:44,user405,/api/login,180,502
2026-02-17T21:10:57,user95,/api/users,441,200
2026-02-17T21:01:36,user147,/api/analytics,482,401
2026-02-17T04:32:26,user403,/api/orders,110,200
2026-02-17T16:17:17,user215,/api/payments,238,301
2026-02-17T08:51:06,user139,/api/download,1267,403
2026-02-17T19:50:04,user499,/api/search,766,400
2026-02-17T23:03:35,user390,/api/orders,383,404
2026-02-17T22:17:17,user276,/api/notifications,277,400
2026-02-17T20:48:14,user84,/api/upload,3345,301
2026-02-17T02:53:18,user176,/api/settings,362,404
2026-02-17T15:31:49,user18,/api/search,1387,404
2026-02-17T07:34:45,user470,/api/reports,61,503
2026-02-17T10:10:07,user274,/api/products,225,200
2026-02-17T21:14:48,user63,/api/products,236,201
2026-02-17T18:49:37,user293,/api/notifications,393,200
2026-02-17T14:08:40,user278,/api/payments,220,500
2026-02-17T12:21:12,user90,/api/logout,152,200
2026-02-17T03:59:03,user384,/api/analytics,1122,201
2026-02-17T22:32:53,user247,/api/analytics,1058,404
2026-02-17T03:35:16,user58,/api/users,370,200
2026-02-17T07:29:36,user158,/api/profile,50,403
2026-02-17T16:22:43,user90,/api/reports,483,404
2026-02-17T10:06:28,user432,/api/payments,224,503
2026-02-17T23:17:44,user420,/api/notifications,214,500
2026-02-17T03:22:19,user287,/api/settings,336,200
2026-02-17T05:05:36,user355,/api/logout,124,404
2026-02-17T22:07:51,user276,/api/login,143,200
2026-02-17T11:44:25,user71,/api/users,547,200
2026-02-17T16:19:40,user9,/api/search,620,404
2026-02-17T23:38:22,user6,/api/login,141,200
2026-02-17T21:20:24,user115,/api/logout,202,201
2026-02-17T14:17:20,user361,/api/logout,467,503
2026-02-17T13:23:22,user185,/api/logout,136,200
2026-02-17T03:44:01,user152,/api/upload,2350,404
2026-02-17T06:54:07,user400,/api/search,369,500
2026-02-17T20:16:09,user432,/api/upload,2629,503
2026-02-17T22:11:29,user387,/api/download,2234,502
2026-02-17T22:24:12,user5,/api/logout,246,200
2026-02-17T17:46:55,user294,/api/search,522,400
2026-02-17T03:59:09,user37,/api/profile,125,200
2026-02-17T10:55:05,user16,/api/logout,290,200
2026-02-17T11:49:00,user265,/api/orders,69,200
2026-02-17T12:13:30,user198,/api/search,1629,200
2026-02-17T00:13:30,user58,/api/download,1745,301
2026-02-17T23:22:40,user47,/api/profile,364,200
2026-02-17T07:58:30,user387,/api/logout,313,201
2026-02-17T17:50:50,user484,/api/login,495,503
2026-02-17T07:04:39,user499,/api/dashboard,165,401
2026-02-17T11:50:23,user312,/api/reports,232,200
2026-02-17T07:51:29,user293,/api/notifications,422,201
2026-02-17T19:40:38,user489,/api/orders,106,503
2026-02-17T17:23:23,user306,/api/logout,135,201
2026-02-17T17:00:35,user206,/api/products,112,500
2026-02-17T01:06:38,user410,/api/orders,436,200
2026-02-17T06:15:05,user499,/api/notifications,386,502
2026-02-17T23:48:35,user288,/api/reports,165,503
2026-02-17T13:09:20,user162,/api/logout,215,401
2026-02-17T16:17:58,user217,/api/upload,1693,400
2026-02-17T16:59:09,user492,/api/upload,3064,200
2026-02-17T13:53:01,user252,/api/users,115,301
2026-02-17T14:24:06,user5,/api/upload,2292,200
2026-02-17T17:09:18,user346,/api/login,142,403
2026-02-17T23:11:47,user153,/api/dashboard,209,500
2026-02-17T17:02:37,user139,/api/products,137,404
2026-02-17T06:00:52,user382,/api/orders,159,500
2026-02-17T03:37:27,user428,/api/download,2918,200
2026-02-17T08:40:55,user170,/api/analytics,1407,200
2026-02-17T02:59:30,user149,/api/download,1729,200
2026-02-17T07:42:47,user325,/api/analytics,1589,200
2026-02-17T12:01:08,user278,/api/download,2412,200
2026-02-17T17:13:39,user335,/api/users,190,200
2026-02-17T13:45:46,user188,/api/orders,226,200
2026-02-17T20:21:41,user233,/api/settings,528,201
2026-02-17T23:06:57,user211,/api/payments,324,503
2026-02-17T20:43:09,user170,/api/download,508,500
2026-02-17T18:12:43,user470,/api/logout,480,403
2026-02-17T09:51:27,user238,/api/payments,153,200
2026-02-17T02:56:34,user14,/api/reports,166,200
2026-02-17T17:58:18,user352,/api/users,542,200
2026-02-17T04:10:14,user217,/api/profile,171,401
2026-02-17T01:01:16,user223,/api/dashboard,529,201
2026-02-17T20:07:50,user178,/api/notifications,234,500
2026-02-17T22:43:39,user131,/api/notifications,155,200
2026-02-17T06:34:06,user483,/api/products,506,200
2026-02-17T03:03:51,user186,/api/profile,523,200
2026-02-17T03:47:31,user223,/api/profile,85,201
2026-02-17T13:22:16,user101,/api/search,825,500
2026-02-17T19:51:01,user356,/api/analytics,1481,404
2026-02-17T18:13:12,user397,/api/settings,447,502
2026-02-17T12:42:45,user285,/api/settings,476,200
2026-02-17T10:33:28,user127,/api/reports,439,503
2026-02-17T22:13:07,user366,/api/profile,112,400
2026-02-17T07:29:12,user29,/api/login,471,400
2026-02-17T04:12:03,user311,/api/notifications,498,200
2026-02-17T08:23:03,user453,/api/reports,249,200
2026-02-17T07:04:36,user175,/api/search,1207,400
2026-02-17T11:12:43,user258,/api/notifications,269,403
2026-02-17T11:07:33,user37,/api/profile,143,401
2026-02-17T07:18:49,user162,/api/search,1614,301
2026-02-17T22:21:01,user409,/api/settings,156,200
2026-02-17T13:21:48,user326,/api/dashboard,326,503
2026-02-17T09:21:33,user438,/api/products,460,200
2026-02-17T03:43:56,user181,/api/orders,360,200
2026-02-17T09:45:40,user103,/api/upload,1499,200
2026-02-17T05:02:16,user8,/api/analytics,799,200
2026-02-17T09:04:37,user494,/api/upload,2636,503
2026-02-17T12:20:58,user262,/api/dashboard,77,200
2026-02-17T17:07:12,user216,/api/logout,69,403
2026-02-17T04:59:15,user470,/api/profile,105,502
2026-02-17T03:36:26,user171,/api/analytics,866,200
2026-02-17T21:09:10,user360,/api/users,307,301
2026-02-17T18:26:40,user487,/api/notifications,121,200
2026-02-17T09:41:04,user75,/api/settings,452,400
2026-02-17T22:59:24,user439,/api/payments,133,500
2026-02-17T20:44:41,user196,/api/orders,95,200
2026-02-17T08:21:40,user326,/api/analytics,700,401
2026-02-17T02:59:47,user494,/api/notifications,252,200
2026-02-17T10:33:42,user61,/api/analytics,1296,400
2026-02-17T13:03:45,user111,/api/login,109,403
2026-02-17T06:43:50,user186,/api/search,1451,200
2026-02-17T20:25:38,user279,/api/orders,292,200
2026-02-17T20:51:42,user385,/api/notifications,254,401
2026-02-17T10:32:45,user144,/api/logout,354,503
2026-02-17T10:07:23,user372,/api/download,1812,200
2026-02-17T07:18:33,user432,/api/payments,189,200
2026-02-17T02:56:56,user268,/api/upload,1759,200
2026-02-17T11:20:04,user112,/api/products,491,201
2026-02-17T20:49:17,user413,/api/settings,539,200
2026-02-17T09:48:39,user213,/api/dashboard,496,200
2026-02-17T15:47:48,user332,/api/notifications,120,200
2026-02-17T22:17:17,user447,/api/notifications,248,400
2026-02-17T12:51:45,user342,/api/products,76,200
2026-02-17T06:58:23,user161,/api/reports,88,400
2026-02-17T17:44:09,user62,/api/logout,395,404
2026-02-17T04:58:52,user41,/api/reports,194,201
2026-02-17T11:48:07,user288,/api/analytics,771,200
2026-02-17T10:17:19,user1,/api/reports,305,503
2026-02-17T06:18:10,user37,/api/login,210,400
2026-02-17T15:32:16,user331,/api/users,295,200
2026-02-17T00:47:58,user321,/api/users,364,200
2026-02-17T20:36:16,user239,/api/logout,83,301
2026-02-17T06:58:49,user467,/api/dashboard,194,403
2026-02-17T03:51:40,user16,/api/notifications,292,200
2026-02-17T04:23:38,user8,/api/profile,351,200
2026-02-17T16:15:18,user212,/api/login,473,200
2026-02-17T01:10:14,user43,/api/login,389,400
2026-02-17T23:36:51,user428,/api/dashboard,313,301
2026-02-17T18:38:21,user410,/api/login,241,200
2026-02-17T00:45:20,user251,/api/reports,530,200
2026-02-17T10:20:11,user14,/api/login,103,404
2026-02-17T17:54:40,user315,/api/analytics,456,200
2026-02-17T13:33:49,user144,/api/upload,1032,502
2026-02-17T15:42:05,user193,/api/login,58,403
2026-02-17T04:34:28,user236,/api/upload,527,403
2026-02-17T12:56:27,user76,/api/users,543,403
2026-02-17T21:48:57,user86,/api/products,165,200
2026-02-17T10:15:10,user154,/api/products,119,200
2026-02-17T08:03:39,user325,/api/settings,262,400
2026-02-17T14:33:07,user392,/api/profile,538,301
2026-02-17T11:46:52,user182,/api/payments,140,403
2026-02-17T04:31:08,user114,/api/reports,419,201
2026-02-17T17:05:15,user441,/api/logout,464,200
2026-02-17T10:48:41,user106,/api/notifications,88,500
2026-02-17T16:39:38,user89,/api/settings,68,503
2026-02-17T13:15:16,user94,/api/upload,1251,200
2026-02-17T15:43:38,user81,/api/search,329,301
2026-02-17T22:56:13,user217,/api/settings,137,500
2026-02-17T14:02:14,user177,/api/download,3168,403
2026-02-17T07:42:50,user195,/api/logout,360,200
2026-02-17T01:37:25,user50,/api/upload,2101,403
2026-02-17T02:36:56,user41,/api/settings,277,500
2026-02-17T22:35:28,user405,/api/reports,142,201
2026-02-17T06:08:55,user97,/api/profile,176,301
2026-02-17T22:34:19,user49,/api/notifications,501,500
2026-02-17T21:47:58,user328,/api/reports,236,200
2026-02-17T15:07:28,user350,/api/upload,800,502
2026-02-17T18:15:40,user401,/api/orders,477,200
2026-02-17T18:49:34,user148,/api/analytics,1354,503
2026-02-17T06:18:27,user297,/api/dashboard,191,500
2026-02-17T23:28:09,user432,/api/analytics,1680,301
2026-02-17T03:35:57,user264,/api/profile,78,200
2026-02-17T22:05:22,user207,/api/payments,315,500
2026-02-17T12:18:53,user206,/api/download,1563,503
2026-02-17T20:15:32,user329,/api/upload,1937,200
2026-02-17T08:51:02,user247,/api/download,859,500
2026-02-17T00:56:20,user425,/api/payments,257,400
2026-02-17T18:38:08,user398,/api/users,121,500
2026-02-17T03:59:42,user30,/api/login,477,502
2026-02-17T04:32:26,user211,/api/notifications,545,401
2026-02-17T02:23:27,user387,/api/dashboard,126,200
2026-02-17T11:04:23,user131,/api/users,410,502
2026-02-17T17:03:52,user448,/api/payments,72,400
2026-02-17T08:50:50,user479,/api/settings,330,404
2026-02-17T15:28:23,user296,/api/profile,348,200
2026-02-17T22:24:39,user191,/api/login,113,301
2026-02-17T14:37:49,user289,/api/reports,464,500
2026-02-17T06:30:32,user374,/api/search,616,403
2026-02-17T09:56:58,user144,/api/dashboard,122,200
2026-02-17T21:46:46,user26,/api/dashboard,439,500
2026-02-17T06:15:58,user448,/api/reports,333,200
2026-02-17T08:18:17,user212,/api/search,1060,200
2026-02-17T06:45:01,user163,/api/upload,2428,403
2026-02-17T08:59:25,user247,/api/payments,163,200
2026-02-17T12:56:34,user51,/api/dashboard,390,503
2026-02-17T04:10:07,user320,/api/orders,399,404
2026-02-17T08:08:08,user349,/api/search,463,500
2026-02-17T00:02:19,user368,/api/analytics,977,500
2026-02-17T07:41:42,user120,/api/download,2199,200
2026-02-17T18:48:45,user71,/api/orders,422,200
2026-02-17T04:24:24,user272,/api/reports,521,400
2026-02-17T10:38:22,user52,/api/dashboard,355,301
2026-02-17T05:36:25,user136,/api/notifications,356,200
2026-02-17T21:27:54,user77,/api/download,1281,400
2026-02-17T19:03:31,user282,/api/reports,114,400
2026-02-17T19:41:21,user161,/api/orders,427,201
2026-02-17T14:18:21,user237,/api/payments,511,200
2026-02-17T03:17:50,user389,/api/users,50,404
2026-02-17T21:32:58,user417,/api/login,54,200
2026-02-17T03:41:09,user467,/api/search,1631,403
2026-02-17T16:32:17,user254,/api/reports,94,200
2026-02-17T02:01:25,user328,/api/reports,404,404
2026-02-17T04:31:08,user121,/api/login,152,400
2026-02-17T07:43:36,user299,/api/download,2233,301
2026-02-17T09:29:02,user73,/api/users,106,503
2026-02-17T00:16:32,user102,/api/analytics,263,200
2026-02-17T20:50:35,user65,/api/search,283,401
2026-02-17T06:23:47,user333,/api/profile,487,201
2026-02-17T11:20:25,user300,/api/profile,276,201
2026-02-17T13:25:10,user472,/api/reports,239,404
2026-02-17T01:29:43,user86,/api/payments,86,301
2026-02-17T15:27:31,user397,/api/reports,106,503
2026-02-17T09:07:59,user432,/api/login,313,503
2026-02-17T16:01:51,user470,/api/search,513,403
2026-02-17T09:13:03,user177,/api/download,1674,502
2026-02-17T05:25:09,user402,/api/download,3282,200
2026-02-17T07:41:37,user188,/api/orders,82,500
2026-02-17T12:29:05,user33,/api/upload,2451,503
2026-02-17T16:49:52,user312,/api/payments,93,404
2026-02-17T17:40:31,user212,/api/analytics,1187,400
2026-02-17T15:00:24,user447,/api/search,362,502
2026-02-17T13:23:41,user274,/api/products,77,200
2026-02-17T03:50:13,user41,/api/login,192,502
2026-02-17T02:36:03,user171,/api/reports,78,200
2026-02-17T23:57:32,user69,/api/payments,540,200
2026-02-17T04:31:24,user314,/api/payments,278,301
2026-02-17T05:02:42,user306,/api/notifications,398,200
2026-02-17T19:21:26,user170,/api/profile,214,200
2026-02-17T15:57:17,user300,/api/notifications,494,200
2026-02-17T19:39:51,user106,/api/users,483,503
2026-02-17T22:52:33,user401,/api/dashboard,181,200
2026-02-17T08:53:58,user455,/api/notifications,523,400
2026-02-17T00:44:22,user254,/api/products,476,500
2026-02-17T23:34:40,user392,/api/notifications,536,200
2026-02-17T09:51:06,user91,/api/search,311,200
2026-02-17T06:02:10,user366,/api/dashboard,242,403
2026-02-17T16:42:46,user440,/api/reports,146,200
2026-02-17T00:10:20,user196,/api/profile,535,200
2026-02-17T21:20:08,user236,/api/profile,201,400
2026-02-17T15:07:51,user264,/api/download,3308,301
2026-02-17T09:12:38,user18,/api/payments,120,403
2026-02-17T23:22:58,user372,/api/download,2049,200
2026-02-17T11:41:43,user47,/api/users,404,200
2026-02-17T07:01:48,user496,/api/logout,394,500
2026-02-17T00:58:29,user298,/api/settings,319,200
2026-02-17T12:38:02,user454,/api/profile,144,200
2026-02-17T15:02:14,user381,/api/orders,350,502
2026-02-17T22:46:41,user397,/api/download,736,200
2026-02-17T03:11:15,user175,/api/analytics,679,503
2026-02-17T09:27:36,user295,/api/search,283,500
2026-02-17T02:31:55,user445,/api/orders,506,200
2026-02-17T10:25:22,user488,/api/payments,75,503
2026-02-17T03:54:01,user257,/api/dashboard,356,502
2026-02-17T07:23:51,user202,/api/products,491,502
2026-02-17T12:16:41,user497,/api/dashboard,261,400
2026-02-17T23:52:08,user54,/api/orders,283,401
2026-02-17T16:00:54,user192,/api/users,235,200
2026-02-17T11:37:14,user292,/api/login,150,201
2026-02-17T16:30:39,user108,/api/analytics,783,301
2026-02-17T14:26:06,user150,/api/upload,2134,400
2026-02-17T20:10:39,user427,/api/profile,257,200
2026-02-17T22:58:46,user39,/api/users,353,200
2026-02-17T23:41:01,user411,/api/users,160,502
2026-02-17T23:39:30,user69,/api/reports,79,200
2026-02-17T07:06:17,user216,/api/products,110,201
2026-02-17T23:23:38,user239,/api/login,116,502
2026-02-17T07:07:49,user414,/api/login,73,201
2026-02-17T20:47:17,user482,/api/download,1204,200
2026-02-17T09:18:32,user49,/api/settings,384,200
2026-02-17T22:16:44,user328,/api/orders,78,403
2026-02-17T20:28:21,user457,/api/dashboard,154,301
2026-02-17T20:11:53,user277,/api/upload,864,200
2026-02-17T13:50:12,user169,/api/search,973,503
2026-02-17T06:31:05,user254,/api/reports,463,201
2026-02-17T13:52:00,user36,/api/login,67,400
2026-02-17T17:42:18,user192,/api/users,429,503
2026-02-17T10:08:40,user76,/api/analytics,1564,500
2026-02-17T23:22:37,user159,/api/logout,139,200
2026-02-17T18:31:03,user177,/api/notifications,74,200
2026-02-17T06:27:08,user317,/api/download,2921,404
2026-02-17T12:57:59,user481,/api/analytics,1680,403
2026-02-17T07:03:56,user166,/api/reports,476,502
2026-02-17T10:44:29,user301,/api/dashboard,456,301
2026-02-17T00:32:40,user468,/api/settings,336,403
2026-02-17T16:05:26,user220,/api/analytics,1066,301
2026-02-17T11:08:40,user114,/api/login,382,200
2026-02-17T10:30:15,user409,/api/products,173,502
2026-02-17T23:07:02,user140,/api/profile,196,401
2026-02-17T06:35:32,user441,/api/dashboard,167,200
2026-02-17T06:59:53,user74,/api/products,464,200
2026-02-17T07:31:54,user475,/api/logout,492,200
2026-02-17T17:34:40,user338,/api/download,2295,200
2026-02-17T00:44:01,user180,/api/reports,91,500
2026-02-17T13:33:03,user365,/api/download,1458,401
2026-02-17T12:42:03,user480,/api/login,445,200
2026-02-17T04:57:54,user253,/api/login,485,502
2026-02-17T09:43:11,user170,/api/download,3340,400
2026-02-17T06:00:31,user205,/api/settings,277,200
2026-02-17T00:59:09,user77,/api/analytics,622,400
2026-02-17T05:16:05,user117,/api/dashboard,307,200
2026-02-17T17:23:59,user468,/api/logout,89,200
2026-02-17T04:53:14,user88,/api/payments,321,404
2026-02-17T15:14:03,user212,/api/payments,547,400
2026-02-17T18:24:09,user116,/api/upload,2412,500
2026-02-17T03:41:04,user415,/api/profile,471,200
2026-02-17T08:58:54,user23,/api/orders,342,502
2026-02-17T01:31:13,user301,/api/reports,412,404
2026-02-17T08:03:23,user170,/api/upload,1579,200
2026-02-17T16:12:03,user124,/api/products,362,200
2026-02-17T06:16:59,user143,/api/settings,293,201
2026-02-17T01:26:25,user106,/api/search,796,503
2026-02-17T02:42:28,user221,/api/logout,328,401
2026-02-17T14:35:10,user158,/api/settings,235,200
2026-02-17T18:08:06,user475,/api/logout,489,502
2026-02-17T11:43:02,user391,/api/payments,542,401
2026-02-17T23:51:06,user156,/api/search,307,401
2026-02-17T02:22:23,user314,/api/reports,265,400
2026-02-17T06:48:45,user136,/api/login,295,400
2026-02-17T17:43:08,user318,/api/payments,78,502
2026-02-17T05:36:28,user10,/api/products,543,200
2026-02-17T20:09:45,user275,/api/login,353,200
2026-02-17T02:15:16,user112,/api/login,175,200
2026-02-17T23:17:35,user383,/api/profile,362,400
2026-02-17T00:07:44,user336,/api/reports,319,201
2026-02-17T00:14:29,user277,/api/login,413,400
2026-02-17T07:45:14,user401,/api/logout,201,404
2026-02-17T18:01:23,user284,/api/download,2745,404
2026-02-17T09:17:13,user432,/api/profile,196,403
2026-02-17T10:38:27,user8,/api/analytics,1156,404
2026-02-17T08:54:16,user491,/api/users,274,200
2026-02-17T08:16:14,user25,/api/profile,137,503
2026-02-17T05:03:47,user345,/api/payments,213,200
2026-02-17T11:08:05,user413,/api/orders,513,200
2026-02-17T07:45:48,user146,/api/payments,496,200
2026-02-17T02:38:05,user364,/api/dashboard,340,200
2026-02-17T04:44:32,user232,/api/profile,267,200
2026-02-17T00:17:17,user193,/api/reports,390,401
2026-02-17T00:37:54,user286,/api/download,2546,503
2026-02-17T12:44:25,user20,/api/payments,231,401
2026-02-17T18:08:53,user248,/api/upload,1832,400
2026-02-17T09:52:07,user352,/api/notifications,320,503
2026-02-17T21:09:37,user456,/api/download,1485,201
2026-02-17T21:57:14,user60,/api/download,2355,503
2026-02-17T13:58:42,user6,/api/search,374,502
2026-02-17T05:50:46,user294,/api/download,1352,200
2026-02-17T14:24:09,user153,/api/users,449,503
2026-02-17T03:44:54,user475,/api/orders,425,500
2026-02-17T02:28:30,user364,/api/download,1126,200
2026-02-17T12:25:32,user289,/api/analytics,1544,200
2026-02-17T12:36:04,user314,/api/upload,1897,200
2026-02-17T13:04:23,user70,/api/products,274,401
2026-02-17T14:00:07,user324,/api/search,1607,400
2026-02-17T06:39:21,user15,/api/search,1231,403
2026-02-17T01:44:07,user71,/api/payments,276,200
2026-02-17T04:57:58,user205,/api/login,132,403
2026-02-17T07:19:38,user494,/api/notifications,204,301
2026-02-17T16:46:04,user53,/api/search,976,201
2026-02-17T14:02:47,user70,/api/upload,588,403
2026-02-17T12:15:48,user259,/api/search,768,401
2026-02-17T21:27:44,user234,/api/search,1535,200
2026-02-17T22:51:21,user264,/api/users,268,301
2026-02-17T10:51:49,user400,/api/users,399,200
2026-02-17T05:17:12,user257,/api/dashboard,497,200
2026-02-17T00:22:02,user52,/api/analytics,1483,502
2026-02-17T20:32:00,user429,/api/profile,190,200
2026-02-17T02:01:51,user119,/api/users,83,200
2026-02-17T23:47:28,user95,/api/orders,393,200
2026-02-17T22:09:54,user197,/api/notifications,93,201
2026-02-17T14:43:35,user30,/api/profile,78,400
2026-02-17T10:27:28,user87,/api/products,215,200
2026-02-17T10:05:34,user343,/api/search,581,200
2026-02-17T17:04:31,user212,/api/upload,1236,200
2026-02-17T22:30:56,user6,/api/payments,527,500
2026-02-17T07:44:36,user387,/api/analytics,1385,500
2026-02-17T12:12:26,user187,/api/payments,248,201
2026-02-17T19:32:53,user71,/api/payments,221,400
2026-02-17T21:09:58,user488,/api/logout,472,502
2026-02-17T16:30:10,user500,/api/profile,280,502
2026-02-17T20:07:21,user82,/api/products,233,502
2026-02-17T23:52:06,user44,/api/notifications,447,401
2026-02-17T02:10:00,user340,/api/logout,379,200
2026-02-17T08:31:30,user176,/api/login,536,301
2026-02-17T03:33:13,user490,/api/login,236,200
2026-02-17T05:05:15,user244,/api/logout,282,200
2026-02-17T08:08:40,user401,/api/download,629,502
2026-02-17T17:21:11,user30,/api/orders,211,201
2026-02-17T18:29:16,user72,/api/users,186,200
2026-02-17T02:11:39,user22,/api/products,475,404
2026-02-17T03:02:06,user247,/api/download,3148,400
2026-02-17T07:55:42,user458,/api/logout,101,500
2026-02-17T23:43:15,user457,/api/profile,407,200
2026-02-17T17:41:27,user110,/api/analytics,1010,400
2026-02-17T18:11:10,user220,/api/analytics,492,400
2026-02-17T14:04:57,user61,/api/orders,110,503
2026-02-17T09:41:15,user250,/api/login,231,400
2026-02-17T10:25:54,user493,/api/login,298,200
2026-02-17T23:09:29,user286,/api/download,961,500
2026-02-17T02:41:59,user362,/api/analytics,1496,403
2026-02-17T20:22:48,user35,/api/payments,263,200
2026-02-17T13:07:51,user72,/api/upload,1326,200
2026-02-17T02:51:07,user475,/api/dashboard,509,401
2026-02-17T02:59:29,user163,/api/notifications,260,404
2026-02-17T23:04:03,user2,/api/orders,273,200
2026-02-17T02:28:53,user320,/api/login,311,401
2026-02-17T22:08:02,user81,/api/notifications,192,503
2026-02-17T17:42:54,user180,/api/profile,322,200
2026-02-17T01:53:54,user250,/api/payments,441,502
2026-02-17T09:02:03,user233,/api/users,317,201
2026-02-17T11:28:14,user433,/api/payments,410,201
2026-02-17T10:18:04,user145,/api/users,465,500
2026-02-17T10:13:07,user103,/api/products,545,200
2026-02-17T17:42:29,user460,/api/reports,394,200
2026-02-17T01:49:16,user360,/api/download,3243,401
2026-02-17T07:46:19,user184,/api/logout,480,200
2026-02-17T22:17:21,user441,/api/payments,544,201
2026-02-17T15:49:52,user393,/api/analytics,1468,200
2026-02-17T14:09:07,user312,/api/users,463,200
2026-02-17T05:24:43,user133,/api/logout,435,200
2026-02-17T13:51:39,user425,/api/reports,303,200
2026-02-17T12:26:54,user58,/api/profile,437,403
2026-02-17T22:00:18,user318,/api/upload,2784,502
2026-02-17T13:24:46,user35,/api/download,2690,200
2026-02-17T21:18:11,user129,/api/products,152,404
2026-02-17T19:05:50,user473,/api/payments,297,200
2026-02-17T16:22:41,user404,/api/notifications,345,503
2026-02-17T02:10:44,user484,/api/settings,172,301
2026-02-17T10:34:27,user391,/api/products,317,401
2026-02-17T14:38:27,user7,/api/notifications,473,301
2026-02-17T09:53:39,user62,/api/settings,61,301
2026-02-17T19:28:56,user105,/api/upload,567,503
2026-02-17T04:59:40,user410,/api/login,156,401
2026-02-17T04:40:38,user113,/api/orders,435,400
2026-02-17T17:59:08,user308,/api/upload,3486,401
2026-02-17T21:11:12,user25,/api/analytics,1332,200
2026-02-17T22:11:16,user124,/api/dashboard,153,200
2026-02-17T09:24:47,user350,/api/analytics,246,400
2026-02-17T19:52:08,user46,/api/payments,430,200
2026-02-17T23:26:32,user466,/api/analytics,371,400
2026-02-17T00:45:14,user271,/api/notifications,265,401
2026-02-17T18:47:57,user500,/api/upload,2979,200
2026-02-17T09:36:18,user368,/api/profile,330,301
2026-02-17T02:27:43,user394,/api/reports,88,200
2026-02-17T19:00:36,user31,/api/analytics,1108,200
2026-02-17T19:16:07,user357,/api/users,443,404
2026-02-17T21:30:40,user75,/api/settings,448,401
2026-02-17T12:12:39,user304,/api/reports,326,301
2026-02-17T02:05:27,user25,/api/users,294,500
2026-02-17T23:35:13,user185,/api/payments,436,200
2026-02-17T04:01:41,user453,/api/download,3286,301
2026-02-17T01:12:28,user209,/api/profile,388,502
2026-02-17T00:34:36,user31,/api/settings,548,200
2026-02-17T03:47:38,user56,/api/settings,424,404
2026-02-17T20:22:02,user267,/api/products,86,503
2026-02-17T13:10:29,user47,/api/search,206,200
2026-02-17T20:44:33,user145,/api/logout,451,400
2026-02-17T15:22:04,user42,/api/login,387,503
2026-02-17T05:58:14,user265,/api/download,1291,503
2026-02-17T01:59:47,user383,/api/users,496,200
2026-02-17T09:04:01,user32,/api/logout,368,301
2026-02-17T10:07:33,user300,/api/profile,172,403
2026-02-17T05:58:24,user264,/api/download,1568,301
2026-02-17T16:50:50,user438,/api/reports,428,400
2026-02-17T03:33:08,user430,/api/download,3492,200
2026-02-17T16:42:00,user215,/api/notifications,224,200
2026-02-17T13:22:14,user324,/api/logout,488,200
2026-02-17T05:54:25,user217,/api/download,3200,200
2026-02-17T21:29:52,user13,/api/payments,462,400
2026-02-17T18:16:45,user1,/api/orders,525,200
2026-02-17T17:59:39,user187,/api/reports,398,200
2026-02-17T05:21:06,user123,/api/analytics,740,200
2026-02-17T22:43:05,user29,/api/upload,3031,200
2026-02-17T03:35:18,user219,/api/download,2343,503
2026-02-17T04:49:31,user218,/api/download,595,502
2026-02-17T11:39:16,user470,/api/users,178,503
2026-02-17T09:22:44,user305,/api/settings,428,403
2026-02-17T11:20:56,user317,/api/users,436,503
2026-02-17T01:49:40,user111,/api/upload,2592,200
2026-02-17T04:47:22,user282,/api/payments,349,404
2026-02-17T20:21:57,user373,/api/notifications,102,200
2026-02-17T01:20:10,user16,/api/search,1319,502
2026-02-17T06:00:46,user288,/api/settings,352,401
2026-02-17T09:05:49,user92,/api/notifications,315,201
2026-02-17T08:14:24,user283,/api/products,117,200
2026-02-17T01:17:41,user278,/api/settings,50,200
2026-02-17T18:49:52,user191,/api/profile,244,200
2026-02-17T03:41:45,user378,/api/products,242,301
2026-02-17T08:00:08,user188,/api/analytics,1476,404
2026-02-17T16:05:53,user358,/api/upload,1065,201
2026-02-17T06:21:29,user79,/api/analytics,260,200
2026-02-17T15:24:49,user141,/api/login,180,500
2026-02-17T05:37:23,user58,/api/profile,223,403
2026-02-17T16:53:44,user71,/api/orders,489,200
2026-02-17T00:54:30,user320,/api/products,450,503
2026-02-17T06:16:29,user386,/api/profile,335,200
2026-02-17T06:41:57,user380,/api/analytics,1398,400
2026-02-17T20:24:17,user419,/api/reports,373,201
2026-02-17T04:17:01,user348,/api/search,481,400
2026-02-17T00:44:33,user343,/api/dashboard,103,201
2026-02-17T14:55:29,user182,/api/download,2447,502
2026-02-17T09:20:12,user36,/api/reports,411,502
2026-02-17T13:05:47,user353,/api/upload,3021,201
2026-02-17T22:22:44,user281,/api/download,2549,400
2026-02-17T21:25:47,user439,/api/login,312,500
2026-02-17T23:11:04,user146,/api/profile,261,502
2026-02-17T01:09:20,user267,/api/notifications,271,400
2026-02-17T17:57:46,user34,/api/notifications,123,200
2026-02-17T17:06:28,user5,/api/profile,250,502
2026-02-17T19:31:09,user233,/api/notifications,408,201
2026-02-17T10:38:20,user30,/api/reports,189,301
2026-02-17T19:59:00,user48,/api/analytics,949,503
2026-02-17T22:36:33,user408,/api/analytics,747,301
2026-02-17T10:43:57,user151,/api/analytics,1171,200
2026-02-17T08:03:03,user256,/api/dashboard,69,500
2026-02-17T09:18:18,user460,/api/analytics,350,401
2026-02-17T09:44:57,user352,/api/orders,173,200
2026-02-17T04:09:58,user219,/api/settings,203,200
2026-02-17T03:41:17,user11,/api/logout,58,503
2026-02-17T18:12:19,user318,/api/logout,164,200
2026-02-17T19:03:33,user493,/api/products,411,200
2026-02-17T02:05:19,user244,/api/products,393,404
2026-02-17T13:51:31,user282,/api/profile,440,200
2026-02-17T08:06:58,user283,/api/notifications,284,200
2026-02-17T01:34:42,user420,/api/users,464,200
2026-02-17T21:32:01,user252,/api/orders,339,500
2026-02-17T14:02:42,user454,/api/products,259,200
2026-02-17T09:30:56,user113,/api/settings,295,200
2026-02-17T16:27:59,user12,/api/logout,326,403
2026-02-17T05:27:28,user372,/api/profile,202,301
2026-02-17T16:06:46,user463,/api/login,302,403
2026-02-17T09:12:51,user156,/api/orders,59,301
2026-02-17T06:51:06,user406,/api/dashboard,386,200
2026-02-17T18:55:10,user369,/api/payments,425,500
2026-02-17T10:54:40,user265,/api/login,273,200
2026-02-17T14:26:58,user341,/api/orders,382,401
2026-02-17T04:04:57,user499,/api/profile,154,404
2026-02-17T02:50:28,user406,/api/payments,172,400
2026-02-17T18:07:30,user330,/api/dashboard,183,400
2026-02-17T08:45:42,user479,/api/upload,2524,200
2026-02-17T23:12:46,user212,/api/dashboard,413,200
2026-02-17T00:20:56,user298,/api/users,411,403
2026-02-17T19:12:59,user190,/api/upload,1559,403
2026-02-17T13:53:24,user418,/api/search,1688,502
2026-02-17T06:11:15,user136,/api/payments,297,403
2026-02-17T21:44:20,user378,/api/settings,124,200
2026-02-17T14:49:11,user334,/api/payments,449,401
2026-02-17T05:25:56,user217,/api/profile,86,200
2026-02-17T23:58:24,user382,/api/settings,145,200
2026-02-17T22:47:10,user18,/api/search,1123,200
2026-02-17T12:46:17,user266,/api/upload,1962,301
2026-02-17T23:48:44,user429,/api/upload,522,200
2026-02-17T11:01:27,user461,/api/logout,85,201
2026-02-17T18:30:52,user401,/api/notifications,121,401
2026-02-17T15:31:19,user385,/api/search,893,401
2026-02-17T08:35:03,user3,/api/login,229,503
2026-02-17T08:24:10,user135,/api/download,1990,400
2026-02-17T21:56:58,user466,/api/reports,339,201
2026-02-17T18:42:44,user459,/api/download,3194,200
2026-02-17T04:03:41,user391,/api/analytics,416,301
2026-02-17T21:50:09,user390,/api/download,3118,200
2026-02-17T13:57:26,user39,/api/notifications,401,500
2026-02-17T07:08:16,user419,/api/notifications,448,301
2026-02-17T20:56:12,user435,/api/profile,302,400
2026-02-17T16:30:19,user273,/api/analytics,1678,200
2026-02-17T09:27:33,user427,/api/orders,255,200
2026-02-17T13:50:38,user422,/api/search,1263,200
2026-02-17T11:25:27,user6,/api/reports,445,301
2026-02-17T04:24:15,user247,/api/notifications,403,200
2026-02-17T17:00:53,user203,/api/users,499,503
2026-02-17T21:40:39,user376,/api/logout,483,200
2026-02-17T21:19:23,user414,/api/download,1598,503
2026-02-17T15:44:51,user209,/api/upload,3239,502
2026-02-17T22:45:03,user270,/api/notifications,358,401
2026-02-17T09:29:26,user150,/api/login,61,404
2026-02-17T13:12:40,user322,/api/profile,176,200
2026-02-17T08:09:28,user167,/api/download,1398,201
2026-02-17T15:51:12,user92,/api/login,485,200
2026-02-17T20:34:58,user466,/api/settings,82,502
2026-02-17T02:33:27,user409,/api/login,386,404
2026-02-17T21:14:38,user302,/api/logout,417,403
2026-02-17T20:34:43,user77,/api/analytics,1660,200
2026-02-17T16:52:27,user116,/api/login,357,400
2026-02-17T14:12:34,user280,/api/search,1419,503
2026-02-17T11:53:55,user397,/api/download,1330,200
2026-02-17T11:28:13,user428,/api/search,869,301
2026-02-17T01:13:25,user77,/api/settings,118,502
2026-02-17T20:17:15,user496,/api/notifications,262,200
2026-02-17T07:18:16,user413,/api/orders,178,400
2026-02-17T13:52:29,user131,/api/search,1274,200
2026-02-17T16:50:11,user481,/api/search,1548,200
2026-02-17T12:12:07,user299,/api/orders,93,503
2026-02-17T10:43:27,user378,/api/analytics,813,200
2026-02-17T19:32:42,user423,/api/products,460,403
2026-02-17T11:12:19,user10,/api/users,139,200
2026-02-17T13:47:15,user428,/api/reports,81,502
2026-02-17T02:29:24,user164,/api/profile,352,404
2026-02-17T10:38:00,user449,/api/upload,1107,404
2026-02-17T02:13:56,user380,/api/settings,498,401
2026-02-17T07:06:13,user230,/api/notifications,358,502
2026-02-17T11:04:28,user152,/api/notifications,451,201
2026-02-17T23:17:16,user164,/api/upload,2340,301
2026-02-17T12:46:17,user233,/api/products,178,503
2026-02-17T10:31:21,user295,/api/login,444,201
2026-02-17T04:58:27,user245,/api/dashboard,197,201
2026-02-17T01:16:05,user102,/api/orders,140,301
2026-02-17T15:51:21,user134,/api/dashboard,341,404
2026-02-17T16:01:46,user366,/api/profile,164,200
2026-02-17T06:52:19,user391,/api/profile,273,200
2026-02-17T03:05:40,user333,/api/analytics,992,200
2026-02-17T22:47:56,user247,/api/dashboard,529,500
2026-02-17T19:30:01,user182,/api/settings,51,200
2026-02-17T01:30:09,user3,/api/users,368,502
2026-02-17T11:44:50,user183,/api/products,93,401
2026-02-17T12:30:04,user1,/api/products,261,502
2026-02-17T18:37:06,user35,/api/search,1476,404
2026-02-17T07:04:41,user199,/api/download,3423,200
2026-02-17T09:51:41,user202,/api/profile,470,404
2026-02-17T05:06:14,user498,/api/users,319,401
2026-02-17T14:50:19,user335,/api/profile,356,503
2026-02-17T10:04:30,user329,/api/download,2489,200
2026-02-17T07:21:37,user18,/api/upload,1596,200
2026-02-17T13:42:32,user434,/api/analytics,1145,301
2026-02-17T13:28:21,user94,/api/logout,92,401
2026-02-17T01:45:27,user152,/api/users,473,201
2026-02-17T01:28:50,user241,/api/search,1379,200
2026-02-17T18:45:20,user340,/api/payments,374,201
2026-02-17T16:57:24,user211,/api/settings,83,200
2026-02-17T22:59:13,user371,/api/download,2660,404
2026-02-17T16:04:19,user217,/api/upload,2626,500
2026-02-17T12:34:39,user235,/api/orders,208,200
2026-02-17T14:25:50,user255,/api/download,1037,201
2026-02-17T20:37:25,user274,/api/analytics,461,502
2026-02-17T01:30:33,user162,/api/download,583,200
2026-02-17T12:53:19,user40,/api/reports,399,503
2026-02-17T05:45:57,user92,/api/dashboard,271,200
2026-02-17T03:51:35,user247,/api/orders,162,200
2026-02-17T13:22:10,user451,/api/login,533,404
2026-02-17T10:47:48,user382,/api/payments,502,400
2026-02-17T09:12:44,user163,/api/payments,142,401
2026-02-17T14:14:29,user470,/api/settings,332,200
2026-02-17T05:45:57,user251,/api/notifications,473,503
2026-02-17T00:52:38,user298,/api/dashboard,494,403
2026-02-17T04:16:08,user347,/api/settings,290,404
2026-02-17T13:32:51,user345,/api/reports,459,200
2026-02-17T13:07:44,user312,/api/profile,522,201
2026-02-17T19:46:40,user77,/api/logout,209,404
2026-02-17T16:18:20,user86,/api/reports,473,403
2026-02-17T04:58:48,user164,/api/upload,2612,401
2026-02-17T01:12:17,user162,/api/dashboard,135,200
2026-02-17T01:21:21,user199,/api/dashboard,160,400
2026-02-17T20:48:14,user161,/api/settings,171,404
2026-02-17T20:06:33,user189,/api/upload,765,401
2026-02-17T07:23:02,user387,/api/reports,193,201
2026-02-17T21:45:27,user473,/api/analytics,977,200
2026-02-17T18:00:00,user420,/api/upload,570,200
2026-02-17T00:50:30,user19,/api/profile,248,400
2026-02-17T19:43:39,user53,/api/download,2576,200
2026-02-17T23:48:13,user450,/api/settings,172,502
2026-02-17T18:38:00,user277,/api/dashboard,109,502
2026-02-17T09:24:30,user389,/api/logout,221,201
2026-02-17T09:23:15,user446,/api/payments,427,201
2026-02-17T08:03:23,user11,/api/settings,328,200
2026-02-17T22:07:16,user86,/api/reports,259,200
2026-02-17T03:58:21,user421,/api/products,305,503
2026-02-17T02:38:47,user264,/api/settings,448,200
2026-02-17T02:35:42,user494,/api/profile,304,200
2026-02-17T17:09:50,user199,/api/orders,540,401
2026-02-17T00:30:13,user391,/api/products,428,500
2026-02-17T22:27:02,user395,/api/settings,469,403
2026-02-17T13:22:18,user275,/api/users,311,500
2026-02-17T21:00:48,user249,/api/notifications,513,200
2026-02-17T04:03:02,user245,/api/notifications,357,503
2026-02-17T02:47:07,user127,/api/products,491,200
2026-02-17T06:11:59,user403,/api/dashboard,478,301
2026-02-17T01:55:32,user421,/api/orders,258,200
2026-02-17T13:03:42,user345,/api/notifications,534,301
2026-02-17T15:00:08,user87,/api/reports,490,200
2026-02-17T18:03:31,user312,/api/reports,128,502
2026-02-17T04:04:28,user104,/api/login,292,503
2026-02-17T13:42:44,user180,/api/users,89,503
2026-02-17T06:54:49,user269,/api/login,246,503
2026-02-17T07:02:42,user281,/api/settings,519,400
2026-02-17T01:45:24,user423,/api/orders,354,400
2026-02-17T19:28:06,user481,/api/users,270,404
2026-02-17T03:34:56,user6,/api/orders,458,200
2026-02-17T03:01:56,user374,/api/upload,2051,503
2026-02-17T16:51:41,user465,/api/orders,367,301
2026-02-17T19:03:19,user249,/api/login,247,404
2026-02-17T21:59:00,user138,/api/upload,517,200
2026-02-17T13:32:21,user172,/api/notifications,323,200
2026-02-17T13:50:18,user97,/api/logout,531,200
2026-02-17T14:00:47,user18,/api/search,1092,200
2026-02-17T23:21:50,user412,/api/notifications,474,400
2026-02-17T17:58:04,user313,/api/search,899,403
2026-02-17T09:52:01,user19,/api/reports,469,200
2026-02-17T12:20:29,user309,/api/payments,531,500
2026-02-17T15:21:11,user326,/api/profile,422,200
2026-02-17T17:31:45,user391,/api/dashboard,163,200
2026-02-17T02:11:49,user387,/api/login,404,404
2026-02-17T07:42:15,user330,/api/notifications,390,400
2026-02-17T00:55:26,user288,/api/settings,409,503
2026-02-17T13:38:01,user144,/api/profile,173,200
2026-02-17T16:29:43,user96,/api/users,487,404
2026-02-17T10:20:53,user316,/api/payments,301,500
2026-02-17T05:51:01,user79,/api/settings,111,502
2026-02-17T20:11:35,user357,/api/orders,190,200
2026-02-17T22:55:08,user18,/api/notifications,276,400
2026-02-17T07:04:12,user463,/api/profile,240,403
2026-02-17T12:59:38,user450,/api/payments,412,201
2026-02-17T04:32:17,user379,/api/upload,2904,200
2026-02-17T17:26:06,user450,/api/products,325,200
2026-02-17T14:33:46,user255,/api/profile,325,400
2026-02-17T05:46:00,user259,/api/login,95,200
2026-02-17T05:58:25,user415,/api/profile,422,500
2026-02-17T01:19:46,user24,/api/dashboard,389,201
2026-02-17T17:06:15,user177,/api/notifications,79,200
2026-02-17T06:22:52,user499,/api/notifications,235,200
2026-02-17T12:49:35,user149,/api/login,197,200
2026-02-17T03:14:10,user277,/api/search,396,200
2026-02-17T04:15:07,user388,/api/upload,720,200
2026-02-17T12:35:15,user444,/api/login,498,200
2026-02-17T18:45:05,user354,/api/notifications,333,301
2026-02-17T23:13:19,user340,/api/users,364,500
2026-02-17T19:15:44,user22,/api/download,1579,200
2026-02-17T16:59:22,user207,/api/users,86,400
2026-02-17T20:45:41,user323,/api/upload,3302,401
2026-02-17T11:47:26,user302,/api/reports,295,200
2026-02-17T04:51:56,user66,/api/notifications,244,200
2026-02-17T03:44:21,user110,/api/login,468,404
2026-02-17T04:30:56,user499,/api/orders,65,401
2026-02-17T04:32:53,user336,/api/users,230,301
2026-02-17T20:49:59,user12,/api/upload,1607,502
2026-02-17T23:57:08,user12,/api/dashboard,356,200
2026-02-17T22:52:47,user96,/api/products,515,401
2026-02-17T05:09:57,user459,/api/search,389,301
2026-02-17T22:21:42,user451,/api/profile,546,200
2026-02-17T19:18:40,user315,/api/search,641,200
2026-02-17T06:01:26,user141,/api/download,2771,200
2026-02-17T15:32:16,user140,/api/dashboard,131,200
2026-02-17T21:29:11,user390,/api/settings,338,200
2026-02-17T18:35:18,user300,/api/logout,504,404
2026-02-17T22:26:09,user128,/api/payments,332,502
2026-02-17T12:09:57,user480,/api/payments,275,200
2026-02-17T19:27:46,user124,/api/products,350,404
2026-02-17T09:55:03,user67,/api/notifications,221,401
2026-02-17T14:56:15,user138,/api/reports,450,503
2026-02-17T01:37:15,user405,/api/download,2103,200
2026-02-17T03:57:22,user274,/api/profile,350,502
2026-02-17T12:42:08,user194,/api/login,231,200
2026-02-17T19:52:55,user95,/api/users,112,200
2026-02-17T22:40:56,user79,/api/notifications,190,301
2026-02-17T01:36:49,user334,/api/orders,429,401
2026-02-17T19:28:01,user76,/api/reports,205,200
2026-02-17T01:36:55,user275,/api/users,60,401
2026-02-17T19:23:22,user340,/api/users,349,404
2026-02-17T02:26:21,user302,/api/logout,381,200
2026-02-17T06:41:37,user222,/api/logout,230,503
2026-02-17T04:50:00,user443,/api/notifications,108,200
2026-02-17T10:08:32,user6,/api/search,1262,200
2026-02-17T06:22:35,user16,/api/profile,164,200
2026-02-17T02:22:16,user217,/api/orders,458,404
2026-02-17T17:26:43,user249,/api/download,1129,403
2026-02-17T04:06:31,user91,/api/analytics,1561,404
2026-02-17T02:59:14,user363,/api/notifications,304,503
2026-02-17T06:15:10,user429,/api/profile,290,401
2026-02-17T03:12:17,user325,/api/profile,489,503
2026-02-17T18:49:26,user151,/api/logout,57,503
2026-02-17T11:10:02,user162,/api/login,74,200
2026-02-17T15:11:56,user470,/api/dashboard,249,400
2026-02-17T01:59:13,user38,/api/dashboard,98,401
2026-02-17T01:14:37,user299,/api/analytics,1206,502
2026-02-17T21:20:13,user86,/api/orders,68,200
2026-02-17T20:13:00,user201,/api/dashboard,243,200
2026-02-17T12:46:48,user33,/api/orders,102,200
2026-02-17T09:49:47,user62,/api/dashboard,506,403
2026-02-17T01:19:15,user433,/api/settings,424,503
2026-02-17T15:41:46,user17,/api/reports,445,400
2026-02-17T21:01:15,user346,/api/download,2865,400
2026-02-17T11:34:40,user157,/api/payments,314,301
2026-02-17T21:08:21,user116,/api/profile,205,404
2026-02-17T00:59:02,user19,/api/analytics,1289,502
2026-02-17T21:08:58,user394,/api/download,879,200
2026-02-17T22:58:39,user172,/api/orders,185,200
2026-02-17T14:11:22,user373,/api/upload,1634,401
2026-02-17T15:28:41,user242,/api/settings,77,200
2026-02-17T05:08:29,user468,/api/products,94,502
2026-02-17T13:20:51,user411,/api/settings,309,503
2026-02-17T16:11:22,user218,/api/users,383,401
2026-02-17T22:15:21,user247,/api/settings,506,503
2026-02-17T05:50:31,user140,/api/upload,2700,401
2026-02-17T08:05:29,user416,/api/login,88,401
2026-02-17T23:07:13,user86,/api/reports,299,502
2026-02-17T01:39:29,user302,/api/profile,363,400
2026-02-17T10:15:39,user385,/api/orders,67,500
2026-02-17T04:54:05,user246,/api/dashboard,362,502
2026-02-17T06:06:41,user237,/api/dashboard,149,404
2026-02-17T11:11:31,user173,/api/products,152,401
2026-02-17T00:21:54,user354,/api/login,196,502
2026-02-17T08:07:02,user280,/api/reports,221,400
2026-02-17T13:50:21,user437,/api/reports,420,502
2026-02-17T21:14:24,user101,/api/payments,58,200
2026-02-17T07:05:31,user378,/api/reports,497,201
2026-02-17T22:05:54,user329,/api/profile,494,400
2026-02-17T17:35:20,user259,/api/profile,405,502
2026-02-17T22:45:13,user245,/api/upload,3242,301
2026-02-17T09:14:18,user5,/api/logout,106,502
2026-02-17T03:24:06,user308,/api/payments,405,403
2026-02-17T11:50:33,user69,/api/profile,527,200
2026-02-17T02:08:04,user10,/api/upload,1181,502
2026-02-17T00:12:01,user391,/api/settings,293,502
2026-02-17T13:48:04,user368,/api/dashboard,327,200
2026-02-17T02:15:02,user270,/api/download,1132,301
2026-02-17T16:45:29,user326,/api/orders,429,200
2026-02-17T21:43:02,user100,/api/analytics,722,404
2026-02-17T14:52:03,user56,/api/settings,96,401
2026-02-17T21:43:41,user234,/api/download,3470,200
2026-02-17T11:09:56,user113,/api/logout,326,200
2026-02-17T20:46:42,user321,/api/orders,160,200
2026-02-17T10:04:59,user496,/api/upload,526,503
2026-02-17T17:52:35,user388,/api/users,319,200
2026-02-17T20:16:33,user13,/api/products,151,301
2026-02-17T13:29:50,user106,/api/settings,473,200
2026-02-17T17:07:42,user148,/api/notifications,335,200
2026-02-17T01:51:31,user330,/api/upload,3156,500
2026-02-17T19:35:52,user110,/api/dashboard,241,200
2026-02-17T05:35:11,user488,/api/login,514,200
2026-02-17T18:28:18,user200,/api/payments,448,301
2026-02-17T12:51:46,user382,/api/products,101,200
2026-02-17T00:53:19,user30,/api/logout,109,200
2026-02-17T02:41:00,user140,/api/dashboard,219,200
2026-02-17T14:35:37,user394,/api/settings,419,400
2026-02-17T09:10:54,user287,/api/products,512,301
2026-02-17T10:56:41,user251,/api/search,1159,403
2026-02-17T05:09:56,user274,/api/users,121,201
2026-02-17T20:17:31,user268,/api/users,430,401
2026-02-17T21:12:22,user446,/api/settings,82,403
2026-02-17T19:15:52,user476,/api/dashboard,259,400
2026-02-17T17:35:51,user328,/api/profile,71,200
2026-02-17T15:01:00,user289,/api/orders,334,500
2026-02-17T05:16:18,user459,/api/settings,492,200
2026-02-17T06:24:38,user86,/api/profile,319,200
2026-02-17T02:10:38,user380,/api/search,494,301
2026-02-17T17:46:00,user334,/api/products,185,201
2026-02-17T08:46:27,user40,/api/notifications,301,200
2026-02-17T14:32:49,user355,/api/notifications,104,400
2026-02-17T00:54:44,user56,/api/search,1328,200
2026-02-17T20:49:11,user490,/api/orders,500,500
2026-02-17T12:10:28,user445,/api/logout,439,200
2026-02-17T04:02:10,user273,/api/settings,136,200
2026-02-17T01:45:51,user253,/api/profile,178,200
2026-02-17T12:43:41,user36,/api/upload,3422,301
2026-02-17T17:04:56,user91,/api/users,180,200
2026-02-17T04:10:17,user188,/api/profile,143,200
2026-02-17T06:56:35,user37,/api/reports,409,200
2026-02-17T03:37:43,user322,/api/products,380,503
2026-02-17T02:05:20,user158,/api/logout,339,200
2026-02-17T12:55:24,user428,/api/logout,182,200
2026-02-17T13:41:03,user178,/api/profile,103,200
2026-02-17T01:52:07,user126,/api/products,209,200
2026-02-17T08:07:43,user305,/api/logout,267,201
2026-02-17T10:11:22,user494,/api/download,1311,201
2026-02-17T13:03:01,user369,/api/users,279,403
2026-02-17T06:48:55,user389,/api/products,435,200
2026-02-17T02:41:38,user66,/api/payments,210,503
2026-02-17T02:12:46,user85,/api/analytics,366,200
2026-02-17T23:30:41,user109,/api/download,658,502
2026-02-17T06:10:53,user247,/api/download,1922,403
2026-02-17T15:38:38,user147,/api/search,236,301
2026-02-17T08:27:24,user254,/api/settings,68,403
2026-02-17T09:17:06,user63,/api/settings,274,403
2026-02-17T01:14:59,user490,/api/reports,496,403
2026-02-17T20:00:27,user413,/api/search,1667,201
2026-02-17T08:46:36,user284,/api/upload,1767,200
2026-02-17T22:26:29,user154,/api/products,540,401
2026-02-17T05:24:35,user407,/api/orders,351,200
2026-02-17T01:45:46,user178,/api/orders,212,200
2026-02-17T07:31:38,user422,/api/payments,424,301
2026-02-17T01:09:07,user217,/api/notifications,266,404
2026-02-17T18:25:09,user352,/api/download,2549,503
2026-02-17T22:53:23,user178,/api/download,941,200
2026-02-17T13:12:03,user191,/api/upload,2560,400
2026-02-17T08:49:38,user29,/api/search,894,200
2026-02-17T17:13:26,user158,/api/upload,1168,200
2026-02-17T11:15:54,user368,/api/login,215,200
2026-02-17T02:27:26,user432,/api/profile,332,200
2026-02-17T20:32:28,user438,/api/users,59,500
2026-02-17T08:00:35,user317,/api/users,245,200
2026-02-17T06:59:29,user120,/api/logout,512,500
2026-02-17T17:10:10,user378,/api/download,1469,500
2026-02-17T21:26:23,user359,/api/logout,512,301
2026-02-17T05:31:23,user298,/api/reports,252,200
2026-02-17T05:37:35,user54,/api/download,1699,301
2026-02-17T06:15:00,user75,/api/dashboard,173,301
2026-02-17T04:10:22,user135,/api/settings,251,200
2026-02-17T13:11:55,user228,/api/upload,2139,404
2026-02-17T04:40:16,user188,/api/products,427,404
2026-02-17T23:10:01,user391,/api/dashboard,465,301
2026-02-17T10:53:37,user225,/api/analytics,598,200
2026-02-17T00:56:36,user194,/api/dashboard,439,200
2026-02-17T17:01:24,user392,/api/dashboard,187,201
2026-02-17T02:40:47,user195,/api/logout,104,400
2026-02-17T21:40:45,user284,/api/dashboard,185,403
2026-02-17T12:07:20,user243,/api/search,285,200
2026-02-17T03:03:38,user381,/api/settings,120,400
2026-02-17T11:09:37,user380,/api/upload,3474,500
2026-02-17T18:24:06,user128,/api/orders,421,403
2026-02-17T12:05:17,user472,/api/download,1328,200
2026-02-17T18:32:29,user269,/api/payments,137,200
2026-02-17T23:03:37,user44,/api/products,498,200
2026-02-17T13:16:12,user250,/api/logout,365,500
2026-02-17T20:09:20,user352,/api/reports,547,201
2026-02-17T07:59:39,user461,/api/orders,167,503
2026-02-17T18:42:06,user131,/api/download,1483,503
2026-02-17T05:39:18,user64,/api/upload,3468,400
2026-02-17T19:51:53,user42,/api/logout,213,502
2026-02-17T12:22:15,user205,/api/logout,211,301
2026-02-17T10:31:50,user45,/api/logout,401,401
2026-02-17T20:48:15,user87,/api/profile,270,502
2026-02-17T12:19:00,user343,/api/login,245,503
2026-02-17T23:10:02,user462,/api/login,144,200
2026-02-17T14:20:06,user8,/api/payments,440,404
2026-02-17T03:00:00,user162,/api/analytics,650,400
2026-02-17T02:07:47,user95,/api/analytics,1155,201
2026-02-17T01:05:05,user334,/api/orders,312,400
2026-02-17T14:30:53,user44,/api/users,511,400
2026-02-17T19:24:31,user468,/api/orders,359,503
2026-02-17T22:19:07,user188,/api/orders,85,301
2026-02-17T11:55:25,user71,/api/upload,2583,200
2026-02-17T07:03:52,user388,/api/download,2523,400
2026-02-17T16:20:52,user143,/api/profile,458,200
2026-02-17T07:56:38,user478,/api/reports,151,200
2026-02-17T08:42:35,user372,/api/login,174,400
2026-02-17T03:56:40,user311,/api/users,81,200
2026-02-17T08:24:18,user425,/api/settings,115,200
2026-02-17T13:45:08,user176,/api/download,1013,403
2026-02-17T06:56:35,user416,/api/payments,316,200
2026-02-17T19:38:46,user68,/api/settings,365,404
2026-02-17T09:17:01,user391,/api/reports,315,500
2026-02-17T19:55:31,user352,/api/download,823,200
2026-02-17T22:24:58,user481,/api/search,914,200
2026-02-17T10:12:16,user99,/api/analytics,775,200
2026-02-17T23:07:16,user128,/api/login,82,404
2026-02-17T23:33:59,user55,/api/login,306,200
2026-02-17T12:30:56,user430,/api/payments,351,502
2026-02-17T08:12:12,user180,/api/analytics,1211,502
2026-02-17T12:14:39,user299,/api/upload,2478,404
2026-02-17T16:39:26,user352,/api/products,374,201
2026-02-17T00:39:52,user62,/api/products,310,403
2026-02-17T23:28:15,user419,/api/search,877,200
2026-02-17T09:47:46,user310,/api/analytics,1421,401
2026-02-17T12:27:13,user66,/api/dashboard,196,500
2026-02-17T03:53:02,user201,/api/login,155,200
2026-02-17T13:42:39,user91,/api/dashboard,96,502
2026-02-17T18:51:13,user376,/api/download,1121,403
2026-02-17T20:17:57,user409,/api/products,133,200
2026-02-17T14:31:47,user500,/api/download,2405,400
2026-02-17T15:24:58,user332,/api/upload,1851,500
2026-02-17T08:51:51,user382,/api/upload,2018,200
2026-02-17T06:57:45,user393,/api/orders,323,200
2026-02-17T20:21:32,user233,/api/settings,82,400
2026-02-17T06:57:47,user20,/api/settings,52,503
2026-02-17T07:19:55,user30,/api/search,1049,502
2026-02-17T05:44:17,user394,/api/profile,481,404
2026-02-17T16:27:05,user208,/api/orders,542,404
2026-02-17T00:25:20,user282,/api/search,492,404
2026-02-17T23:28:30,user41,/api/payments,481,200
2026-02-17T00:20:49,user72,/api/logout,512,404
2026-02-17T09:37:21,user402,/api/search,831,404
2026-02-17T13:39:35,user65,/api/analytics,794,301
2026-02-17T07:12:19,user259,/api/payments,373,404
2026-02-17T20:49:28,user88,/api/profile,57,201
2026-02-17T11:19:36,user433,/api/upload,1717,200
2026-02-17T20:38:29,user264,/api/download,1131,502
2026-02-17T20:42:40,user76,/api/analytics,208,503
2026-02-17T15:40:35,user477,/api/search,756,301
2026-02-17T08:47:01,user281,/api/search,993,400
2026-02-17T18:06:08,user275,/api/download,1896,200
2026-02-17T09:11:06,user102,/api/download,535,400
2026-02-17T03:58:14,user396,/api/payments,240,201
2026-02-17T19:32:01,user357,/api/users,261,201
2026-02-17T23:20:36,user399,/api/download,1655,200
2026-02-17T16:41:45,user90,/api/notifications,229,400
2026-02-17T20:35:21,user375,/api/search,1292,403
2026-02-17T13:25:05,user329,/api/dashboard,209,400
2026-02-17T04:42:10,user258,/api/login,441,503
2026-02-17T22:34:30,user481,/api/settings,524,301
2026-02-17T00:34:16,user336,/api/upload,2910,200
2026-02-17T01:11:48,user428,/api/upload,2478,403
2026-02-17T05:49:54,user325,/api/dashboard,123,200
2026-02-17T20:08:19,user400,/api/reports,313,301
2026-02-17T01:33:23,user487,/api/search,1557,401
2026-02-17T10:35:18,user467,/api/download,731,400
2026-02-17T07:14:11,user256,/api/logout,454,401
2026-02-17T09:45:28,user336,/api/logout,293,301
2026-02-17T00:53:17,user226,/api/upload,2703,403
2026-02-17T05:34:57,user370,/api/reports,173,503
2026-02-17T21:55:09,user224,/api/login,348,301
2026-02-17T05:46:48,user220,/api/search,1272,401
2026-02-17T00:15:28,user336,/api/login,262,401
2026-02-17T09:44:29,user219,/api/upload,1413,200
2026-02-17T05:42:55,user474,/api/search,727,200
2026-02-17T23:58:31,user323,/api/orders,493,200
2026-02-17T20:35:00,user198,/api/users,449,200
2026-02-17T11:59:02,user25,/api/login,188,502
2026-02-17T09:33:11,user391,/api/profile,494,403
2026-02-17T16:40:11,user379,/api/download,1477,401
2026-02-17T16:03:57,user261,/api/analytics,1196,200
2026-02-17T07:57:30,user337,/api/products,288,401
2026-02-17T05:57:51,user431,/api/analytics,306,503
2026-02-17T08:17:26,user32,/api/search,621,502
2026-02-17T08:32:36,user207,/api/orders,100,200
2026-02-17T09:59:15,user489,/api/logout,275,401
2026-02-17T20:33:57,user275,/api/products,79,200
2026-02-17T04:09:18,user83,/api/users,88,201
2026-02-17T16:53:45,user405,/api/notifications,391,200
2026-02-17T09:50:04,user118,/api/notifications,506,500
2026-02-17T23:47:59,user242,/api/analytics,795,201
2026-02-17T11:13:16,user316,/api/logout,332,400
2026-02-17T16:04:01,user409,/api/analytics,651,201
2026-02-17T05:33:31,user171,/api/dashboard,160,502
2026-02-17T12:09:13,user350,/api/dashboard,307,503
2026-02-17T21:56:03,user58,/api/logout,83,200
2026-02-17T18:01:59,user393,/api/users,321,200
2026-02-17T01:25:18,user413,/api/products,386,200
2026-02-17T22:14:12,user259,/api/login,382,400
2026-02-17T20:18:25,user438,/api/orders,353,200
2026-02-17T03:31:29,user447,/api/profile,146,503
2026-02-17T18:42:07,user198,/api/settings,468,301
2026-02-17T06:44:13,user497,/api/search,1243,400
2026-02-17T06:56:54,user378,/api/logout,227,404
2026-02-17T18:47:12,user404,/api/upload,1599,301
2026-02-17T09:17:27,user239,/api/upload,2649,503
2026-02-17T13:43:51,user204,/api/upload,3170,200
2026-02-17T15:30:33,user185,/api/logout,289,401
2026-02-17T00:21:44,user464,/api/profile,106,301
2026-02-17T19:47:06,user254,/api/settings,499,201
2026-02-17T13:16:30,user268,/api/reports,501,200
2026-02-17T21:59:12,user212,/api/dashboard,288,200
2026-02-17T21:17:27,user293,/api/profile,349,400
2026-02-17T13:57:56,user96,/api/logout,544,503
2026-02-17T12:56:57,user85,/api/search,620,404
2026-02-17T21:52:07,user215,/api/search,1674,502
2026-02-17T20:54:13,user384,/api/analytics,1443,200
2026-02-17T05:30:44,user179,/api/logout,490,200
2026-02-17T12:37:26,user8,/api/download,2839,400
2026-02-17T10:09:31,user85,/api/orders,81,500
2026-02-17T19:37:18,user382,/api/search,577,403
2026-02-17T12:19:31,user416,/api/search,613,200
2026-02-17T17:30:05,user211,/api/download,995,301
2026-02-17T05:49:42,user338,/api/upload,1258,404
2026-02-17T02:05:31,user23,/api/settings,172,200
2026-02-17T16:38:10,user133,/api/orders,206,500
2026-02-17T07:23:39,user251,/api/products,255,200
2026-02-17T15:09:35,user397,/api/payments,521,500
2026-02-17T14:12:58,user416,/api/payments,365,500
2026-02-17T22:51:37,user107,/api/logout,129,500
2026-02-17T16:39:02,user422,/api/analytics,1648,404
2026-02-17T02:10:22,user351,/api/analytics,801,200
2026-02-17T09:55:01,user248,/api/users,265,502
2026-02-17T12:50:07,user467,/api/products,186,401
2026-02-17T23:34:06,user490,/api/download,1786,500
2026-02-17T00:24:30,user159,/api/notifications,279,200
2026-02-17T17:43:35,user280,/api/notifications,293,200
2026-02-17T13:29:53,user14,/api/orders,195,200
2026-02-17T12:12:51,user154,/api/products,396,500
2026-02-17T10:28:05,user246,/api/analytics,1496,403
2026-02-17T19:07:48,user10,/api/upload,2401,200
2026-02-17T07:39:35,user59,/api/settings,414,301
2026-02-17T12:40:34,user252,/api/upload,2511,200
2026-02-17T18:14:50,user35,/api/settings,418,200
2026-02-17T03:38:26,user455,/api/profile,549,502
2026-02-17T23:47:47,user144,/api/notifications,465,404
2026-02-17T03:39:17,user288,/api/users,381,200
2026-02-17T04:13:29,user380,/api/search,1508,401
2026-02-17T01:46:28,user28,/api/settings,161,400
2026-02-17T04:08:46,user161,/api/users,151,500
2026-02-17T01:36:51,user82,/api/download,1870,301
2026-02-17T22:51:17,user212,/api/settings,403,200
2026-02-17T10:16:46,user76,/api/products,518,301
2026-02-17T01:21:09,user391,/api/reports,142,500
2026-02-17T22:57:49,user116,/api/orders,132,502
2026-02-17T00:13:44,user287,/api/upload,1488,403
2026-02-17T09:27:23,user55,/api/reports,235,500
2026-02-17T12:20:52,user89,/api/search,1626,401
2026-02-17T04:08:48,user179,/api/notifications,386,200
2026-02-17T13:16:39,user307,/api/orders,195,200
2026-02-17T17:12:48,user224,/api/notifications,140,301
2026-02-17T04:36:34,user233,/api/orders,418,500
2026-02-17T16:27:24,user269,/api/download,1378,400
2026-02-17T09:35:57,user289,/api/payments,90,200
2026-02-17T01:35:02,user213,/api/logout,97,200
2026-02-17T15:41:57,user497,/api/users,317,200
2026-02-17T04:30:22,user257,/api/analytics,1639,201
2026-02-17T13:28:09,user427,/api/settings,110,301
2026-02-17T02:20:56,user408,/api/notifications,410,404
2026-02-17T02:52:54,user128,/api/profile,521,404
2026-02-17T19:39:14,user213,/api/settings,114,200
2026-02-17T20:13:04,user69,/api/reports,540,200
2026-02-17T09:09:50,user474,/api/reports,529,301
2026-02-17T18:35:05,user124,/api/users,87,201
2026-02-17T17:37:27,user93,/api/profile,90,500
2026-02-17T01:08:50,user244,/api/logout,56,404
2026-02-17T21:20:34,user144,/api/orders,93,200
2026-02-17T08:14:34,user319,/api/download,1232,500
2026-02-17T23:47:28,user493,/api/settings,469,400
2026-02-17T17:32:53,user190,/api/login,363,404
2026-02-17T13:57:29,user174,/api/reports,280,503
2026-02-17T10:25:11,user155,/api/dashboard,149,301
2026-02-17T08:32:53,user361,/api/payments,359,200
2026-02-17T19:00:24,user297,/api/logout,67,404
2026-02-17T16:13:18,user304,/api/upload,650,200
2026-02-17T04:24:07,user267,/api/reports,485,401
2026-02-17T19:50:43,user209,/api/reports,52,404
2026-02-17T23:41:34,user126,/api/reports,327,404
2026-02-17T01:08:28,user355,/api/login,523,200
2026-02-17T06:37:05,user59,/api/upload,933,200
2026-02-17T21:48:24,user356,/api/orders,412,301
2026-02-17T20:52:46,user78,/api/dashboard,538,301
2026-02-17T06:53:21,user25,/api/orders,392,200
2026-02-17T23:24:14,user495,/api/profile,309,400
2026-02-17T18:57:27,user387,/api/login,320,403
2026-02-17T03:14:56,user461,/api/upload,586,403
2026-02-17T20:36:55,user322,/api/upload,588,400
2026-02-17T07:32:04,user112,/api/logout,366,200
2026-02-17T00:36:44,user491,/api/download,1271,200
2026-02-17T17:57:43,user11,/api/login,105,401
2026-02-17T17:57:46,user167,/api/upload,1498,200
2026-02-17T19:38:36,user297,/api/products,304,301
2026-02-17T08:55:01,user208,/api/settings,186,200
2026-02-17T17:16:29,user172,/api/dashboard,431,200
2026-02-17T06:47:32,user214,/api/login,220,200
2026-02-17T02:12:15,user266,/api/payments,262,500
2026-02-17T02:07:29,user345,/api/logout,113,500
2026-02-17T15:54:08,user107,/api/download,1077,201
2026-02-17T00:56:23,user40,/api/logout,308,500
2026-02-17T04:39:06,user215,/api/orders,231,200
2026-02-17T11:26:02,user471,/api/logout,414,200
2026-02-17T08:39:50,user39,/api/dashboard,268,404
2026-02-17T03:44:53,user22,/api/dashboard,359,200
2026-02-17T10:02:04,user267,/api/products,229,503
2026-02-17T13:51:54,user10,/api/logout,274,500
2026-02-17T22:13:56,user271,/api/profile,380,500
2026-02-17T11:17:10,user410,/api/search,831,200
2026-02-17T02:11:40,user211,/api/upload,2681,503
2026-02-17T19:40:30,user296,/api/logout,163,403
2026-02-17T00:22:33,user396,/api/payments,191,400
2026-02-17T22:46:42,user217,/api/profile,270,503
2026-02-17T17:28:16,user395,/api/settings,298,200
2026-02-17T00:42:16,user105,/api/notifications,90,404
2026-02-17T00:31:54,user53,/api/analytics,1395,301
2026-02-17T18:44:21,user275,/api/logout,422,401
2026-02-17T19:57:40,user44,/api/users,335,201
2026-02-17T19:06:42,user453,/api/dashboard,156,301
2026-02-17T22:41:22,user354,/api/logout,284,200
2026-02-17T07:07:17,user336,/api/upload,2176,200
2026-02-17T08:48:46,user313,/api/login,292,301
2026-02-17T09:00:40,user140,/api/products,227,200
2026-02-17T09:52:39,user482,/api/users,527,502
2026-02-17T10:59:51,user262,/api/profile,351,200
2026-02-17T04:42:07,user392,/api/search,630,400
2026-02-17T22:16:15,user485,/api/payments,223,201
2026-02-17T13:26:57,user191,/api/upload,1717,500
2026-02-17T14:29:18,user329,/api/download,585,301
2026-02-17T01:04:51,user160,/api/payments,420,400
2026-02-17T17:41:25,user50,/api/payments,424,403
2026-02-17T23:41:47,user236,/api/orders,321,201
2026-02-17T00:45:49,user166,/api/login,200,200
2026-02-17T16:26:30,user345,/api/search,846,400
2026-02-17T20:30:18,user155,/api/profile,207,200
2026-02-17T05:28:40,user272,/api/analytics,1267,301
2026-02-17T15:17:48,user316,/api/reports,250,200
2026-02-17T10:49:46,user344,/api/products,451,401
2026-02-17T20:30:40,user355,/api/users,246,200
2026-02-17T18:44:12,user341,/api/profile,490,200
2026-02-17T12:12:14,user397,/api/dashboard,490,403
2026-02-17T21:31:45,user309,/api/users,492,200
2026-02-17T11:52:47,user446,/api/settings,350,500
2026-02-17T06:19:20,user188,/api/profile,110,404
2026-02-17T05:55:46,user493,/api/users,360,400
2026-02-17T03:53:43,user166,/api/payments,210,404
2026-02-17T07:40:23,user450,/api/upload,605,301
2026-02-17T11:56:57,user80,/api/dashboard,349,200
2026-02-17T17:33:16,user77,/api/login,498,503
2026-02-17T13:57:09,user438,/api/dashboard,295,201
2026-02-17T22:36:31,user246,/api/settings,494,403
2026-02-17T13:23:28,user37,/api/search,643,200
2026-02-17T15:30:15,user66,/api/orders,454,400
2026-02-17T05:46:38,user168,/api/notifications,125,200
2026-02-17T09:45:51,user245,/api/orders,267,502
2026-02-17T16:47:30,user243,/api/orders,149,200
2026-02-17T16:01:01,user29,/api/login,247,200
2026-02-17T09:21:24,user455,/api/profile,169,200
2026-02-17T02:11:10,user468,/api/profile,543,400
2026-02-17T04:38:18,user212,/api/orders,464,200
2026-02-17T22:35:43,user256,/api/download,540,200
2026-02-17T12:09:04,user67,/api/orders,493,200
2026-02-17T12:57:22,user13,/api/settings,474,404
2026-02-17T13:11:17,user252,/api/upload,2839,201
2026-02-17T17:36:48,user7,/api/orders,324,503
2026-02-17T23:18:15,user113,/api/orders,441,200
2026-02-17T05:43:17,user317,/api/notifications,333,301
2026-02-17T20:19:52,user28,/api/products,186,403
2026-02-17T21:34:52,user461,/api/users,228,200
2026-02-17T04:16:35,user287,/api/upload,3413,404
2026-02-17T09:25:22,user205,/api/login,442,301
2026-02-17T11:54:37,user81,/api/logout,318,502
2026-02-17T10:17:14,user162,/api/upload,2307,404
2026-02-17T19:04:57,user127,/api/logout,464,401
2026-02-17T06:48:13,user453,/api/analytics,1639,502
2026-02-17T22:29:35,user239,/api/analytics,938,500
2026-02-17T00:53:39,user237,/api/dashboard,412,502
2026-02-17T14:53:49,user32,/api/settings,183,401
2026-02-17T16:00:28,user191,/api/settings,487,200
2026-02-17T12:23:15,user75,/api/users,397,200
2026-02-17T22:51:57,user376,/api/users,181,200
2026-02-17T00:36:01,user92,/api/users,481,200
2026-02-17T16:17:47,user371,/api/dashboard,95,401
2026-02-17T19:37:17,user294,/api/products,161,200
2026-02-17T06:59:49,user436,/api/notifications,477,502
2026-02-17T11:29:53,user324,/api/reports,202,200
2026-02-17T06:40:43,user388,/api/download,795,403
2026-02-17T03:15:48,user360,/api/payments,150,403
2026-02-17T00:20:02,user192,/api/profile,313,200
2026-02-17T23:58:59,user480,/api/notifications,239,403
2026-02-17T07:03:51,user70,/api/orders,316,400
2026-02-17T10:40:26,user225,/api/notifications,162,200
2026-02-17T17:29:11,user21,/api/payments,146,503
2026-02-17T06:38:18,user190,/api/profile,105,503
2026-02-17T13:41:40,user59,/api/search,206,200
2026-02-17T14:33:28,user390,/api/orders,128,502
2026-02-17T22:28:27,user115,/api/analytics,402,200
2026-02-17T05:44:00,user63,/api/profile,307,200
2026-02-17T10:59:51,user463,/api/products,316,404
2026-02-17T09:11:37,user220,/api/download,2017,502
2026-02-17T09:41:03,user251,/api/analytics,1239,502
2026-02-17T13:46:53,user278,/api/upload,1798,301
2026-02-17T16:24:48,user17,/api/settings,186,401
2026-02-17T22:07:55,user382,/api/profile,383,401
2026-02-17T15:29:42,user206,/api/dashboard,107,400
2026-02-17T08:09:17,user446,/api/login,344,200
2026-02-17T08:59:33,user133,/api/search,1274,502
2026-02-17T02:03:35,user441,/api/logout,429,404
2026-02-17T05:14:18,user419,/api/upload,1013,201
2026-02-17T23:50:22,user159,/api/dashboard,76,502
2026-02-17T05:35:01,user300,/api/notifications,439,201
2026-02-17T21:19:42,user226,/api/dashboard,65,503
2026-02-17T06:22:10,user468,/api/logout,193,200
2026-02-17T08:40:23,user301,/api/reports,85,403
2026-02-17T12:04:09,user3,/api/notifications,67,200
2026-02-17T06:50:49,user380,/api/orders,50,503
2026-02-17T10:44:12,user374,/api/download,3187,500
2026-02-17T06:08:17,user261,/api/logout,202,301
2026-02-17T02:53:30,user218,/api/notifications,338,500
2026-02-17T21:39:49,user433,/api/users,263,401
2026-02-17T21:07:44,user222,/api/settings,467,301
2026-02-17T09:30:55,user344,/api/notifications,147,200
2026-02-17T10:56:57,user26,/api/users,147,200
2026-02-17T11:29:00,user358,/api/logout,385,201
2026-02-17T10:11:07,user490,/api/login,427,502
2026-02-17T05:11:53,user33,/api/upload,2181,500
2026-02-17T01:21:47,user162,/api/login,432,200
2026-02-17T06:07:09,user153,/api/orders,229,200
2026-02-17T19:19:32,user442,/api/login,396,404
2026-02-17T14:08:26,user59,/api/notifications,344,200
2026-02-17T00:40:23,user280,/api/products,216,200
2026-02-17T09:24:47,user216,/api/dashboard,296,503
2026-02-17T16:04:01,user437,/api/users,70,200
2026-02-17T17:31:31,user113,/api/logout,319,301
2026-02-17T21:14:30,user217,/api/notifications,210,502
2026-02-17T07:18:18,user9,/api/search,488,401
2026-02-17T00:19:37,user202,/api/analytics,354,400
2026-02-17T06:11:00,user359,/api/payments,382,404
2026-02-17T22:49:03,user329,/api/orders,506,403
2026-02-17T23:22:47,user210,/api/upload,3302,200
2026-02-17T15:17:22,user186,/api/orders,185,500
2026-02-17T10:02:18,user2,/api/users,522,502
2026-02-17T11:12:09,user129,/api/analytics,708,200
2026-02-17T18:53:20,user109,/api/notifications,322,404
2026-02-17T12:52:26,user29,/api/upload,3265,503
2026-02-17T18:31:32,user134,/api/download,2713,401
2026-02-17T15:34:39,user435,/api/reports,386,301
2026-02-17T09:10:48,user284,/api/dashboard,377,403
2026-02-17T22:07:03,user381,/api/profile,266,200
2026-02-17T02:54:03,user292,/api/analytics,512,400
2026-02-17T18:12:47,user380,/api/settings,365,503
2026-02-17T11:01:25,user64,/api/logout,186,200
2026-02-17T12:55:32,user465,/api/settings,142,200
2026-02-17T11:57:36,user59,/api/logout,223,403
2026-02-17T06:07:22,user221,/api/download,1366,500
2026-02-17T19:56:05,user273,/api/reports,184,403
2026-02-17T07:17:26,user158,/api/logout,156,200
2026-02-17T11:32:37,user97,/api/analytics,1422,400
2026-02-17T20:07:27,user76,/api/reports,349,200
2026-02-17T08:25:32,user335,/api/download,575,404
2026-02-17T14:13:57,user384,/api/dashboard,272,200
2026-02-17T07:37:16,user237,/api/upload,1276,403
2026-02-17T02:57:06,user190,/api/dashboard,105,502
2026-02-17T22:07:46,user467,/api/settings,57,200
2026-02-17T12:25:01,user132,/api/profile,527,403
2026-02-17T19:51:44,user103,/api/reports,483,500
2026-02-17T19:04:25,user326,/api/dashboard,119,200
2026-02-17T17:53:34,user368,/api/analytics,1452,404
2026-02-17T08:03:25,user465,/api/notifications,176,404
2026-02-17T03:10:39,user380,/api/notifications,148,200
2026-02-17T11:11:47,user418,/api/users,324,502
2026-02-17T09:21:23,user497,/api/dashboard,387,401
2026-02-17T18:01:47,user162,/api/search,467,404
2026-02-17T11:12:21,user406,/api/orders,357,200
2026-02-17T06:49:29,user402,/api/orders,88,400
2026-02-17T16:34:50,user1,/api/login,411,502
2026-02-17T06:06:00,user350,/api/products,176,301
2026-02-17T01:25:03,user184,/api/download,2517,200
2026-02-17T20:54:50,user166,/api/dashboard,184,201
2026-02-17T07:38:50,user422,/api/download,1377,201
2026-02-17T23:54:23,user300,/api/profile,441,400
2026-02-17T10:00:27,user208,/api/search,612,404
2026-02-17T10:49:30,user48,/api/dashboard,158,401
2026-02-17T09:40:03,user231,/api/reports,418,500
2026-02-17T01:11:14,user215,/api/dashboard,134,503
2026-02-17T18:02:43,user461,/api/notifications,277,200
2026-02-17T08:38:59,user399,/api/search,1344,201
2026-02-17T15:34:00,user488,/api/login,149,403
2026-02-17T11:48:05,user422,/api/upload,1128,201
2026-02-17T13:50:02,user14,/api/dashboard,487,401
2026-02-17T02:29:36,user287,/api/download,789,200
2026-02-17T01:18:08,user156,/api/dashboard,147,502
2026-02-17T01:39:04,user364,/api/search,401,200
2026-02-17T11:08:23,user332,/api/search,1230,503
2026-02-17T05:19:12,user150,/api/analytics,640,403
2026-02-17T13:59:19,user106,/api/orders,153,200
2026-02-17T19:06:43,user86,/api/dashboard,383,201
2026-02-17T17:06:06,user228,/api/upload,611,200
2026-02-17T16:10:23,user177,/api/logout,224,403
2026-02-17T17:23:18,user29,/api/profile,271,403
2026-02-17T21:59:12,user130,/api/products,496,200
2026-02-17T18:53:41,user398,/api/profile,369,400
2026-02-17T20:04:12,user103,/api/payments,54,503
2026-02-17T20:52:11,user195,/api/reports,396,200
2026-02-17T10:40:22,user192,/api/users,171,404
2026-02-17T05:20:59,user369,/api/login,301,503
2026-02-17T10:20:15,user463,/api/products,233,400
2026-02-17T11:24:56,user193,/api/settings,205,403
2026-02-17T06:55:09,user37,/api/users,210,200
2026-02-17T17:32:16,user21,/api/notifications,294,404
2026-02-17T15:48:09,user237,/api/settings,280,503
2026-02-17T06:02:52,user149,/api/notifications,154,500
2026-02-17T15:27:55,user156,/api/products,277,401
2026-02-17T11:59:13,user29,/api/dashboard,153,200
2026-02-17T06:11:07,user252,/api/users,334,503
2026-02-17T02:55:53,user204,/api/logout,328,503
2026-02-17T00:32:30,user249,/api/settings,168,200
2026-02-17T00:50:00,user230,/api/users,548,301
2026-02-17T02:43:59,user159,/api/analytics,525,500
2026-02-17T01:42:57,user231,/api/download,1028,400
2026-02-17T11:38:59,user377,/api/orders,432,301
2026-02-17T07:27:12,user226,/api/reports,422,400
2026-02-17T23:13:35,user397,/api/users,126,200
2026-02-17T04:28:58,user418,/api/upload,1221,200
2026-02-17T09:32:31,user335,/api/orders,423,201
2026-02-17T14:01:02,user42,/api/users,50,502
2026-02-17T12:45:04,user323,/api/analytics,610,200
2026-02-17T18:52:41,user149,/api/search,1280,404
2026-02-17T08:45:36,user38,/api/products,155,200
2026-02-17T05:40:04,user53,/api/login,389,200
2026-02-17T06:52:54,user448,/api/analytics,1279,200
2026-02-17T10:03:11,user214,/api/search,612,301
2026-02-17T00:04:48,user272,/api/download,2616,200
2026-02-17T00:17:59,user373,/api/orders,389,200
2026-02-17T04:44:31,user177,/api/dashboard,408,404
2026-02-17T20:36:20,user219,/api/upload,1795,500
2026-02-17T11:13:58,user371,/api/orders,384,404
2026-02-17T13:30:36,user47,/api/logout,305,301
2026-02-17T02:06:01,user456,/api/payments,366,503
2026-02-17T06:40:54,user25,/api/notifications,431,301
2026-02-17T00:16:06,user372,/api/payments,467,200
2026-02-17T06:34:36,user238,/api/payments,143,404
2026-02-17T21:04:49,user495,/api/payments,223,400
2026-02-17T17:12:05,user46,/api/analytics,1397,200
2026-02-17T19:21:15,user487,/api/payments,503,502
2026-02-17T09:32:29,user492,/api/search,1231,200
2026-02-17T18:59:26,user238,/api/upload,2006,200
2026-02-17T10:16:57,user245,/api/logout,306,403
2026-02-17T20:18:48,user418,/api/login,50,401
2026-02-17T04:45:18,user490,/api/analytics,386,200
2026-02-17T19:38:40,user286,/api/upload,2579,200
2026-02-17T22:04:40,user500,/api/login,229,200
2026-02-17T09:40:00,user331,/api/dashboard,231,503
2026-02-17T12:57:23,user315,/api/analytics,969,400
2026-02-17T22:57:23,user293,/api/orders,159,400
2026-02-17T14:46:02,user174,/api/dashboard,254,500
2026-02-17T17:09:59,user205,/api/notifications,143,301
2026-02-17T05:15:54,user202,/api/users,389,200
2026-02-17T11:03:07,user429,/api/settings,443,200
2026-02-17T10:31:44,user355,/api/search,1624,404
2026-02-17T23:28:59,user76,/api/products,130,400
2026-02-17T12:14:29,user209,/api/profile,394,403
2026-02-17T19:01:05,user285,/api/logout,278,503
2026-02-17T17:47:09,user341,/api/download,2712,503
2026-02-17T16:33:43,user232,/api/products,547,200
2026-02-17T23:53:33,user317,/api/login,356,502
2026-02-17T23:24:23,user496,/api/reports,145,301
2026-02-17T21:56:49,user62,/api/profile,532,401
2026-02-17T18:48:07,user175,/api/logout,543,502
2026-02-17T07:14:56,user166,/api/notifications,297,500
2026-02-17T12:03:02,user170,/api/logout,110,200
2026-02-17T13:06:19,user289,/api/login,250,404
2026-02-17T09:11:05,user91,/api/dashboard,429,401
2026-02-17T13:19:59,user23,/api/reports,293,200
2026-02-17T01:35:06,user217,/api/notifications,461,403
2026-02-17T20:38:54,user201,/api/analytics,324,200
2026-02-17T08:31:20,user159,/api/settings,115,200
2026-02-17T08:13:31,user100,/api/reports,63,502
2026-02-17T18:29:16,user16,/api/download,3294,502
2026-02-17T22:53:15,user129,/api/download,2674,400
2026-02-17T10:20:19,user140,/api/reports,450,301
2026-02-17T23:15:26,user93,/api/dashboard,366,200
2026-02-17T12:45:35,user379,/api/search,1471,200
2026-02-17T02:53:02,user97,/api/logout,244,301
2026-02-17T19:06:49,user184,/api/logout,378,503
2026-02-17T18:23:31,user105,/api/users,526,200
2026-02-17T13:57:16,user206,/api/analytics,791,502
2026-02-17T19:47:20,user313,/api/settings,219,200
2026-02-17T22:54:40,user202,/api/logout,119,200
2026-02-17T18:55:43,user35,/api/search,1033,503
2026-02-17T15:33:13,user441,/api/notifications,519,201
2026-02-17T07:08:17,user29,/api/download,1660,200
2026-02-17T20:22:12,user384,/api/analytics,1015,200
2026-02-17T02:03:23,user272,/api/profile,373,200
2026-02-17T17:35:04,user430,/api/settings,216,200
2026-02-17T18:29:20,user365,/api/analytics,770,200
2026-02-17T07:19:58,user254,/api/settings,220,400
2026-02-17T05:59:46,user193,/api/analytics,1264,200
2026-02-17T10:26:09,user107,/api/users,131,404
2026-02-17T04:36:14,user468,/api/profile,422,200
2026-02-17T01:24:07,user469,/api/dashboard,261,200
2026-02-17T15:32:59,user145,/api/search,985,502
2026-02-17T11:19:18,user51,/api/reports,237,200
2026-02-17T21:10:09,user17,/api/upload,2006,400
2026-02-17T21:08:35,user328,/api/download,1840,201
2026-02-17T17:05:12,user432,/api/users,350,500
2026-02-17T08:40:04,user14,/api/payments,541,201
2026-02-17T19:28:13,user61,/api/users,114,201
2026-02-17T09:11:41,user315,/api/payments,300,500
2026-02-17T12:40:36,user306,/api/logout,518,404
2026-02-17T02:09:27,user52,/api/analytics,536,502
2026-02-17T02:24:17,user480,/api/dashboard,537,200
2026-02-17T13:07:01,user357,/api/settings,298,500
2026-02-17T15:19:55,user243,/api/users,128,200
2026-02-17T11:50:51,user94,/api/login,250,200
2026-02-17T18:08:49,user18,/api/notifications,172,301
2026-02-17T03:25:41,user277,/api/download,2188,200
2026-02-17T03:49:08,user267,/api/search,710,200
2026-02-17T15:03:34,user494,/api/search,599,200
2026-02-17T21:13:20,user394,/api/reports,251,201
2026-02-17T04:06:54,user181,/api/users,468,200
2026-02-17T11:29:00,user354,/api/logout,490,200
2026-02-17T12:35:09,user79,/api/profile,255,201
2026-02-17T07:41:59,user327,/api/dashboard,427,401
2026-02-17T03:07:04,user155,/api/download,1269,500
2026-02-17T02:19:33,user375,/api/download,2356,500
2026-02-17T13:32:55,user465,/api/notifications,494,400
2026-02-17T00:30:23,user303,/api/profile,95,503
2026-02-17T18:01:21,user317,/api/users,231,503
2026-02-17T06:16:58,user283,/api/users,440,403
2026-02-17T17:24:01,user314,/api/dashboard,216,200
2026-02-17T03:05:12,user1,/api/payments,347,404
2026-02-17T06:51:35,user107,/api/search,672,401
2026-02-17T17:29:22,user305,/api/notifications,113,200
2026-02-17T10:09:33,user296,/api/settings,71,403
2026-02-17T02:24:10,user253,/api/logout,508,200
2026-02-17T08:35:56,user197,/api/settings,340,200
2026-02-17T22:37:48,user140,/api/upload,2744,200
2026-02-17T21:19:06,user131,/api/analytics,1075,403
2026-02-17T18:17:16,user399,/api/notifications,193,200
2026-02-17T10:20:11,user104,/api/settings,514,403
2026-02-17T16:32:38,user401,/api/dashboard,476,200
2026-02-17T21:46:17,user92,/api/dashboard,495,200
2026-02-17T01:19:29,user290,/api/users,269,403
2026-02-17T02:42:48,user138,/api/orders,519,200
2026-02-17T22:17:06,user284,/api/orders,324,200
2026-02-17T04:36:06,user449,/api/dashboard,110,400
2026-02-17T08:18:52,user1,/api/notifications,245,200
2026-02-17T15:55:05,user125,/api/login,314,200
2026-02-17T20:31:59,user469,/api/notifications,285,200
2026-02-17T15:05:53,user408,/api/users,545,200
2026-02-17T03:06:33,user485,/api/notifications,401,503
2026-02-17T14:14:17,user152,/api/logout,484,403
2026-02-17T04:32:37,user104,/api/upload,2910,503
2026-02-17T20:34:52,user118,/api/products,449,503
2026-02-17T12:56:02,user356,/api/orders,211,500
2026-02-17T01:30:23,user372,/api/notifications,529,502
2026-02-17T01:58:03,user6,/api/analytics,1190,404
2026-02-17T19:21:14,user21,/api/analytics,1666,401
2026-02-17T15:46:11,user245,/api/login,328,301
2026-02-17T12:53:56,user302,/api/reports,386,200
2026-02-17T12:27:18,user318,/api/profile,129,502
2026-02-17T22:54:43,user394,/api/login,256,200
2026-02-17T15:07:53,user424,/api/download,2049,201
2026-02-17T12:40:17,user147,/api/dashboard,481,200
2026-02-17T08:40:31,user64,/api/reports,127,201
2026-02-17T23:30:55,user461,/api/reports,241,503
2026-02-17T07:00:31,user190,/api/users,399,201
2026-02-17T13:26:23,user228,/api/orders,413,200
2026-02-17T08:06:50,user189,/api/orders,263,503
2026-02-17T12:33:08,user140,/api/payments,195,403
2026-02-17T21:29:03,user435,/api/download,916,200
2026-02-17T07:38:49,user456,/api/login,314,200
2026-02-17T17:29:30,user2,/api/users,177,200
2026-02-17T01:50:09,user391,/api/profile,510,400
2026-02-17T16:19:12,user448,/api/search,1595,404
2026-02-17T05:49:42,user7,/api/dashboard,90,200
2026-02-17T19:19:10,user439,/api/dashboard,316,401
2026-02-17T18:52:37,user433,/api/products,67,200
2026-02-17T17:34:56,user3,/api/dashboard,131,201
2026-02-17T18:58:24,user496,/api/notifications,55,200
2026-02-17T09:13:14,user316,/api/reports,272,200
2026-02-17T10:40:17,user500,/api/search,877,502
2026-02-17T23:55:13,user114,/api/profile,533,201
2026-02-17T09:01:53,user93,/api/orders,536,400
2026-02-17T23:29:35,user151,/api/search,653,200
2026-02-17T05:09:09,user111,/api/login,183,200
2026-02-17T20:29:14,user229,/api/orders,391,200
2026-02-17T17:53:28,user316,/api/reports,270,200
2026-02-17T11:36:32,user23,/api/reports,536,503
2026-02-17T15:45:38,user285,/api/analytics,1105,200
2026-02-17T12:10:00,user232,/api/upload,2160,500
2026-02-17T18:51:31,user14,/api/payments,379,403
2026-02-17T05:26:02,user193,/api/products,316,301
2026-02-17T07:14:06,user322,/api/search,1551,200
2026-02-17T05:37:11,user157,/api/analytics,696,503
2026-02-17T23:03:12,user165,/api/dashboard,283,502
2026-02-17T17:25:03,user402,/api/products,398,500
2026-02-17T12:34:44,user126,/api/login,178,400
2026-02-17T01:53:03,user490,/api/users,472,500
2026-02-17T09:56:42,user375,/api/settings,80,502
2026-02-17T04:10:23,user318,/api/reports,274,200
2026-02-17T18:28:16,user376,/api/orders,216,401
2026-02-17T08:09:36,user424,/api/search,914,503
2026-02-17T20:52:24,user81,/api/upload,2382,404
2026-02-17T11:52:17,user188,/api/users,223,403
2026-02-17T00:31:07,user48,/api/notifications,143,200
2026-02-17T02:24:34,user488,/api/orders,292,404
2026-02-17T01:49:13,user351,/api/logout,69,401
2026-02-17T07:07:36,user70,/api/dashboard,290,301
2026-02-17T09:41:47,user345,/api/notifications,450,502
2026-02-17T18:32:43,user491,/api/login,506,200
2026-02-17T00:56:30,user334,/api/logout,428,200
2026-02-17T21:40:54,user219,/api/orders,111,200
2026-02-17T05:08:54,user405,/api/dashboard,126,404
2026-02-17T13:12:18,user333,/api/reports,288,200
2026-02-17T09:51:09,user9,/api/download,1234,400
2026-02-17T10:40:26,user352,/api/download,2448,404
2026-02-17T19:33:06,user81,/api/dashboard,145,200
2026-02-17T01:23:48,user222,/api/login,91,400
2026-02-17T23:39:03,user401,/api/logout,371,200
2026-02-17T20:09:22,user200,/api/products,334,200
2026-02-17T05:50:50,user227,/api/logout,306,502
2026-02-17T10:32:06,user197,/api/analytics,1435,503
2026-02-17T16:48:02,user183,/api/orders,364,200
2026-02-17T04:14:49,user286,/api/analytics,765,503
2026-02-17T08:26:43,user431,/api/logout,529,200
2026-02-17T15:35:06,user174,/api/logout,544,200
2026-02-17T19:56:13,user347,/api/download,2185,500
2026-02-17T00:04:50,user2,/api/login,194,301
2026-02-17T06:09:41,user12,/api/dashboard,339,400
2026-02-17T19:45:15,user387,/api/orders,476,301
2026-02-17T15:59:00,user266,/api/upload,814,301
2026-02-17T21:26:51,user182,/api/users,196,404
2026-02-17T02:18:56,user163,/api/users,243,404
2026-02-17T23:32:13,user203,/api/analytics,519,200
2026-02-17T22:36:10,user455,/api/upload,577,200
2026-02-17T02:47:33,user419,/api/upload,2710,503
2026-02-17T23:42:31,user189,/api/logout,235,201
2026-02-17T04:46:23,user80,/api/search,432,503
2026-02-17T03:42:35,user307,/api/login,262,502
2026-02-17T08:10:27,user175,/api/profile,77,502
2026-02-17T21:15:09,user14,/api/settings,227,403
2026-02-17T21:49:32,user311,/api/profile,246,401
2026-02-17T06:30:44,user192,/api/users,482,201
2026-02-17T05:38:47,user471,/api/analytics,597,404
2026-02-17T18:57:45,user205,/api/orders,431,503
2026-02-17T02:05:56,user214,/api/download,2887,200
2026-02-17T01:46:11,user315,/api/login,260,502
2026-02-17T09:12:13,user231,/api/users,61,404
2026-02-17T17:29:32,user265,/api/dashboard,61,503
2026-02-17T01:10:23,user458,/api/settings,519,200
2026-02-17T15:24:48,user165,/api/analytics,461,200
2026-02-17T16:30:28,user197,/api/settings,105,201
2026-02-17T01:54:09,user438,/api/logout,445,500
2026-02-17T22:44:13,user207,/api/orders,410,500
2026-02-17T09:47:37,user277,/api/orders,211,404
2026-02-17T14:15:03,user159,/api/orders,221,500
2026-02-17T20:53:01,user429,/api/notifications,502,404
2026-02-17T19:17:08,user361,/api/users,409,200
2026-02-17T05:47:11,user107,/api/download,2691,400
2026-02-17T09:29:13,user180,/api/reports,263,400
2026-02-17T01:47:53,user237,/api/analytics,1504,403
2026-02-17T18:54:16,user352,/api/login,465,200
2026-02-17T12:31:56,user203,/api/profile,259,200
2026-02-17T16:18:36,user367,/api/users,396,500
2026-02-17T16:59:29,user38,/api/profile,186,502
2026-02-17T14:55:45,user308,/api/notifications,519,200
2026-02-17T07:49:14,user488,/api/notifications,376,200
2026-02-17T01:28:19,user184,/api/logout,548,200
2026-02-17T03:06:54,user365,/api/profile,393,201
2026-02-17T17:49:07,user359,/api/settings,520,200
2026-02-17T23:39:26,user147,/api/payments,404,200
2026-02-17T09:35:36,user211,/api/notifications,433,200
2026-02-17T20:46:55,user163,/api/settings,325,301
2026-02-17T07:53:07,user244,/api/upload,832,200
2026-02-17T22:25:33,user121,/api/download,3218,503
2026-02-17T13:05:06,user211,/api/dashboard,151,201
2026-02-17T06:18:57,user443,/api/reports,421,502
2026-02-17T02:46:57,user178,/api/profile,157,200
2026-02-17T06:55:54,user237,/api/profile,128,503
2026-02-17T14:54:41,user248,/api/login,481,400
2026-02-17T19:53:46,user326,/api/download,1587,301
2026-02-17T22:19:31,user334,/api/search,940,403
2026-02-17T13:20:52,user308,/api/logout,323,404
2026-02-17T10:02:50,user173,/api/dashboard,106,200
2026-02-17T07:10:21,user217,/api/download,2439,200
2026-02-17T20:40:36,user170,/api/orders,68,500
2026-02-17T02:33:07,user290,/api/download,2008,200
2026-02-17T13:52:33,user173,/api/logout,451,201
2026-02-17T07:48:45,user311,/api/search,1060,500
2026-02-17T19:36:03,user47,/api/download,2246,200
2026-02-17T07:28:46,user240,/api/orders,207,401
2026-02-17T07:20:42,user240,/api/analytics,1362,200
2026-02-17T01:43:52,user458,/api/payments,461,301
2026-02-17T17:46:48,user5,/api/notifications,490,400
2026-02-17T12:53:32,user68,/api/upload,750,400
2026-02-17T23:49:09,user331,/api/settings,482,200
2026-02-17T02:01:18,user409,/api/settings,263,401
2026-02-17T17:29:52,user234,/api/logout,235,404
2026-02-17T05:47:21,user346,/api/upload,1616,200
2026-02-17T14:09:24,user310,/api/login,245,200
2026-02-17T22:05:06,user399,/api/payments,81,400
2026-02-17T06:04:05,user461,/api/payments,445,200
2026-02-17T08:13:55,user67,/api/reports,478,200
2026-02-17T14:39:07,user266,/api/notifications,71,403
2026-02-17T07:18:20,user210,/api/upload,2404,400
2026-02-17T05:58:13,user94,/api/download,594,200
2026-02-17T14:27:42,user257,/api/settings,139,400
2026-02-17T17:24:37,user75,/api/logout,277,503
2026-02-17T05:08:50,user91,/api/orders,368,401
2026-02-17T08:15:59,user180,/api/search,785,403
2026-02-17T04:37:17,user389,/api/analytics,954,200
2026-02-17T07:37:41,user386,/api/login,368,403
2026-02-17T22:57:58,user337,/api/reports,371,403
2026-02-17T14:33:17,user446,/api/upload,2232,200
2026-02-17T05:10:15,user416,/api/settings,519,201
2026-02-17T15:08:12,user188,/api/notifications,501,400
2026-02-17T10:42:29,user74,/api/settings,468,500
2026-02-17T23:07:44,user98,/api/users,407,500
2026-02-17T15:54:02,user348,/api/reports,84,200
2026-02-17T07:54:47,user224,/api/notifications,487,200
2026-02-17T06:17:23,user470,/api/analytics,287,201
2026-02-17T20:12:47,user195,/api/login,347,403
2026-02-17T23:43:15,user423,/api/login,138,200
2026-02-17T15:26:06,user360,/api/payments,66,200
2026-02-17T02:30:54,user336,/api/notifications,507,500
2026-02-17T05:51:43,user247,/api/notifications,468,502
2026-02-17T19:25:58,user462,/api/notifications,50,503
2026-02-17T08:16:28,user303,/api/payments,50,502
2026-02-17T01:58:36,user455,/api/payments,167,200
2026-02-17T20:02:39,user182,/api/logout,125,200
2026-02-17T19:46:21,user268,/api/settings,262,500
2026-02-17T19:48:26,user193,/api/search,803,200
2026-02-17T05:41:57,user145,/api/dashboard,259,200
2026-02-17T14:21:50,user146,/api/orders,294,201
2026-02-17T03:15:18,user35,/api/dashboard,154,502
2026-02-17T04:34:35,user232,/api/reports,417,200
2026-02-17T12:52:53,user391,/api/profile,500,502
2026-02-17T01:34:09,user132,/api/payments,442,200
2026-02-17T01:30:54,user365,/api/settings,223,400
2026-02-17T13:31:21,user240,/api/analytics,860,200
2026-02-17T11:43:40,user377,/api/payments,160,201
2026-02-17T01:36:23,user268,/api/settings,411,403
2026-02-17T06:33:17,user188,/api/upload,3115,401
